dteday,instant,season,yr,mnth,holiday,weekday,workingday,weathersit,tempC,atempC,windMPH,hum_prop,casual,registered,cnt,temp,atemp,hum,windspeed
2011-01-01,1,1,0,1,0,6,0,2,8.175849,7.99925,10.749882,0.805833,331,654,985,0.344167,0.363625,0.805833,0.160446
2011-01-02,2,1,0,1,0,0,0,2,9.083466000000001,7.3467740000000035,16.652113,0.696087,131,670,801,0.363478,0.353739,0.696087,0.248539
2011-01-03,3,1,0,1,0,1,1,1,1.229108,-3.499270000000001,16.636703,0.437273,120,1229,1349,0.196364,0.189405,0.437273,0.248309
2011-01-04,4,1,0,1,0,2,1,1,1.4000000000000004,-1.9999479999999998,10.739832,0.590435,108,1454,1562,0.2,0.212122,0.590435,0.160296
2011-01-05,5,1,0,1,0,3,1,1,2.6669789999999995,-0.8681800000000006,12.522300000000001,0.436957,82,1518,1600,0.226957,0.22927,0.436957,0.1869
2011-01-06,6,1,0,1,0,4,1,1,1.6043559999999992,-0.6082059999999991,6.0008684,0.518261,88,1518,1606,0.204348,0.233209,0.518261,0.0895652
2011-01-07,7,1,0,1,0,5,1,2,1.2365340000000007,-2.2166259999999998,11.304642,0.498696,148,1362,1510,0.196522,0.208839,0.498696,0.168726
2011-01-08,8,1,0,1,0,6,0,2,-0.24499999999999922,-5.291236,17.875868,0.535833,68,891,959,0.165,0.162254,0.535833,0.266804
2011-01-09,9,1,0,1,0,0,0,1,-1.4983489999999993,-8.33245,24.25065,0.434167,54,768,822,0.138333,0.116175,0.434167,0.36195
2011-01-10,10,1,0,1,0,1,1,1,-0.9108490000000007,-6.041392,14.958889,0.482917,41,1280,1321,0.150833,0.150888,0.482917,0.223267
2011-01-11,11,1,0,1,0,2,1,2,-0.0527230000000003,-3.3633760000000006,8.182844000000001,0.686364,43,1220,1263,0.169091,0.191464,0.686364,0.122132
2011-01-12,12,1,0,1,0,3,1,1,0.11816899999999997,-5.408782,20.410009,0.599545,25,1137,1162,0.172727,0.160473,0.599545,0.304627
2011-01-13,13,1,0,1,0,4,1,1,-0.24499999999999922,-6.041722,20.166999999999998,0.470417,38,1368,1406,0.165,0.150883,0.470417,0.301
2011-01-14,14,1,0,1,0,5,1,1,-0.43910999999999945,-3.5647420000000007,8.478716,0.537826,54,1367,1421,0.16087,0.188413,0.537826,0.126548
2011-01-15,15,1,0,1,0,6,0,2,2.9666510000000006,0.3753920000000015,10.583521,0.49875,222,1026,1248,0.233333,0.248112,0.49875,0.157963
2011-01-16,16,1,0,1,0,0,0,1,2.888349,-0.5416779999999992,12.625010999999999,0.48375,251,953,1204,0.231667,0.234217,0.48375,0.188433
2011-01-17,17,1,0,1,1,1,0,2,0.264151,-4.333113999999998,12.999139,0.5375,117,883,1000,0.175833,0.176771,0.5375,0.194017
2011-01-18,18,1,0,1,0,2,1,2,2.1833489999999998,-0.6660219999999999,9.833924999999999,0.861667,9,674,683,0.216667,0.232333,0.861667,0.146775
2011-01-19,19,1,0,1,0,3,1,2,5.732177999999999,3.695852000000002,13.957239,0.741739,78,1572,1650,0.292174,0.298422,0.741739,0.208317
2011-01-20,20,1,0,1,0,4,1,2,4.298349,0.8333000000000013,13.125568,0.538333,83,1844,1927,0.261667,0.25505,0.538333,0.195904
2011-01-21,21,1,0,1,0,5,1,1,0.34249999999999936,-5.583022,23.667214,0.457083,75,1468,1543,0.1775,0.157833,0.457083,0.353242
2011-01-22,22,1,0,1,0,6,0,1,-5.2208711999999995,-10.7814064,11.52199,0.4,93,888,981,0.0591304,0.0790696,0.4,0.17197
2011-01-23,23,1,0,1,0,0,0,1,-3.4634801,-9.4766194,16.5222,0.436522,150,836,986,0.0965217,0.0988391,0.436522,0.2466
2011-01-24,24,1,0,1,0,1,1,1,-3.4226089,-8.21662,10.60811,0.491739,86,1330,1416,0.0973913,0.11793,0.491739,0.15833
2011-01-25,25,1,0,1,0,2,1,2,2.5034660000000013,-0.5212839999999996,8.696332,0.616957,186,1799,1985,0.223478,0.234526,0.616957,0.129796
2011-01-26,26,1,0,1,0,3,1,3,2.2225,-2.5624000000000002,19.68795,0.8625,34,472,506,0.2175,0.2036,0.8625,0.29385
2011-01-27,27,1,0,1,0,4,1,1,1.165000000000001,-1.4998000000000005,7.627078999999999,0.6875,15,416,431,0.195,0.2197,0.6875,0.113837
2011-01-28,28,1,0,1,0,5,1,2,1.563466,-1.2610780000000013,8.2611,0.793043,38,1129,1167,0.203478,0.223317,0.793043,0.1233
2011-01-29,29,1,0,1,0,6,0,1,1.2365340000000007,-1.9996840000000002,9.739455,0.651739,123,975,1098,0.196522,0.212126,0.651739,0.145365
2011-01-30,30,1,0,1,0,0,0,1,2.176534,0.5212520000000005,4.956834199999999,0.722174,140,956,1096,0.216522,0.250322,0.722174,0.0739826
2011-01-31,31,1,0,1,0,1,1,2,0.49915099999999946,-3.7074999999999996,12.541864,0.60375,42,1459,1501,0.180833,0.18625,0.60375,0.187192
2011-02-01,32,1,0,2,0,2,1,2,1.032178,-0.52102,3.565271,0.829565,47,1313,1360,0.192174,0.23453,0.829565,0.053213
2011-02-02,33,1,0,2,0,3,1,2,4.220000000000001,0.7915220000000005,17.708636,0.775417,72,1454,1526,0.26,0.254417,0.775417,0.264308
2011-02-03,34,1,0,2,0,4,1,1,0.7869790000000005,-4.260052,18.609384,0.437826,61,1489,1550,0.186957,0.177878,0.437826,0.277752
2011-02-04,35,1,0,2,0,5,1,2,1.9312880000000003,-0.913257999999999,8.565213,0.585217,88,1620,1708,0.211304,0.228587,0.585217,0.127839
2011-02-05,36,1,0,2,0,6,0,2,2.9666510000000006,0.041827999999998866,10.792293,0.929167,100,905,1005,0.233333,0.243058,0.929167,0.161079
2011-02-06,37,1,0,2,0,0,0,1,5.434151,3.2502860000000027,9.5006,0.568333,354,1269,1623,0.285833,0.291671,0.568333,0.1418
2011-02-07,38,1,0,2,0,1,1,1,4.768348999999999,4.041428,3.0423561,0.738333,120,1592,1712,0.271667,0.303658,0.738333,0.0454083
2011-02-08,39,1,0,2,0,2,1,1,2.3791510000000002,-2.9157639999999994,24.25065,0.537917,64,1466,1530,0.220833,0.198246,0.537917,0.36195
2011-02-09,40,1,0,2,0,3,1,2,-1.6651990000000003,-6.477322000000001,12.652213,0.494783,53,1552,1605,0.134783,0.144283,0.494783,0.188839
2011-02-10,41,1,0,2,0,4,1,1,-1.2156440000000002,-6.129832,14.869645,0.437391,47,1491,1538,0.144348,0.149548,0.437391,0.221935
2011-02-11,42,1,0,2,0,5,1,1,0.887277000000001,-1.9084059999999994,7.272849999999999,0.506364,149,1597,1746,0.189091,0.213509,0.506364,0.10855
2011-02-12,43,1,0,2,0,6,0,1,2.4574999999999996,-0.6250359999999997,13.625589,0.544167,288,1184,1472,0.2225,0.232954,0.544167,0.203367
2011-02-13,44,1,0,2,0,0,0,1,6.876534000000001,5.391458,17.479160999999998,0.457391,397,1192,1589,0.316522,0.324113,0.457391,0.260883
2011-02-14,45,1,0,2,0,1,1,1,11.504999999999999,10.2911,27.999836,0.375833,208,1705,1913,0.415,0.39835,0.375833,0.417908
2011-02-15,46,1,0,2,0,2,1,1,4.506089000000001,0.7820840000000011,19.522058,0.314348,140,1675,1815,0.266087,0.254274,0.314348,0.291374
2011-02-16,47,1,0,2,0,3,1,1,6.958267000000001,4.869199999999999,16.869996999999998,0.423478,218,1897,2115,0.318261,0.3162,0.423478,0.251791
2011-02-17,48,1,0,2,0,4,1,1,12.484151,12.291428,15.416968,0.505,259,2216,2475,0.435833,0.428658,0.505,0.230104
2011-02-18,49,1,0,2,0,5,1,1,16.518349,17.790878,17.749975000000003,0.516667,579,2348,2927,0.521667,0.511983,0.516667,0.264925
2011-02-19,50,1,0,2,0,6,0,1,10.760849,9.832663999999998,34.000021,0.187917,532,1103,1635,0.399167,0.391404,0.187917,0.507463
2011-02-20,51,1,0,2,0,0,0,1,5.405199,2.3037799999999997,14.956745,0.407826,639,1173,1812,0.285217,0.27733,0.407826,0.223235
2011-02-21,52,1,0,2,1,1,0,2,6.2566510000000015,2.7489500000000007,20.625682,0.605,195,912,1107,0.303333,0.284075,0.605,0.307846
2011-02-22,53,1,0,2,0,2,1,1,0.5644340000000003,-3.7218219999999995,13.110761,0.577778,74,1376,1450,0.182222,0.186033,0.577778,0.195683
2011-02-23,54,1,0,2,0,3,1,1,2.4217329999999997,0.21732199999999935,6.3055710000000005,0.423043,139,1778,1917,0.221739,0.245717,0.423043,0.094113
2011-02-24,55,1,0,2,0,4,1,2,5.895644000000001,3.0866059999999997,16.783231999999998,0.697391,100,1707,1807,0.295652,0.289191,0.697391,0.250496
2011-02-25,56,1,0,2,0,5,1,2,9.124355999999999,7.130426,23.218113,0.712174,120,1341,1461,0.364348,0.350461,0.712174,0.346539
2011-02-26,57,1,0,2,0,6,0,1,5.277499999999998,2.6246720000000003,12.500257,0.537917,424,1545,1969,0.2825,0.282192,0.537917,0.186571
2011-02-27,58,1,0,2,0,0,0,1,8.143466,7.173193999999999,8.391615999999999,0.68,694,1708,2402,0.343478,0.351109,0.68,0.125248
2011-02-28,59,1,0,2,0,1,1,2,11.141831,10.407787999999996,19.408962,0.876364,81,1365,1446,0.407273,0.400118,0.876364,0.289686
2011-03-01,60,1,0,3,0,2,1,1,4.533348999999999,1.416013999999997,14.500475,0.535,137,1714,1851,0.266667,0.263879,0.535,0.216425
2011-03-02,61,1,0,3,0,3,1,1,7.745000000000001,5.1246860000000005,20.624811,0.449583,231,1903,2134,0.335,0.320071,0.449583,0.307833
2011-03-03,62,1,0,3,0,4,1,1,1.321651000000001,-2.7912219999999994,15.125518000000001,0.318333,123,1562,1685,0.198333,0.200133,0.318333,0.225754
2011-03-04,63,1,0,3,0,5,1,2,4.298349,0.8748140000000006,13.624182,0.610417,214,1730,1944,0.261667,0.255679,0.610417,0.203346
2011-03-05,64,1,0,3,0,6,0,2,10.055848999999998,8.999413999999998,16.875357,0.789167,640,1437,2077,0.384167,0.378779,0.789167,0.251871
2011-03-06,65,1,0,3,0,0,0,2,9.696534,8.172632,23.000229,0.948261,114,491,605,0.376522,0.366252,0.948261,0.343287
2011-03-07,66,1,0,3,0,1,1,1,4.3017330000000005,-0.26157399999999953,22.870584,0.551304,244,1628,1872,0.261739,0.238461,0.551304,0.341352
2011-03-08,67,1,0,3,0,2,1,1,5.747499999999999,3.958400000000001,8.083549999999999,0.420833,316,1817,2133,0.2925,0.3024,0.420833,0.12065
2011-03-09,68,1,0,3,0,3,1,2,5.904151000000001,2.916127999999997,14.750050000000002,0.775417,191,1700,1891,0.295833,0.286608,0.775417,0.22015
2011-03-10,69,1,0,3,0,4,1,3,10.287277,9.454088000000002,17.545759,0,46,577,623,0.389091,0.385668,0,0.261877
2011-03-11,70,1,0,3,0,5,1,2,6.876534000000001,4.129999999999999,15.60899,0.649565,247,1730,1977,0.316522,0.305,0.649565,0.23297
2011-03-12,71,1,0,3,0,6,0,1,7.470848999999999,5.499499999999998,14.791924999999999,0.594583,724,1408,2132,0.329167,0.32575,0.594583,0.220775
2011-03-13,72,1,0,3,0,0,0,1,10.064356,9.086006000000001,18.130468,0.527391,982,1435,2417,0.384348,0.380091,0.527391,0.270604
2011-03-14,73,1,0,3,0,1,1,1,7.285198999999999,5.912000000000003,9.174042,0.496957,359,1687,2046,0.325217,0.332,0.496957,0.136926
2011-03-15,74,1,0,3,0,2,1,2,6.917376999999998,4.999748,12.348703,0.655652,289,1767,2056,0.317391,0.318178,0.655652,0.184309
2011-03-16,75,1,0,3,0,3,1,2,9.165199000000001,8.217379999999999,13.608839,0.776522,321,1871,2192,0.365217,0.36693,0.776522,0.203117
2011-03-17,76,1,0,3,0,4,1,1,11.504999999999999,11.081978,14.041792999999998,0.602917,424,2320,2744,0.415,0.410333,0.602917,0.209579
2011-03-18,77,1,0,3,0,5,1,1,17.380000000000003,18.782593999999996,15.478139,0.525217,884,2355,3239,0.54,0.527009,0.525217,0.231017
2011-03-19,78,1,0,3,0,6,0,1,14.2075,14.790650000000003,24.667189,0.379167,1424,1693,3117,0.4725,0.466525,0.379167,0.368167
2011-03-20,79,1,0,3,0,0,0,1,7.627500000000001,5.499499999999998,13.917307,0.47375,1047,1424,2471,0.3325,0.32575,0.47375,0.207721
2011-03-21,80,2,0,3,0,1,1,2,12.230445,11.04251,19.348461,0.737391,401,1676,2077,0.430435,0.409735,0.737391,0.288783
2011-03-22,81,2,0,3,0,2,1,1,12.758348999999999,13.082372,15.125250000000001,0.624583,460,2243,2703,0.441667,0.440642,0.624583,0.22575
2011-03-23,82,2,0,3,0,3,1,2,8.306979000000002,6.303974,15.695487,0.839565,203,1918,2121,0.346957,0.337939,0.839565,0.234261
2011-03-24,83,2,0,3,0,4,1,2,5.395,1.8749779999999987,16.333729,0.805833,166,1699,1865,0.285,0.270833,0.805833,0.243787
2011-03-25,84,2,0,3,0,5,1,1,4.415849,0.9165919999999979,15.458575000000002,0.495,300,1910,2210,0.264167,0.256312,0.495,0.230725
2011-03-26,85,2,0,3,0,6,0,1,4.494150999999999,0.9996860000000005,14.041257,0.394167,981,1515,2496,0.265833,0.257571,0.394167,0.209571
2011-03-27,86,2,0,3,0,0,0,2,3.893021000000001,0.5223739999999992,12.348099999999999,0.493913,472,1221,1693,0.253043,0.250339,0.493913,0.1843
2011-03-28,87,2,0,3,0,1,1,1,4.424356000000001,0.9998840000000015,14.217668,0.302174,222,1806,2028,0.264348,0.257574,0.302174,0.212204
2011-03-29,88,2,0,3,0,2,1,1,6.217499999999999,3.3319280000000013,15.208732,0.314167,317,2108,2425,0.3025,0.292908,0.314167,0.226996
2011-03-30,89,2,0,3,0,3,1,2,6.1,3.6250999999999998,11.583495999999998,0.646667,168,1368,1536,0.3,0.29735,0.646667,0.17288799999999999
2011-03-31,90,2,0,3,0,4,1,3,4.611651,0.9999499999999983,14.582282000000001,0.918333,179,1506,1685,0.268333,0.257575,0.918333,0.217646
2011-04-01,91,2,0,4,0,5,1,2,6.1,2.7079640000000005,17.333436,0.68625,307,1920,2227,0.3,0.283454,0.68625,0.258708
2011-04-02,92,2,0,4,0,6,0,2,6.805,4.832042000000001,13.208782,0.65375,898,1354,2252,0.315,0.315637,0.65375,0.197146
2011-04-03,93,2,0,4,0,0,0,1,9.781651,8.998622000000001,12.208271000000002,0.48,1651,1598,3249,0.378333,0.378767,0.48,0.18221300000000001
2011-04-04,94,2,0,4,0,1,1,1,18.946651,19.833314,25.833257,0.42625,734,2381,3115,0.573333,0.542929,0.42625,0.385571
2011-04-05,95,2,0,4,0,2,1,2,11.465848999999999,10.2911,26.000488999999998,0.642083,167,1628,1795,0.414167,0.39835,0.642083,0.388067
2011-04-06,96,2,0,4,0,3,1,1,10.369150999999999,9.582128,17.625221,0.470833,413,2395,2808,0.390833,0.387608,0.470833,0.263063
2011-04-07,97,2,0,4,0,4,1,1,12.5625,12.623936,10.874904,0.602917,571,2570,3141,0.4375,0.433696,0.602917,0.162312
2011-04-08,98,2,0,4,0,5,1,2,7.784151,5.4156140000000015,15.208464,0.83625,172,1299,1471,0.335833,0.324479,0.83625,0.226992
2011-04-09,99,2,0,4,0,6,0,2,8.0975,6.540914000000001,8.916561,0.8775,879,1576,2455,0.3425,0.341529,0.8775,0.133083
2011-04-10,100,2,0,4,0,0,0,2,12.053349,12.164641999999997,9.833389,0.8575,1188,1707,2895,0.426667,0.426737,0.8575,0.146767
2011-04-11,101,2,0,4,0,1,1,2,19.995644,21.304322,21.739758,0.716956,855,2493,3348,0.595652,0.565217,0.716956,0.324474
2011-04-12,102,2,0,4,0,2,1,2,15.617499999999996,16.541564,18.416892999999998,0.739167,257,1777,2034,0.5025,0.493054,0.739167,0.274879
2011-04-13,103,2,0,4,0,3,1,2,11.3875,11.540678,16.791338999999997,0.819167,209,1953,2162,0.4125,0.417283,0.819167,0.250617
2011-04-14,104,2,0,4,0,4,1,1,13.9725,14.540972,7.4169,0.540417,529,2738,3267,0.4675,0.462742,0.540417,0.1107
2011-04-15,105,2,0,4,1,5,0,1,12.993348999999998,13.166258,15.167124999999999,0.67125,642,2484,3126,0.446667,0.441913,0.67125,0.226375
2011-04-16,106,2,0,4,0,6,0,3,12.249151000000001,12.082472,22.834136,0.888333,121,674,795,0.430833,0.425492,0.888333,0.340808
2011-04-17,107,2,0,4,0,0,0,1,13.463349000000001,13.415935999999999,20.334232,0.479583,1558,2186,3744,0.456667,0.445696,0.479583,0.303496
2011-04-18,108,2,0,4,0,1,1,1,16.0875,17.207636,10.958988999999999,0.5425,669,2760,3429,0.5125,0.503146,0.5425,0.163567
2011-04-19,109,2,0,4,0,2,1,2,15.774151,16.291028000000004,10.584057,0.665833,409,2795,3204,0.505833,0.489258,0.665833,0.157971
2011-04-20,110,2,0,4,0,3,1,1,19.965,21.249872000000003,16.208975,0.614167,613,3331,3944,0.595,0.564392,0.614167,0.241925
2011-04-21,111,2,0,4,0,4,1,1,13.580849,13.956872,21.792286,0.407083,745,3444,4189,0.459167,0.453892,0.407083,0.325258
2011-04-22,112,2,0,4,0,5,1,2,7.823349,5.248964000000001,14.707906999999999,0.729583,177,1506,1683,0.336667,0.321954,0.729583,0.219521
2011-04-23,113,2,0,4,0,6,0,2,13.620000000000001,13.707985999999998,15.458575000000002,0.887917,1462,2574,4036,0.46,0.450121,0.887917,0.230725
2011-04-24,114,2,0,4,0,0,0,2,19.338349,20.416358000000002,12.875725000000001,0.810833,1710,2481,4191,0.581667,0.551763,0.810833,0.192175
2011-04-25,115,2,0,4,0,1,1,1,20.513348999999998,21.917,12.417311,0.776667,773,3300,4073,0.606667,0.5745,0.776667,0.185333
2011-04-26,116,2,0,4,0,2,1,1,21.688349,23.209478000000004,21.875500000000002,0.729167,678,3722,4400,0.631667,0.594083,0.729167,0.3265
2011-04-27,117,2,0,4,0,3,1,2,21.14,21.959372000000002,20.917399999999997,0.835417,547,3325,3872,0.62,0.575142,0.835417,0.3122
2011-04-28,118,2,0,4,0,4,1,2,21.0225,22.209314,21.500836000000003,0.700833,569,3489,4058,0.6175,0.578929,0.700833,0.320908
2011-04-29,119,2,0,4,0,5,1,1,15.969999999999999,16.832558,16.084221,0.457083,878,3717,4595,0.51,0.497463,0.457083,0.240063
2011-04-30,120,2,0,4,0,6,0,1,14.2075,14.625386000000002,15.750025,0.503333,1965,3347,5312,0.4725,0.464021,0.503333,0.235075
2011-05-01,121,2,0,5,0,0,0,2,13.228348999999998,13.581464,7.125718,0.762083,1138,2213,3351,0.451667,0.448204,0.762083,0.106354
2011-05-02,122,2,0,5,0,1,1,2,17.810848999999997,19.166978,12.291418,0.73,847,3554,4401,0.549167,0.532833,0.73,0.183454
2011-05-03,123,2,0,5,0,2,1,2,20.983348999999997,22.417214,22.958689,0.697083,603,3848,4451,0.616667,0.582079,0.697083,0.342667
2011-05-04,124,2,0,5,0,3,1,2,11.465848999999999,10.706900000000001,22.042732,0.737083,255,2378,2633,0.414167,0.40465,0.737083,0.328996
2011-05-05,125,2,0,5,0,4,1,1,13.580849,13.166522,19.791263999999998,0.444167,614,3819,4433,0.459167,0.441917,0.444167,0.295392
2011-05-06,126,2,0,5,0,5,1,1,14.520849000000002,15.291722,15.292482,0.59,894,3714,4608,0.479167,0.474117,0.59,0.228246
2011-05-07,127,2,0,5,0,6,0,1,16.44,17.832986,10.750150000000001,0.54125,1612,3102,4714,0.52,0.512621,0.54125,0.16045
2011-05-08,128,2,0,5,0,0,0,1,16.831651,18.249578,5.0007125,0.631667,1401,2932,4333,0.528333,0.518933,0.631667,0.0746375
2011-05-09,129,2,0,5,0,1,1,1,17.0275,18.666235999999998,11.792,0.58875,664,3698,4362,0.5325,0.525246,0.58875,0.176
2011-05-10,130,2,0,5,0,2,1,1,17.0275,18.499586,7.749956999999999,0.489167,694,4109,4803,0.5325,0.522721,0.489167,0.115671
2011-05-11,131,2,0,5,0,3,1,1,17.4975,18.8744,8.083014,0.632917,550,3632,4182,0.5425,0.5284,0.632917,0.120642
2011-05-12,132,2,0,5,0,4,1,1,17.145000000000003,18.541958,12.707689,0.7475,695,4169,4864,0.535,0.523363,0.7475,0.189667
2011-05-13,133,2,0,5,0,5,1,2,16.0875,16.623800000000003,12.041575,0.863333,692,3413,4105,0.5125,0.4943,0.863333,0.179725
2011-05-14,134,2,0,5,0,6,0,2,16.479150999999998,17.041514,9.041649999999999,0.9225,902,2507,3409,0.520833,0.500629,0.9225,0.13495
2011-05-15,135,2,0,5,0,0,0,2,18.4375,19.376000000000005,10.249593,0.867083,1582,2971,4553,0.5625,0.536,0.867083,0.152979
2011-05-16,136,2,0,5,0,1,1,1,19.142500000000002,20.333792000000003,8.500357000000001,0.787917,773,3185,3958,0.5775,0.550512,0.787917,0.126871
2011-05-17,137,2,0,5,0,2,1,2,18.398349,19.542914000000003,18.582718,0.837917,678,3445,4123,0.561667,0.538529,0.837917,0.277354
2011-05-18,138,2,0,5,0,3,1,2,17.85,18.792428,13.499964,0.87,536,3319,3855,0.55,0.527158,0.87,0.201492
2011-05-19,139,2,0,5,0,4,1,2,16.949151,17.708972000000003,7.250271000000001,0.829583,735,3840,4575,0.530833,0.510742,0.829583,0.108213
2011-05-20,140,2,0,5,0,5,1,1,17.223349,18.916772,8.375871,0.719583,909,4008,4917,0.536667,0.529042,0.719583,0.125013
2011-05-21,141,2,0,5,0,6,0,1,20.317500000000003,21.750349999999997,8.083549999999999,0.626667,2258,3547,5805,0.6025,0.571975,0.626667,0.12065
2011-05-22,142,2,0,5,0,0,0,1,20.395849000000002,21.917,9.916536,0.749583,1576,3084,4660,0.604167,0.5745,0.749583,0.148008
2011-05-23,143,2,0,5,0,1,1,2,21.688349,22.959536,15.667413999999999,0.81,836,3438,4274,0.631667,0.590296,0.81,0.233842
2011-05-24,144,2,0,5,0,2,1,2,23.020000000000003,23.917658000000003,13.875164,0.740833,659,3833,4492,0.66,0.604813,0.740833,0.207092
2011-05-25,145,2,0,5,0,3,1,1,23.059151,24.625772000000005,10.333611000000001,0.69625,740,4238,4978,0.660833,0.615542,0.69625,0.154233
2011-05-26,146,2,0,5,0,4,1,1,25.291651,27.209408000000003,13.376014,0.6775,758,3919,4677,0.708333,0.654688,0.6775,0.19964199999999999
2011-05-27,147,2,0,5,0,5,1,1,24.038349000000004,26.042528000000004,16.125493,0.65375,871,3808,4679,0.681667,0.637008,0.65375,0.240679
2011-05-28,148,2,0,5,0,6,0,1,22.824151,24.417014000000002,15.416164,0.729583,2001,2757,4758,0.655833,0.612379,0.729583,0.230092
2011-05-29,149,2,0,5,0,0,0,1,23.3725,24.6263,14.333846,0.81875,2355,2433,4788,0.6675,0.61555,0.81875,0.213938
2011-05-30,150,2,0,5,1,1,0,1,26.466651,28.292072000000005,8.792075,0.685,1549,2549,4098,0.733333,0.671092,0.685,0.131225
2011-05-31,151,2,0,5,0,2,1,1,28.425000000000004,31.875278,7.459042999999999,0.636667,673,3309,3982,0.775,0.725383,0.636667,0.111329
2011-06-01,152,2,0,6,0,3,1,2,27.915849,31.583822000000005,13.875164,0.677083,513,3461,3974,0.764167,0.720967,0.677083,0.207092
2011-06-02,153,2,0,6,0,4,1,1,25.604999999999997,26.500172,19.583229000000003,0.305,736,4232,4968,0.715,0.643942,0.305,0.292287
2011-06-03,154,2,0,6,0,5,1,1,21.14,22.750778000000004,16.959107,0.354167,898,4414,5312,0.62,0.587133,0.354167,0.253121
2011-06-04,155,2,0,6,0,6,0,1,21.845,23.249935999999998,8.250514,0.45625,1869,3473,5342,0.635,0.594696,0.45625,0.123142
2011-06-05,156,2,0,6,0,0,0,2,22.471651,24.709063999999998,9.292364000000001,0.6525,1685,3221,4906,0.648333,0.616804,0.6525,0.138692
2011-06-06,157,2,0,6,0,1,1,1,23.881650999999998,25.042628,8.167032,0.6,673,3875,4548,0.678333,0.621858,0.6,0.121896
2011-06-07,158,2,0,6,0,2,1,1,25.252499999999998,27.292700000000004,12.583136,0.597917,763,4070,4833,0.7075,0.65595,0.597917,0.187808
2011-06-08,159,2,0,6,0,3,1,1,28.464151,32.000414,9.166739,0.622083,676,3725,4401,0.775833,0.727279,0.622083,0.136817
2011-06-09,160,2,0,6,0,4,1,2,29.991650999999997,34.000214,10.042161,0.568333,563,3352,3915,0.808333,0.757579,0.568333,0.149883
2011-06-10,161,2,0,6,0,5,1,1,27.485,30.417272000000004,9.417118,0.605,815,3771,4586,0.755,0.703292,0.605,0.140554
2011-06-11,162,2,0,6,0,6,0,1,26.074999999999996,28.750508000000004,10.374949999999998,0.654583,1729,3237,4966,0.725,0.678038,0.654583,0.15485
2011-06-12,163,2,0,6,0,0,0,1,24.5475,26.459450000000004,10.958988999999999,0.747917,1467,2993,4460,0.6925,0.643325,0.747917,0.163567
2011-06-13,164,2,0,6,0,1,1,1,21.845,23.709164,20.45845,0.494583,863,4157,5020,0.635,0.601654,0.494583,0.30535
2011-06-14,165,2,0,6,0,2,1,1,20.395849000000002,23.042036000000003,18.041961,0.507083,727,4164,4891,0.604167,0.591546,0.507083,0.269283
2011-06-15,166,2,0,6,0,3,1,1,21.453349,22.791764,11.250104,0.471667,769,4411,5180,0.626667,0.587754,0.471667,0.167912
2011-06-16,167,2,0,6,0,4,1,2,21.531651,23.292836,13.833556999999999,0.688333,545,3222,3767,0.628333,0.595346,0.688333,0.206471
2011-06-17,168,2,0,6,0,5,1,1,22.510849000000004,23.625278,9.582942999999998,0.735833,863,3981,4844,0.649167,0.600383,0.735833,0.143029
2011-06-18,169,2,0,6,0,6,0,1,24.743349000000002,26.500964000000003,8.000336,0.670417,1807,3312,5119,0.696667,0.643954,0.670417,0.119408
2011-06-19,170,2,0,6,0,0,0,2,24.860849,26.625836,6.834,0.666667,1639,3105,4744,0.699167,0.645846,0.666667,0.102
2011-06-20,171,2,0,6,0,1,1,2,21.845,23.292836,10.416825,0.74625,699,3311,4010,0.635,0.595346,0.74625,0.155475
2011-06-21,172,3,0,6,0,2,1,2,23.999151,26.084636000000003,11.458675000000001,0.770417,774,4061,4835,0.680833,0.637646,0.770417,0.171025
2011-06-22,173,3,0,6,0,3,1,1,26.466651,29.792714000000004,11.541554,0.7075,661,3846,4507,0.733333,0.693829,0.7075,0.172262
2011-06-23,174,3,0,6,0,4,1,2,26.231651,29.792978000000005,15.999868,0.703333,746,4044,4790,0.728333,0.693833,0.703333,0.238804
2011-06-24,175,3,0,6,0,5,1,1,26.035849,27.334478000000004,14.875675,0.573333,969,4022,4991,0.724167,0.656583,0.573333,0.222025
2011-06-25,176,3,0,6,0,6,0,1,24.665,26.458658,14.041257,0.483333,1782,3420,5202,0.695,0.643313,0.483333,0.209571
2011-06-26,177,3,0,6,0,0,0,1,23.96,26.083514,6.3337311,0.513333,1920,3385,5305,0.68,0.637629,0.513333,0.0945333
2011-06-27,178,3,0,6,0,1,1,2,24.0775,26.042264000000003,7.2083960000000005,0.658333,854,3854,4708,0.6825,0.637004,0.658333,0.107588
2011-06-28,179,3,0,6,0,2,1,1,26.975849000000004,29.708827999999997,9.666960999999999,0.634167,732,3916,4648,0.744167,0.692558,0.634167,0.144283
2011-06-29,180,3,0,6,0,3,1,1,26.231651,27.209408000000003,17.542007,0.497917,848,4377,5225,0.728333,0.654688,0.497917,0.261821
2011-06-30,181,3,0,6,0,4,1,1,24.743349000000002,26.042528000000004,12.415904000000001,0.434167,1027,4488,5515,0.696667,0.637008,0.434167,0.185312
2011-07-01,182,3,0,7,0,5,1,1,25.957500000000003,27.042692000000002,6.874736,0.39625,1246,4116,5362,0.7225,0.652162,0.39625,0.102608
2011-07-02,183,3,0,7,0,6,0,1,26.701651,28.042327999999998,7.709154,0.444583,2204,2915,5119,0.738333,0.667308,0.444583,0.115062
2011-07-03,184,3,0,7,0,0,0,2,25.683349,28.125950000000003,15.333486,0.6825,2282,2367,4649,0.716667,0.668575,0.6825,0.228858
2011-07-04,185,3,0,7,1,1,0,2,26.153349,27.917522000000005,5.4591064000000005,0.637917,3065,2978,6043,0.726667,0.665417,0.637917,0.0814792
2011-07-05,186,3,0,7,0,2,1,1,27.093348999999996,29.958308000000002,8.459286,0.590417,1031,3634,4665,0.746667,0.696338,0.590417,0.126258
2011-07-06,187,3,0,7,0,3,1,1,25.839999999999996,29.251778,10.042161,0.743333,784,3845,4629,0.72,0.685633,0.743333,0.149883
2011-07-07,188,3,0,7,0,4,1,1,27.25,29.333486,10.666400000000001,0.65125,754,3838,4592,0.75,0.686871,0.65125,0.1592
2011-07-08,189,3,0,7,0,5,1,2,25.330849,28.251878000000005,15.083643,0.757917,692,3348,4040,0.709167,0.670483,0.757917,0.225129
2011-07-09,190,3,0,7,0,6,0,1,26.466651,27.834428000000003,11.250104,0.609167,1988,3348,5336,0.733333,0.664158,0.609167,0.167912
2011-07-10,191,3,0,7,0,0,0,1,27.1325,29.541649999999997,12.292557,0.578333,1743,3138,4881,0.7475,0.690025,0.578333,0.183471
2011-07-11,192,3,0,7,0,1,1,1,27.8375,32.167064,18.916579,0.635833,723,3363,4086,0.7625,0.729804,0.635833,0.282337
2011-07-12,193,3,0,7,0,2,1,1,29.325848999999998,32.79215,13.417017999999999,0.559167,662,3596,4258,0.794167,0.739275,0.559167,0.200254
2011-07-13,194,3,0,7,0,3,1,1,27.093348999999996,29.500664,9.790911000000001,0.631667,748,3594,4342,0.746667,0.689404,0.631667,0.146133
2011-07-14,195,3,0,7,0,4,1,1,23.999151,25.916863999999997,16.124689,0.47625,888,4196,5084,0.680833,0.635104,0.47625,0.240667
2011-07-15,196,3,0,7,0,5,1,1,23.176650999999996,25.208486,12.249811,0.59125,1318,4220,5538,0.663333,0.624371,0.59125,0.182833
2011-07-16,197,3,0,7,0,6,0,1,24.273349000000003,26.125358,13.958914,0.585,2418,3505,5923,0.686667,0.638263,0.585,0.208342
2011-07-17,198,3,0,7,0,0,0,1,25.800849,28.208978000000002,16.417211000000002,0.604167,2006,3296,5302,0.719167,0.669833,0.604167,0.245033
2011-07-18,199,3,0,7,0,1,1,1,27.093348999999996,30.459050000000005,14.458867999999999,0.65125,841,3617,4458,0.746667,0.703925,0.65125,0.215804
2011-07-19,200,3,0,7,0,2,1,1,28.503349,33.333614,8.7502,0.650417,752,3789,4541,0.776667,0.747479,0.650417,0.1306
2011-07-20,201,3,0,7,0,3,1,1,28.111651000000002,33.2921,7.625739,0.707083,644,3688,4332,0.768333,0.74685,0.707083,0.113817
2011-07-21,202,3,0,7,0,4,1,2,30.305,38.540486,14.875407,0.69125,632,3152,3784,0.815,0.826371,0.69125,0.222021
2011-07-22,203,3,0,7,0,5,1,1,31.871651,39.499136,8.9177,0.580417,562,2825,3387,0.848333,0.840896,0.580417,0.1331
2011-07-23,204,3,0,7,0,6,0,1,31.910849,37.082941999999996,8.791807,0.5,987,2298,3285,0.849167,0.804287,0.5,0.131221
2011-07-24,205,3,0,7,0,0,0,1,31.009999999999998,36.458714,11.334456999999999,0.550833,1050,2556,3606,0.83,0.794829,0.550833,0.169171
2011-07-25,206,3,0,7,0,1,1,1,26.936650999999998,31.583228,6.0841560999999995,0.757083,568,3272,3840,0.743333,0.720958,0.757083,0.0908083
2011-07-26,207,3,0,7,0,2,1,1,28.268349,30.000614,13.417285999999999,0.540833,750,3840,4590,0.771667,0.696979,0.540833,0.200258
2011-07-27,208,3,0,7,0,3,1,1,28.425000000000004,29.584022000000004,12.292020999999998,0.402917,755,3901,4656,0.775,0.690667,0.402917,0.183463
2011-07-28,209,3,0,7,0,4,1,1,28.620849,32.8334,11.958093,0.583333,606,3784,4390,0.779167,0.7399,0.583333,0.178479
2011-07-29,210,3,0,7,0,5,1,1,31.401651,35.873822,11.667245999999999,0.5425,670,3176,3846,0.838333,0.785967,0.5425,0.174138
2011-07-30,211,3,0,7,0,6,0,1,29.795848999999997,32.083442,11.291979,0.465833,1559,2916,4475,0.804167,0.728537,0.465833,0.168537
2011-07-31,212,3,0,7,0,0,0,1,29.874150999999998,32.166536,11.042470999999999,0.480833,1524,2778,4302,0.805833,0.729796,0.480833,0.164813
2011-08-01,213,3,0,8,0,1,1,1,28.268349,30.417272000000004,10.500039,0.550833,729,3537,4266,0.771667,0.703292,0.550833,0.156717
2011-08-02,214,3,0,8,0,2,1,1,28.816651,30.666686,13.79195,0.49125,801,4044,4845,0.783333,0.707071,0.49125,0.20585
2011-08-03,215,3,0,8,0,3,1,2,26.388348999999998,28.875842,9.084061,0.6575,467,3107,3574,0.731667,0.679937,0.6575,0.135583
2011-08-04,216,3,0,8,0,4,1,2,25.369999999999997,27.876008000000006,13.20905,0.7575,799,3777,4576,0.71,0.664788,0.7575,0.19715
2011-08-05,217,3,0,8,0,5,1,1,25.409151,27.333422,12.374632,0.630833,1023,3843,4866,0.710833,0.656567,0.630833,0.184696
2011-08-06,218,3,0,8,0,6,0,2,25.683349,28.626164000000003,15.29275,0.755,1521,2773,4294,0.716667,0.676154,0.755,0.22825
2011-08-07,219,3,0,8,0,0,0,1,26.8975,31.209272000000006,13.499629,0.752917,1298,2487,3785,0.7425,0.715292,0.752917,0.201487
2011-08-08,220,3,0,8,0,1,1,1,27.955,30.416677999999997,12.875725000000001,0.592083,846,3480,4326,0.765,0.703283,0.592083,0.192175
2011-08-09,221,3,0,8,0,2,1,1,28.425000000000004,31.791986,10.125107,0.570417,907,3695,4602,0.775,0.724121,0.570417,0.151121
2011-08-10,222,3,0,8,0,3,1,1,28.033349,29.208878,13.417285999999999,0.424167,884,3896,4780,0.766667,0.684983,0.424167,0.200258
2011-08-11,223,3,0,8,0,4,1,1,25.722500000000004,27.000386,11.041332,0.42375,812,3980,4792,0.7175,0.651521,0.42375,0.164796
2011-08-12,224,3,0,8,0,5,1,1,25.291651,27.166772,8.416607,0.415,1051,3854,4905,0.708333,0.654042,0.415,0.125621
2011-08-13,225,3,0,8,0,6,0,2,24.234151000000004,26.626628000000004,14.167418,0.729583,1504,2646,4150,0.685833,0.645858,0.729583,0.211454
2011-08-14,226,3,0,8,0,0,0,2,23.803349,25.209608000000003,14.916411,0.8175,1338,2482,3820,0.676667,0.624388,0.8175,0.222633
2011-08-15,227,3,0,8,0,1,1,1,23.294151,24.667022000000003,13.999918,0.712083,775,3563,4338,0.665833,0.616167,0.712083,0.208954
2011-08-16,228,3,0,8,0,2,1,1,24.939151000000003,26.625242,15.834043000000001,0.578333,721,4004,4725,0.700833,0.645837,0.578333,0.236329
2011-08-17,229,3,0,8,0,3,1,1,25.996651,28.000286000000003,9.625689,0.575417,668,4026,4694,0.723333,0.666671,0.575417,0.143667
2011-08-18,230,3,0,8,0,4,1,1,25.448349,27.709028000000004,15.624936,0.654583,639,3166,3805,0.711667,0.662258,0.654583,0.233208
2011-08-19,231,3,0,8,0,5,1,2,24.195,25.792586,9.333635999999998,0.722917,797,3356,4153,0.685,0.633221,0.722917,0.139308
2011-08-20,232,3,0,8,0,6,0,1,24.7825,26.833736000000002,6.999289,0.674167,1914,3277,5191,0.6975,0.648996,0.674167,0.104467
2011-08-21,233,3,0,8,0,0,0,1,25.409151,28.584650000000003,16.666518,0.77,1249,2624,3873,0.710833,0.675525,0.77,0.248754
2011-08-22,234,3,0,8,0,1,1,1,24.508349000000003,26.124764,18.54225,0.47,833,3925,4758,0.691667,0.638254,0.47,0.27675
2011-08-23,235,3,0,8,0,2,1,1,22.119151,24.000422,9.833121,0.455417,1281,4614,5895,0.640833,0.606067,0.455417,0.146763
2011-08-24,236,3,0,8,0,3,1,1,23.646651,25.625672,16.958236,0.605,949,4181,5130,0.673333,0.630692,0.605,0.253108
2011-08-25,237,3,0,8,0,4,1,2,24.155848999999996,26.626364000000002,14.125810999999999,0.771667,435,3107,3542,0.684167,0.645854,0.771667,0.210833
2011-08-26,238,3,0,8,0,5,1,1,24.9,27.542378,5.625487499999999,0.76125,768,3893,4661,0.7,0.659733,0.76125,0.0839625
2011-08-27,239,3,0,8,0,6,0,2,23.96,25.946696000000003,25.166338999999997,0.85,226,889,1115,0.68,0.635556,0.85,0.375617
2011-08-28,240,3,0,8,0,0,0,1,25.231772999999997,26.765293999999997,20.412153,0.561765,1415,2919,4334,0.707059,0.647959,0.561765,0.304659
2011-08-29,241,3,0,8,0,1,1,1,21.923348999999998,24.125228,10.708275,0.554583,729,3905,4634,0.636667,0.607958,0.554583,0.159825
2011-08-30,242,3,0,8,0,2,1,1,22.040849,23.250464,8.375536,0.548333,775,4429,5204,0.639167,0.594704,0.548333,0.125008
2011-08-31,243,3,0,8,0,3,1,1,22.863349,24.333986000000003,5.5833311,0.597917,688,4370,5058,0.656667,0.611121,0.597917,0.0833333
2011-09-01,244,3,0,9,0,4,1,1,22.785,24.584786,9.500332,0.639167,783,4332,5115,0.655,0.614921,0.639167,0.141796
2011-09-02,245,3,0,9,0,5,1,2,22.236651000000002,23.917327999999998,9.375243,0.727083,875,3852,4727,0.643333,0.604808,0.727083,0.139929
2011-09-03,246,3,0,9,0,6,0,1,23.450848999999998,25.792058000000004,12.416775,0.716667,1935,2549,4484,0.669167,0.633213,0.716667,0.185325
2011-09-04,247,3,0,9,0,0,0,1,25.330849,27.918314000000002,13.833289,0.742083,2521,2419,4940,0.709167,0.665429,0.742083,0.206467
2011-09-05,248,3,0,9,1,1,0,2,23.646651,25.292636,14.250632,0.790417,1236,2115,3351,0.673333,0.625646,0.790417,0.212696
2011-09-06,249,3,0,9,0,2,1,3,17.380000000000003,18.0032,23.044181,0.886957,204,2506,2710,0.54,0.5152,0.886957,0.343943
2011-09-07,250,3,0,9,0,3,1,3,20.160849,19.919114,6.500393600000001,0.917083,118,1878,1996,0.599167,0.544229,0.917083,0.0970208
2011-09-08,251,3,0,9,0,4,1,3,21.793910999999998,20.653826000000002,12.914116,0.939565,153,1689,1842,0.633913,0.555361,0.939565,0.192748
2011-09-09,252,3,0,9,0,5,1,2,22.55,22.210435999999994,8.333393000000001,0.897917,417,3127,3544,0.65,0.578946,0.897917,0.124379
2011-09-10,253,3,0,9,0,6,0,1,23.020000000000003,24.125492,10.291736,0.75375,1750,3595,5345,0.66,0.607962,0.75375,0.153608
2011-09-11,254,3,0,9,0,0,0,1,22.706651,24.209114,7.708618,0.71375,1633,3413,5046,0.653333,0.609229,0.71375,0.115054
2011-09-12,255,3,0,9,0,1,1,1,22.284356000000002,23.74058,5.957171000000001,0.692174,690,4023,4713,0.644348,0.60213,0.692174,0.088913
2011-09-13,256,3,0,9,0,2,1,1,22.589151,23.834564,9.500868,0.7125,701,4062,4763,0.650833,0.603554,0.7125,0.141804
2011-09-14,257,3,0,9,0,3,1,1,23.646651,25.3754,11.2091,0.697083,647,4138,4785,0.673333,0.6269,0.697083,0.1673
2011-09-15,258,3,0,9,0,4,1,2,19.142500000000002,20.542286000000004,18.166782,0.709167,428,3231,3659,0.5775,0.553671,0.709167,0.271146
2011-09-16,259,3,0,9,0,5,1,2,14.050849,14.457350000000002,11.000261,0.590417,742,4018,4760,0.469167,0.461475,0.590417,0.164183
2011-09-17,260,3,0,9,0,6,0,2,15.108349,15.581792,12.708225,0.718333,1434,3077,4511,0.491667,0.478512,0.718333,0.189675
2011-09-18,261,3,0,9,0,0,0,1,15.8525,16.375442,11.958361,0.695,1353,2921,4274,0.5075,0.490537,0.695,0.178483
2011-09-19,262,3,0,9,0,1,1,2,17.810848999999997,18.958550000000002,10.166713999999999,0.69,691,3848,4539,0.549167,0.529675,0.69,0.151742
2011-09-20,263,3,0,9,0,2,1,2,18.398349,19.126322000000002,9.041917999999999,0.88125,438,3203,3641,0.561667,0.532217,0.88125,0.134954
2011-09-21,264,3,0,9,0,3,1,2,19.965,20.335178000000006,6.4590814,0.9,539,3813,4352,0.595,0.550533,0.9,0.0964042
2011-09-22,265,3,0,9,0,4,1,2,21.531651,20.627558,8.584375,0.902083,555,4240,4795,0.628333,0.554963,0.902083,0.128125
2011-09-23,266,4,0,9,0,5,1,2,20.630849,18.460249999999995,5.2505689,0.9725,258,2137,2395,0.609167,0.522125,0.9725,0.0783667
2011-09-24,267,4,0,9,0,6,0,2,20.513348999999998,21.251192000000003,5.2516811,0.8625,1776,3647,5423,0.606667,0.564412,0.8625,0.0783833
2011-09-25,268,4,0,9,0,0,0,2,21.805849000000002,21.794041999999997,3.3754064,0.845,1544,3466,5010,0.634167,0.572637,0.845,0.0503792
2011-09-26,269,4,0,9,0,1,1,2,22.510849000000004,22.876771999999995,7.4169,0.848333,684,3946,4630,0.649167,0.589042,0.848333,0.1107
2011-09-27,270,4,0,9,0,2,1,2,21.923348999999998,21.91865,7.917457,0.885417,477,3643,4120,0.636667,0.574525,0.885417,0.118171
2011-09-28,271,4,0,9,0,3,1,2,21.845,21.960427999999993,9.958143000000002,0.84875,480,3427,3907,0.635,0.575158,0.84875,0.148629
2011-09-29,272,4,0,9,0,4,1,1,20.983348999999997,21.917792,11.583161,0.699167,653,4186,4839,0.616667,0.574512,0.699167,0.172883
2011-09-30,273,4,0,9,0,5,1,1,18.515849,19.958714,13.833825,0.6475,830,4372,5202,0.564167,0.544829,0.6475,0.206475
2011-10-01,274,4,0,10,0,6,0,2,11.27,11.248957999999998,19.583832,0.75375,480,1949,2429,0.41,0.412863,0.75375,0.292296
2011-10-02,275,4,0,10,0,0,0,2,8.763349000000002,6.790921999999998,14.874870999999999,0.791667,616,2302,2918,0.356667,0.345317,0.791667,0.222013
2011-10-03,276,4,0,10,0,1,1,2,10.055848999999998,9.875036000000001,5.5841686,0.760833,330,3240,3570,0.384167,0.392046,0.760833,0.0833458
2011-10-04,277,4,0,10,0,2,1,1,14.755849000000001,15.208628000000001,13.792218,0.71,486,3970,4456,0.484167,0.472858,0.71,0.205854
2011-10-05,278,4,0,10,0,3,1,1,17.301650999999996,18.791108,11.87575,0.647917,559,4267,4826,0.538333,0.527138,0.647917,0.17725
2011-10-06,279,4,0,10,0,4,1,1,15.225849,15.70805,9.041917999999999,0.620833,639,4126,4765,0.494167,0.480425,0.620833,0.134954
2011-10-07,280,4,0,10,0,5,1,1,16.009151,17.290664,1.5002439,0.684167,949,4036,4985,0.510833,0.504404,0.684167,0.0223917
2011-10-08,281,4,0,10,0,6,0,1,16.518349,17.873971999999995,3.0420814,0.70125,2235,3174,5409,0.521667,0.513242,0.70125,0.0454042
2011-10-09,282,4,0,10,0,0,0,1,17.419151,18.582878,4.251150000000001,0.7275,2397,3114,5511,0.540833,0.523983,0.7275,0.06345
2011-10-10,283,4,0,10,1,1,0,1,18.829151000000003,19.83305,2.8343814,0.73375,1514,3603,5117,0.570833,0.542925,0.73375,0.0423042
2011-10-11,284,4,0,10,0,2,1,2,18.633349000000003,20.042336,9.583814,0.80875,667,3896,4563,0.566667,0.546096,0.80875,0.143042
2011-10-12,285,4,0,10,0,3,1,3,17.536651,18.169322,16.62605,0.90625,217,2199,2416,0.543333,0.517717,0.90625,0.24815
2011-10-13,286,4,0,10,0,4,1,2,19.690849,20.419064,9.499729,0.896667,290,2623,2913,0.589167,0.551804,0.896667,0.141787
2011-10-14,287,4,0,10,0,5,1,2,17.889151000000002,18.958550000000002,15.000161,0.71625,529,3115,3644,0.550833,0.529675,0.71625,0.223883
2011-10-15,288,4,0,10,0,6,0,1,15.813348999999999,16.91585,17.291561,0.483333,1899,3318,5217,0.506667,0.498725,0.483333,0.258083
2011-10-16,289,4,0,10,0,0,0,1,16.048348999999998,17.208163999999996,18.875039,0.486667,1748,3293,5041,0.511667,0.503154,0.486667,0.281717
2011-10-17,290,4,0,10,0,1,1,1,17.105849,17.70785,11.750393,0.579583,713,3857,4570,0.534167,0.510725,0.579583,0.175379
2011-10-18,291,4,0,10,0,2,1,2,17.0275,18.499586,7.375829,0.701667,637,4111,4748,0.5325,0.522721,0.701667,0.110087
2011-10-19,292,4,0,10,0,3,1,3,17.461733,17.913967999999997,16.303713,0.895217,254,2170,2424,0.541739,0.513848,0.895217,0.243339
2011-10-20,293,4,0,10,0,4,1,1,14.364151,14.790650000000003,28.292425,0.63625,471,3724,4195,0.475833,0.466525,0.63625,0.422275
2011-10-21,294,4,0,10,0,5,1,1,12.092500000000001,11.957335999999998,14.833532,0.574167,676,3628,4304,0.4275,0.423596,0.574167,0.221396
2011-10-22,295,4,0,10,0,6,0,1,11.857499999999998,12.082472,6.2086689,0.629167,1499,2809,4308,0.4225,0.425492,0.629167,0.0926667
2011-10-23,296,4,0,10,0,0,0,1,11.818349000000001,11.873978000000001,6.6673375,0.74125,1619,2762,4381,0.421667,0.422333,0.74125,0.0995125
2011-10-24,297,4,0,10,0,1,1,1,13.776651000000001,14.166422,7.959064,0.772083,699,3488,4187,0.463333,0.457067,0.772083,0.118792
2011-10-25,298,4,0,10,0,2,1,1,14.168349,14.582749999999997,11.166086,0.622917,695,3992,4687,0.471667,0.463375,0.622917,0.166658
2011-10-26,299,4,0,10,0,3,1,2,14.755849000000001,15.207836,9.959014,0.720417,404,3490,3894,0.484167,0.472846,0.720417,0.148642
2011-10-27,300,4,0,10,0,4,1,2,14.09,14.165036,13.250121,0.812917,240,2419,2659,0.47,0.457046,0.812917,0.197763
2011-10-28,301,4,0,10,0,5,1,2,7.549151,5.041591999999998,15.375093,0.585833,456,3291,3747,0.330833,0.318812,0.585833,0.229479
2011-10-29,302,4,0,10,0,6,0,3,3.945848999999999,-0.9577419999999996,23.541857,0.8825,57,570,627,0.254167,0.227913,0.8825,0.351371
2011-10-30,303,4,0,10,0,0,0,1,7.000848999999999,5.207713999999999,11.833339,0.62375,885,2446,3331,0.319167,0.321329,0.62375,0.176617
2011-10-31,304,4,0,10,0,1,1,1,7.98,7.5001580000000025,7.12545,0.703333,362,3307,3669,0.34,0.356063,0.703333,0.10635
2011-11-01,305,4,0,11,0,2,1,1,10.839151000000001,10.207808,9.083257,0.68375,410,3658,4068,0.400833,0.397088,0.68375,0.135571
2011-11-02,306,4,0,11,0,3,1,1,9.7425,9.748778000000001,5.5001439,0.71875,370,3816,4186,0.3775,0.390133,0.71875,0.0820917
2011-11-03,307,4,0,11,0,4,1,1,11.191651,10.790785999999997,9.166739,0.702083,318,3656,3974,0.408333,0.405921,0.702083,0.136817
2011-11-04,308,4,0,11,0,5,1,2,10.956651,10.623871999999999,18.209193,0.6225,470,3576,4046,0.403333,0.403392,0.6225,0.271779
2011-11-05,309,4,0,11,0,6,0,1,7.353349,5.374364,12.667154,0.519167,1156,2770,3926,0.326667,0.323854,0.519167,0.189062
2011-11-06,310,4,0,11,0,0,0,1,8.371651,7.915628000000002,6.1676314,0.734583,952,2697,3649,0.348333,0.362358,0.734583,0.0920542
2011-11-07,311,4,0,11,0,1,1,1,10.565000000000001,10.457486,3.834075,0.75875,373,3662,4035,0.395,0.400871,0.75875,0.057225
2011-11-08,312,4,0,11,0,2,1,1,11.191651,11.208236,4.6255125,0.721667,376,3829,4205,0.408333,0.412246,0.721667,0.0690375
2011-11-09,313,4,0,11,0,3,1,1,10.8,10.999214000000002,4.1671186,0.758333,305,3804,4109,0.4,0.409079,0.758333,0.0621958
2011-11-10,314,4,0,11,0,4,1,2,9.86,8.665586000000001,12.667489000000002,0.813333,190,2743,2933,0.38,0.373721,0.813333,0.189067
2011-11-11,315,4,0,11,1,5,0,1,7.235849,4.2499220000000015,21.083225,0.44625,440,2928,3368,0.324167,0.306817,0.44625,0.314675
2011-11-12,316,4,0,11,0,6,0,1,8.763349000000002,7.624171999999998,14.208154,0.552917,1275,2792,4067,0.356667,0.357942,0.552917,0.212062
2011-11-13,317,4,0,11,0,0,0,1,12.719151,12.4163,18.875307,0.458333,1004,2713,3717,0.440833,0.43055,0.458333,0.281721
2011-11-14,318,4,0,11,0,1,1,1,16.91,18.624392,20.541932,0.587083,595,3891,4486,0.53,0.524612,0.587083,0.306596
2011-11-15,319,4,0,11,0,2,1,2,16.91,17.500214,13.375411,0.68875,449,3746,4195,0.53,0.507579,0.68875,0.199633
2011-11-16,320,4,0,11,0,3,1,3,13.463349000000001,13.831208,9.167543,0.93,145,1672,1817,0.456667,0.451988,0.93,0.136829
2011-11-17,321,4,0,11,0,4,1,2,8.058349,5.332585999999999,20.459254,0.575833,139,2914,3053,0.341667,0.323221,0.575833,0.305362
2011-11-18,322,4,0,11,0,5,1,1,4.885849,1.9995860000000008,11.291711,0.41,245,3147,3392,0.274167,0.272721,0.41,0.168533
2011-11-19,323,4,0,11,0,6,0,1,7.470848999999999,5.415878000000003,15.041232,0.502083,943,2720,3663,0.329167,0.324483,0.502083,0.224496
2011-11-20,324,4,0,11,0,0,0,2,13.776651000000001,14.165828000000001,12.45865,0.684583,787,2733,3520,0.463333,0.457058,0.684583,0.18595
2011-11-21,325,4,0,11,0,1,1,3,13.032499999999999,13.374092000000001,9.249618,0.91,220,2545,2765,0.4475,0.445062,0.91,0.138054
2011-11-22,326,4,0,11,0,2,1,3,11.583349000000002,11.831936000000002,7.959064,0.9625,69,1538,1607,0.416667,0.421696,0.9625,0.118792
2011-11-23,327,4,0,11,0,3,1,2,12.719151,12.415441999999999,22.500275,0.757917,112,2454,2566,0.440833,0.430537,0.757917,0.335825
2011-11-24,328,4,0,11,1,4,0,1,9.546651,8.583086000000002,11.209368000000001,0.549167,560,935,1495,0.373333,0.372471,0.549167,0.167304
2011-11-25,329,4,0,11,0,5,1,1,9.625,9.124285999999998,6.6260186,0.64375,1095,1697,2792,0.375,0.380671,0.64375,0.0988958
2011-11-26,330,4,0,11,0,6,0,1,9.664151,9.415742000000002,4.5841936,0.681667,1249,1819,3068,0.375833,0.385087,0.681667,0.0684208
2011-11-27,331,4,0,11,0,0,0,1,13.580849,14.082799999999999,13.999918,0.698333,810,2261,3071,0.459167,0.4558,0.698333,0.208954
2011-11-28,332,4,0,11,0,1,1,1,15.663466,16.348052000000003,9.522174,0.743043,253,3614,3867,0.503478,0.490122,0.743043,0.142122
2011-11-29,333,4,0,11,0,2,1,2,13.541650999999998,13.790750000000003,17.292164,0.830833,96,2818,2914,0.458333,0.451375,0.830833,0.258092
2011-11-30,334,4,0,11,0,3,1,1,7.275,4.540586000000001,18.167586,0.613333,188,3425,3613,0.325,0.311221,0.613333,0.271158
2011-12-01,335,4,0,12,0,4,1,1,6.6875,4.166564000000001,14.750586,0.524583,182,3545,3727,0.3125,0.305554,0.524583,0.220158
2011-12-02,336,4,0,12,0,5,1,1,6.765848999999999,5.874578,6.750518,0.625833,268,3672,3940,0.314167,0.331433,0.625833,0.100754
2011-12-03,337,4,0,12,0,6,0,1,6.060849000000001,4.499863999999999,6.4174811,0.612917,706,2908,3614,0.299167,0.310604,0.612917,0.0957833
2011-12-04,338,4,0,12,0,0,0,1,7.549151,7.040600000000001,5.6252061,0.775833,634,2851,3485,0.330833,0.3491,0.775833,0.0839583
2011-12-05,339,4,0,12,0,1,1,2,10.134151,9.99905,4.1679561000000005,0.827083,233,3578,3811,0.385833,0.393925,0.827083,0.0622083
2011-12-06,340,4,0,12,0,2,1,3,13.7375,14.122399999999999,15.583061,0.949583,126,2468,2594,0.4625,0.4564,0.949583,0.232583
2011-12-07,341,4,0,12,0,3,1,3,11.27,10.416235999999998,17.833725,0.970417,50,655,705,0.41,0.400246,0.970417,0.266175
2011-12-08,342,4,0,12,0,4,1,1,4.494150999999999,0.9579079999999998,16.083886,0.58,150,3172,3322,0.265833,0.256938,0.58,0.240058
2011-12-09,343,4,0,12,0,5,1,1,5.669151000000001,4.9577719999999985,5.5420189,0.695833,261,3359,3620,0.290833,0.317542,0.695833,0.0827167
2011-12-10,344,4,0,12,0,6,0,1,4.925000000000001,1.5831920000000004,15.625807,0.5075,502,2688,3190,0.275,0.266412,0.5075,0.233221
2011-12-11,345,4,0,12,0,0,0,1,2.3791510000000002,0.708164,4.458293899999999,0.49,377,2366,2743,0.220833,0.253154,0.49,0.0665417
2011-12-12,346,4,0,12,0,1,1,1,3.201651,1.8329360000000001,4.251150000000001,0.670833,143,3167,3310,0.238333,0.270196,0.670833,0.06345
2011-12-13,347,4,0,12,0,2,1,1,5.277499999999998,3.875108000000001,9.41685,0.59,155,3368,3523,0.2825,0.301138,0.59,0.14055
2011-12-14,348,4,0,12,0,3,1,2,6.922499999999999,6.331892,4.0842061,0.66375,178,3562,3740,0.3175,0.338362,0.66375,0.0609583
2011-12-15,349,4,0,12,0,4,1,2,11.857499999999998,11.207642,17.958814,0.634167,181,3528,3709,0.4225,0.412237,0.634167,0.268042
2011-12-16,350,4,0,12,0,5,1,2,9.625,7.748450000000002,17.458525,0.500417,178,3399,3577,0.375,0.359825,0.500417,0.260575
2011-12-17,351,4,0,12,0,6,0,2,4.1416509999999995,0.4584860000000006,16.292189,0.560833,275,2464,2739,0.258333,0.249371,0.560833,0.243167
2011-12-18,352,4,0,12,0,0,0,1,3.201651,0.20821399999999812,11.375193000000001,0.58625,220,2211,2431,0.238333,0.245579,0.58625,0.169779
2011-12-19,353,4,0,12,0,1,1,1,5.003349,2.5415779999999977,11.584031999999999,0.6375,260,3143,3403,0.276667,0.280933,0.6375,0.172896
2011-12-20,354,4,0,12,0,2,1,2,10.134151,10.165963999999999,4.1252436,0.595417,216,3534,3750,0.385833,0.396454,0.595417,0.0615708
2011-12-21,355,1,0,12,0,3,1,2,12.131651000000002,12.249122,14.8338,0.858333,107,2553,2660,0.428333,0.428017,0.858333,0.2214
2011-12-22,356,1,0,12,0,4,1,2,11.896651000000002,12.123986000000002,3.1674249999999997,0.7575,227,2841,3068,0.423333,0.426121,0.7575,0.047275
2011-12-23,357,1,0,12,0,5,1,1,9.546651,8.915858,18.374482,0.68625,163,2046,2209,0.373333,0.377513,0.68625,0.274246
2011-12-24,358,1,0,12,0,6,0,1,6.217499999999999,3.7499719999999996,12.750368,0.5425,155,856,1011,0.3025,0.299242,0.5425,0.190304
2011-12-25,359,1,0,12,0,0,0,1,4.914801000000001,2.4774260000000012,10.391097,0.681304,303,451,754,0.274783,0.279961,0.681304,0.155091
2011-12-26,360,1,0,12,1,1,0,1,7.121732999999999,4.825310000000002,16.044155,0.506957,430,887,1317,0.321739,0.315535,0.506957,0.239465
2011-12-27,361,1,0,12,0,2,1,2,7.275,5.6237780000000015,12.62615,0.7625,103,1059,1162,0.325,0.327633,0.7625,0.18845
2011-12-28,362,1,0,12,0,3,1,1,6.05911,2.4782839999999986,19.695386999999997,0.50391300000000006,255,2047,2302,0.29913,0.279974,0.50391300000000006,0.293961
2011-12-29,363,1,0,12,0,4,1,1,3.6716510000000007,1.4168720000000015,8.000604000000001,0.574167,254,2169,2423,0.248333,0.263892,0.574167,0.119412
2011-12-30,364,1,0,12,0,5,1,1,6.648349000000001,5.041591999999998,9.000579,0.636667,491,2508,2999,0.311667,0.318812,0.636667,0.134337
2011-12-31,365,1,0,12,0,6,0,1,11.27,11.331986,14.750318,0.615833,665,1820,2485,0.41,0.414121,0.615833,0.220154
2012-01-01,366,1,1,1,0,0,0,1,9.39,8.790986,12.875189,0.6925,686,1608,2294,0.37,0.375621,0.6925,0.192167
2012-01-02,367,1,1,1,1,1,0,1,4.833020999999999,0.6520639999999993,22.087555,0.381304,244,1707,1951,0.273043,0.252304,0.381304,0.329665
2012-01-03,368,1,1,1,0,2,1,1,-0.9500000000000002,-7.665850000000001,24.499957000000002,0.44125,89,2147,2236,0.15,0.126275,0.44125,0.365671
2012-01-04,369,1,1,1,0,3,1,2,-2.9475,-8.123758,12.3749,0.414583,95,2273,2368,0.1075,0.119337,0.414583,0.1847
2012-01-05,370,1,1,1,0,4,1,1,4.494150999999999,2.3751919999999984,8.709128999999999,0.524167,140,3132,3272,0.265833,0.278412,0.524167,0.129987
2012-01-06,371,1,1,1,0,5,1,1,7.705848999999999,6.457622000000001,11.249836,0.542083,307,3791,4098,0.334167,0.340267,0.542083,0.167908
2012-01-07,372,1,1,1,0,6,0,1,10.486650999999998,9.791414,11.708786,0.531667,1070,3451,4521,0.393333,0.390779,0.531667,0.174758
2012-01-08,373,1,1,1,0,0,0,1,7.862500000000001,6.457028000000001,12.833314,0.465,599,2826,3425,0.3375,0.340258,0.465,0.191542
2012-01-09,374,1,1,1,0,1,1,2,2.5358490000000007,0.33361400000000074,6.6263000000000005,0.701667,106,2270,2376,0.224167,0.247479,0.701667,0.0989
2012-01-10,375,1,1,1,0,2,1,1,6.508712000000001,5.042515999999999,12.565984,0.646522,173,3425,3598,0.308696,0.318826,0.646522,0.187552
2012-01-11,376,1,1,1,0,3,1,2,4.885849,2.6661859999999997,8.791807,0.8475,92,2085,2177,0.274167,0.282821,0.8475,0.131221
2012-01-12,377,1,1,1,0,4,1,2,9.9775,9.207908,12.124789,0.802917,269,3828,4097,0.3825,0.381938,0.802917,0.180967
2012-01-13,378,1,1,1,0,5,1,1,4.885849,0.4578920000000011,25.333236,0.5075,174,3040,3214,0.274167,0.249362,0.5075,0.378108
2012-01-14,379,1,1,1,0,6,0,1,0.4599999999999991,-3.916257999999999,12.541260999999999,0.4575,333,2160,2493,0.18,0.183087,0.4575,0.187183
2012-01-15,380,1,1,1,0,0,0,1,-0.16665099999999988,-5.332750000000001,16.834286,0.419167,284,2027,2311,0.166667,0.161625,0.419167,0.251258
2012-01-16,381,1,1,1,1,1,0,1,0.9299999999999997,-3.4162420000000004,15.500986000000001,0.5225,217,2081,2298,0.19,0.190663,0.5225,0.231358
2012-01-17,382,1,1,1,0,2,1,2,9.533021000000002,8.042348,23.39171,0.716087,127,2808,2935,0.373043,0.364278,0.716087,0.34913
2012-01-18,383,1,1,1,0,3,1,1,6.2566510000000015,2.1667640000000006,27.833743,0.443333,109,3267,3376,0.303333,0.275254,0.443333,0.415429
2012-01-19,384,1,1,1,0,4,1,1,0.9299999999999997,-3.4574919999999985,14.750586,0.4975,130,3162,3292,0.19,0.190038,0.4975,0.220158
2012-01-20,385,1,1,1,0,5,1,2,2.2225,-1.4167720000000017,13.58425,0.45,115,3048,3163,0.2175,0.220958,0.45,0.20275
2012-01-21,386,1,1,1,0,6,0,2,0.14665099999999853,-4.45825,14.917014,0.83125,67,1234,1301,0.173333,0.174875,0.83125,0.222642
2012-01-22,387,1,1,1,0,0,0,2,-0.3624999999999998,-5.291499999999999,13.375746000000001,0.79625,196,1781,1977,0.1625,0.16225,0.79625,0.199638
2012-01-23,388,1,1,1,0,1,1,2,2.2616510000000005,0.041827999999998866,7.417436,0.91125,145,2287,2432,0.218333,0.243058,0.91125,0.110708
2012-01-24,389,1,1,1,0,2,1,1,8.0975,7.041127999999997,8.292389,0.835833,439,3900,4339,0.3425,0.349108,0.835833,0.123767
2012-01-25,390,1,1,1,0,3,1,1,5.825849,3.4581860000000013,10.791756999999999,0.64375,467,3803,4270,0.294167,0.294821,0.64375,0.161071
2012-01-26,391,1,1,1,0,4,1,2,8.058349,7.499299999999998,4.9175186,0.769583,244,3831,4075,0.341667,0.35605,0.769583,0.0733958
2012-01-27,392,1,1,1,0,5,1,2,11.974999999999998,11.415278,22.958689,0.74125,269,3187,3456,0.425,0.415383,0.74125,0.342667
2012-01-28,393,1,1,1,0,6,0,1,6.844150999999998,5.541013999999997,14.125542999999999,0.543333,775,3248,4023,0.315833,0.326379,0.543333,0.210829
2012-01-29,394,1,1,1,0,0,0,1,5.277499999999998,1.9995860000000008,16.08335,0.31125,558,2685,3243,0.2825,0.272721,0.31125,0.24005
2012-01-30,395,1,1,1,0,1,1,1,4.650848999999999,1.3332499999999996,14.458064,0.400833,126,3498,3624,0.269167,0.262625,0.400833,0.215792
2012-01-31,396,1,1,1,0,2,1,1,10.330000000000002,9.166922,17.541739,0.416667,324,4185,4509,0.39,0.381317,0.416667,0.261817
2012-02-01,397,1,1,2,0,3,1,1,14.050849,14.791508,12.667489000000002,0.507917,304,4275,4579,0.469167,0.466538,0.507917,0.189067
2012-02-02,398,1,1,2,0,4,1,2,10.760849,10.332086,12.541528999999999,0.672917,190,3571,3761,0.399167,0.398971,0.672917,0.187187
2012-02-03,399,1,1,2,0,5,1,1,6.726650999999999,4.416836,11.959232,0.526667,310,3841,4151,0.313333,0.309346,0.526667,0.178496
2012-02-04,400,1,1,2,0,6,0,2,4.415849,1.9998499999999986,8.167032,0.779583,384,2448,2832,0.264167,0.272725,0.779583,0.121896
2012-02-05,401,1,1,2,0,0,0,2,4.494150999999999,1.4583860000000008,11.791732000000001,0.687917,318,2629,2947,0.265833,0.264521,0.687917,0.175996
2012-02-06,402,1,1,2,0,1,1,1,5.282622999999999,3.564116000000002,10.304599999999999,0.622174,206,3578,3784,0.282609,0.296426,0.622174,0.1538
2012-02-07,403,1,1,2,0,2,1,1,8.645849000000002,7.832863999999997,9.874393000000001,0.49625,199,4176,4375,0.354167,0.361104,0.49625,0.147379
2012-02-08,404,1,1,2,0,3,1,2,4.063348999999999,1.583786,8.959307,0.722917,109,2693,2802,0.256667,0.266421,0.722917,0.133721
2012-02-09,405,1,1,2,0,4,1,1,4.455,1.291208000000001,13.000478999999999,0.562083,163,3667,3830,0.265,0.261988,0.562083,0.194037
2012-02-10,406,1,1,2,0,5,1,2,5.1991510000000005,3.374828000000001,7.834243000000001,0.54,227,3604,3831,0.280833,0.293558,0.54,0.116929
2012-02-11,407,1,1,2,0,6,0,3,2.5358490000000007,-2.0827779999999994,19.416332,0.73125,192,1977,2169,0.224167,0.210867,0.73125,0.289796
2012-02-12,408,1,1,2,0,0,0,1,-2.0075000000000003,-9.290572000000001,27.417204,0.464583,73,1456,1529,0.1275,0.101658,0.464583,0.409212
2012-02-13,409,1,1,2,0,1,1,1,2.4574999999999996,-0.9577419999999996,11.207961,0.41125,94,3328,3422,0.2225,0.227913,0.41125,0.167283
2012-02-14,410,1,1,2,0,2,1,2,7.000848999999999,6.040436,9.458993,0.50875,135,3787,3922,0.319167,0.333946,0.50875,0.141179
2012-02-15,411,1,1,2,0,3,1,1,8.371651,7.207514000000003,12.167200000000001,0.53125,141,4028,4169,0.348333,0.351629,0.53125,0.1816
2012-02-16,412,1,1,2,0,4,1,2,6.883348999999999,5.790692,6.125475000000001,0.752917,74,2931,3005,0.316667,0.330162,0.752917,0.091425
2012-02-17,413,1,1,2,0,5,1,1,8.136651,7.207514000000003,13.791682,0.634583,349,3805,4154,0.343333,0.351629,0.634583,0.205846
2012-02-18,414,1,1,2,0,6,0,1,8.293349,7.45805,12.792243,0.534583,1435,2883,4318,0.346667,0.355425,0.534583,0.190929
2012-02-19,415,1,1,2,0,0,0,2,5.160000000000002,1.5420080000000027,16.958504,0.515833,618,2071,2689,0.28,0.265788,0.515833,0.253112
2012-02-20,416,1,1,2,1,1,0,1,5.160000000000002,2.043806,15.348561,0.507826,502,2627,3129,0.28,0.273391,0.507826,0.229083
2012-02-21,417,1,1,2,0,2,1,1,5.5278220000000005,3.477458000000002,13.783039,0.594348,163,3614,3777,0.287826,0.295113,0.594348,0.205717
2012-02-22,418,1,1,2,0,3,1,1,10.604150999999998,9.916021999999998,15.709557,0.567917,394,4379,4773,0.395833,0.392667,0.567917,0.234471
2012-02-23,419,1,1,2,0,4,1,1,13.345849000000001,13.333435999999999,12.791171,0.554583,516,4546,5062,0.454167,0.444446,0.554583,0.190913
2012-02-24,420,1,1,2,0,5,1,2,11.1525,11.124085999999998,15.916989,0.7375,246,3241,3487,0.4075,0.410971,0.7375,0.237567
2012-02-25,421,1,1,2,0,6,0,1,5.669151000000001,0.8745499999999993,28.250014,0.395833,317,2415,2732,0.290833,0.255675,0.395833,0.421642
2012-02-26,422,1,1,2,0,0,0,1,5.120849,1.708327999999998,13.750342999999999,0.41,515,2874,3389,0.279167,0.268308,0.41,0.205229
2012-02-27,423,1,1,2,0,1,1,1,9.233349,7.6249639999999985,17.958211000000002,0.490833,253,4069,4322,0.366667,0.357954,0.490833,0.268033
2012-02-28,424,1,1,2,0,2,1,1,8.880849000000001,7.3326499999999974,12.958939,0.395833,229,4134,4363,0.359167,0.353525,0.395833,0.193417
2012-02-29,425,1,1,2,0,3,1,2,8.184356000000001,6.999020000000002,12.000839,0.804783,65,1769,1834,0.344348,0.34847,0.804783,0.179117
2012-03-01,426,1,1,3,0,4,1,1,14.834151000000002,15.374485999999997,15.208129,0.615417,325,4665,4990,0.485833,0.475371,0.615417,0.226987
2012-03-02,427,1,1,3,0,5,1,2,8.606651,7.749572000000001,9.708568,0.657083,246,2948,3194,0.353333,0.359842,0.657083,0.144904
2012-03-03,428,1,1,3,0,6,0,2,11.465848999999999,11.290472000000001,10.792293,0.62125,956,3110,4066,0.414167,0.413492,0.62125,0.161079
2012-03-04,429,1,1,3,0,0,0,1,7.314150999999999,3.9993859999999977,22.416257,0.403333,710,2713,3423,0.325833,0.303021,0.403333,0.334571
2012-03-05,430,1,1,3,0,1,1,1,3.4366509999999995,-0.08271400000000106,15.333486,0.50625,203,3130,3333,0.243333,0.241171,0.50625,0.228858
2012-03-06,431,1,1,3,0,2,1,1,4.1416509999999995,0.8327719999999985,13.458625,0.456667,221,3735,3956,0.258333,0.255042,0.456667,0.200875
2012-03-07,432,1,1,3,0,3,1,1,10.995849,9.416599999999999,23.167193,0.513333,432,4484,4916,0.404167,0.3851,0.513333,0.345779
2012-03-08,433,1,1,3,0,4,1,1,16.792499999999997,18.623863999999998,29.584721,0.5675,486,4896,5382,0.5275,0.524604,0.5675,0.441563
2012-03-09,434,1,1,3,0,5,1,2,11.309151,10.207478000000002,27.7916,0.407083,447,4122,4569,0.410833,0.397083,0.407083,0.4148
2012-03-10,435,1,1,3,0,6,0,1,5.512499999999999,2.3326220000000006,15.125250000000001,0.350417,968,3150,4118,0.2875,0.277767,0.350417,0.22575
2012-03-11,436,1,1,3,0,0,0,1,9.001732999999998,7.738219999999998,14.913329000000001,0.476957,1658,3253,4911,0.361739,0.35967,0.476957,0.222587
2012-03-12,437,1,1,3,0,1,1,1,13.933349,14.333072000000001,13.916771,0.489167,838,4460,5298,0.466667,0.459592,0.489167,0.207713
2012-03-13,438,1,1,3,0,2,1,1,18.554999999999996,19.833314,15.87565,0.6175,762,5085,5847,0.565,0.542929,0.6175,0.23695
2012-03-14,439,1,1,3,0,3,1,1,18.9075,20.208722,7.709154,0.507083,997,5315,6312,0.5725,0.548617,0.507083,0.115062
2012-03-15,440,1,1,3,0,4,1,1,18.2025,19.166449999999998,10.042161,0.579583,1005,5187,6192,0.5575,0.532825,0.579583,0.149883
2012-03-16,441,1,1,3,0,5,1,2,12.484151,12.791114,7.583864,0.842083,548,3830,4378,0.435833,0.436229,0.842083,0.113192
2012-03-17,442,1,1,3,0,6,0,2,16.165849,17.333036,7.417168,0.755833,3155,4681,7836,0.514167,0.505046,0.755833,0.110704
2012-03-18,443,1,1,3,0,0,0,2,14.2075,14.624000000000002,8.501161,0.81,2207,3685,5892,0.4725,0.464,0.81,0.126883
2012-03-19,444,1,1,3,0,1,1,1,17.615000000000002,19.166185999999996,10.875238999999999,0.72875,982,5171,6153,0.545,0.532821,0.72875,0.162317
2012-03-20,445,1,1,3,0,2,1,1,18.359151,19.543178000000005,8.125157,0.807917,1051,5042,6093,0.560833,0.538533,0.807917,0.121271
2012-03-21,446,2,1,3,0,3,1,2,16.988349,17.875028,6.000406099999999,0.82125,1122,5108,6230,0.531667,0.513258,0.82125,0.0895583
2012-03-22,447,2,1,3,0,4,1,1,18.045848999999997,19.083422,7.876654,0.83125,1334,5537,6871,0.554167,0.531567,0.83125,0.117562
2012-03-23,448,2,1,3,0,5,1,2,20.278349,21.624422000000003,7.7921000000000005,0.694167,2469,5893,8362,0.601667,0.570067,0.694167,0.1163
2012-03-24,449,2,1,3,0,6,0,2,15.617499999999996,16.124378,12.916461,0.885417,1033,2339,3372,0.5025,0.486733,0.885417,0.192783
2012-03-25,450,2,1,3,0,0,0,2,12.5625,12.874208,14.791924999999999,0.880833,1532,3464,4996,0.4375,0.437488,0.880833,0.220775
2012-03-26,451,2,1,3,0,1,1,1,12.954151,12.9575,25.917007,0.477917,795,4763,5558,0.445833,0.43875,0.477917,0.386821
2012-03-27,452,2,1,3,0,2,1,1,7.196650999999999,4.833164,12.541864,0.29,531,4571,5102,0.323333,0.315654,0.29,0.187192
2012-03-28,453,2,1,3,0,3,1,1,14.755849000000001,15.082699999999999,19.541957,0.48125,674,5024,5698,0.484167,0.47095,0.48125,0.291671
2012-03-29,454,2,1,3,0,4,1,1,15.225849,15.832063999999999,21.41655,0.439167,834,5299,6133,0.494167,0.482304,0.439167,0.31965
2012-03-30,455,2,1,3,0,5,1,2,9.39,8.790986,9.250489,0.580833,796,4663,5459,0.37,0.375621,0.580833,0.138067
2012-03-31,456,2,1,3,0,6,0,2,11.935849000000001,11.832728000000003,16.791338999999997,0.738333,2301,3934,6235,0.424167,0.421708,0.738333,0.250617
2012-04-01,457,2,1,4,0,0,0,2,12.014151000000002,11.540942000000001,11.541889,0.67625,2347,3694,6041,0.425833,0.417287,0.67625,0.172267
2012-04-02,458,2,1,4,0,1,1,1,12.393911,12.215857999999997,20.913313,0.504348,1208,4728,5936,0.433913,0.427513,0.504348,0.312139
2012-04-03,459,2,1,4,0,2,1,1,13.933349,14.457877999999997,6.708911,0.396667,1348,5424,6772,0.466667,0.461483,0.396667,0.100133
2012-04-04,460,2,1,4,0,3,1,1,17.458349000000002,19.207699999999996,12.125325,0.469583,1058,5378,6436,0.541667,0.53345,0.469583,0.180975
2012-04-05,461,2,1,4,0,4,1,1,12.445,12.456758,14.708443,0.374167,1192,5265,6457,0.435,0.431163,0.374167,0.219529
2012-04-06,462,2,1,4,0,5,1,1,10.956651,9.790621999999999,20.125996,0.377083,1807,4653,6460,0.403333,0.390767,0.377083,0.300388
2012-04-07,463,2,1,4,0,6,0,1,12.5625,12.124513999999998,18.416356999999998,0.254167,3252,3605,6857,0.4375,0.426129,0.254167,0.274871
2012-04-08,464,2,1,4,0,0,0,1,15.5,16.50005,15.583931999999999,0.275833,2230,2939,5169,0.5,0.492425,0.275833,0.232596
2012-04-09,465,2,1,4,0,1,1,1,14.990849,15.458108,23.999132,0.3175,905,4680,5585,0.489167,0.476638,0.3175,0.358196
2012-04-10,466,2,1,4,0,2,1,1,12.993348999999998,12.791377999999998,16.708125000000003,0.435,819,5099,5918,0.446667,0.436233,0.435,0.249375
2012-04-11,467,2,1,4,0,3,1,1,8.388712000000002,6.260084000000003,19.783358,0.469565,482,4380,4862,0.348696,0.337274,0.469565,0.295274
2012-04-12,468,2,1,4,0,4,1,1,10.682500000000001,9.581864,19.458743,0.46625,663,4746,5409,0.3975,0.387604,0.46625,0.290429
2012-04-13,469,2,1,4,0,5,1,1,12.7975,12.499328000000002,10.416557,0.408333,1252,5146,6398,0.4425,0.431808,0.408333,0.155471
2012-04-14,470,2,1,4,0,6,0,1,15.265,16.207735999999997,12.791439,0.502917,2795,4665,7460,0.495,0.487996,0.502917,0.190917
2012-04-15,471,2,1,4,0,0,0,1,20.513348999999998,21.875750000000004,15.083643,0.507917,2846,4286,7132,0.606667,0.573875,0.507917,0.225129
2012-04-16,472,2,1,4,1,1,0,1,23.215849,24.585050000000003,19.083543,0.561667,1198,5172,6370,0.664167,0.614925,0.561667,0.284829
2012-04-17,473,2,1,4,0,2,1,1,20.591651,23.500141999999997,18.333143,0.390417,989,5702,6691,0.608333,0.598487,0.390417,0.273629
2012-04-18,474,2,1,4,0,3,1,2,13.776651000000001,14.164508000000001,11.250104,0.569167,347,4020,4367,0.463333,0.457038,0.569167,0.167912
2012-04-19,475,2,1,4,0,4,1,1,15.421651,16.541036,4.417256399999999,0.6125,846,5719,6565,0.498333,0.493046,0.6125,0.0659292
2012-04-20,476,2,1,4,0,5,1,1,16.753349,18.041150000000002,10.041357,0.694583,1340,5950,7290,0.526667,0.515775,0.694583,0.149871
2012-04-21,477,2,1,4,0,6,0,1,18.79,19.832786,19.000328999999997,0.682917,2541,4083,6624,0.57,0.542921,0.682917,0.283587
2012-04-22,478,2,1,4,0,0,0,3,10.643349,9.707264000000002,23.084582,0.835417,120,907,1027,0.396667,0.389504,0.835417,0.344546
2012-04-23,479,2,1,4,0,1,1,2,7.1183489999999985,3.87425,20.334232,0.766667,195,3019,3214,0.321667,0.301125,0.766667,0.303496
2012-04-24,480,2,1,4,0,2,1,1,11.426651,10.748678000000002,16.708661,0.454167,518,5115,5633,0.413333,0.405283,0.454167,0.249383
2012-04-25,481,2,1,4,0,3,1,1,14.403348999999999,15.040921999999998,7.959064,0.427917,655,5541,6196,0.476667,0.470317,0.427917,0.118792
2012-04-26,482,2,1,4,0,4,1,2,15.421651,15.916477999999998,11.833875,0.756667,475,4551,5026,0.498333,0.483583,0.756667,0.176625
2012-04-27,483,2,1,4,0,5,1,1,13.502500000000001,13.874042,23.291411,0.400833,1014,5219,6233,0.4575,0.452637,0.400833,0.347633
2012-04-28,484,2,1,4,0,6,0,2,9.703349,8.915264,8.708325,0.489583,1120,3100,4220,0.376667,0.377504,0.489583,0.129975
2012-04-29,485,2,1,4,0,0,0,1,13.541650999999998,13.707985999999998,7.8328359999999995,0.587083,2229,4075,6304,0.458333,0.450121,0.587083,0.116908
2012-04-30,486,2,1,4,0,1,1,2,13.815849,14.207936,11.499746,0.57,665,4907,5572,0.464167,0.457696,0.57,0.171638
2012-05-01,487,2,1,5,0,2,1,2,20.826651000000002,22.083385999999997,10.458432,0.659583,653,5087,5740,0.613333,0.577021,0.659583,0.156096
2012-05-02,488,2,1,5,0,3,1,1,18.515849,19.501136000000002,9.249885999999998,0.797083,667,5502,6169,0.564167,0.537896,0.797083,0.138058
2012-05-03,489,2,1,5,0,4,1,2,18.320000000000004,19.457971999999998,8.957632,0.768333,764,5657,6421,0.56,0.537242,0.768333,0.133696
2012-05-04,490,2,1,5,0,5,1,1,21.492499999999996,23.000522000000004,10.916846,0.735417,1069,5227,6296,0.6275,0.590917,0.735417,0.162938
2012-05-05,491,2,1,5,0,6,0,2,21.218349,22.584128,10.250464,0.756667,2496,4387,6883,0.621667,0.584608,0.756667,0.152992
2012-05-06,492,2,1,5,0,0,0,2,18.4375,20.084642000000002,10.041893,0.74,2135,4224,6359,0.5625,0.546737,0.74,0.149879
2012-05-07,493,2,1,5,0,1,1,2,17.2625,18.791372000000003,15.458307000000001,0.664167,1008,5265,6273,0.5375,0.527142,0.664167,0.230721
2012-05-08,494,2,1,5,0,2,1,2,19.338349,20.793086000000002,19.833942999999998,0.685833,738,4990,5728,0.581667,0.557471,0.685833,0.296029
2012-05-09,495,2,1,5,0,3,1,2,19.025,20.499650000000003,14.499604,0.744167,620,4097,4717,0.575,0.553025,0.744167,0.216412
2012-05-10,496,2,1,5,0,4,1,1,15.774151,16.457678,21.042220999999998,0.552083,1026,5546,6572,0.505833,0.491783,0.552083,0.314063
2012-05-11,497,2,1,5,0,5,1,1,17.066650999999997,18.374978,15.874779,0.360417,1319,5711,7030,0.533333,0.520833,0.360417,0.236937
2012-05-12,498,2,1,5,0,6,0,1,18.515849,19.957921999999996,8.249911,0.480417,2622,4807,7429,0.564167,0.544817,0.480417,0.123133
2012-05-13,499,2,1,5,0,0,0,1,20.7875,22.625708000000003,15.082839,0.57625,2172,3946,6118,0.6125,0.585238,0.57625,0.225117
2012-05-14,500,2,1,5,0,1,1,2,18.946651,20.293400000000005,14.250364,0.789583,342,2501,2843,0.573333,0.54990000000000006,0.789583,0.212692
2012-05-15,501,2,1,5,0,2,1,2,20.748348999999997,22.042664000000002,9.875264,0.794583,625,4490,5115,0.611667,0.576404,0.794583,0.147392
2012-05-16,502,2,1,5,0,3,1,1,21.923348999999998,23.33435,8.208304,0.697917,991,6433,7424,0.636667,0.595975,0.697917,0.122512
2012-05-17,503,2,1,5,0,4,1,1,19.886651,21.792458000000003,15.374825000000001,0.52,1242,6142,7384,0.593333,0.572613,0.52,0.229475
2012-05-18,504,2,1,5,0,5,1,1,18.515849,20.373985999999995,9.166739,0.523333,1521,6118,7639,0.564167,0.551121,0.523333,0.136817
2012-05-19,505,2,1,5,0,6,0,1,20.2,21.415928,5.626325,0.45625,3410,4884,8294,0.6,0.566908,0.45625,0.083975
2012-05-20,506,2,1,5,0,0,0,1,21.179150999999997,22.541822000000003,17.042589,0.530417,2704,4425,7129,0.620833,0.583967,0.530417,0.254367
2012-05-21,507,2,1,5,0,1,1,2,20.121651,21.334022000000004,15.624668,0.81125,630,3729,4359,0.598333,0.565667,0.81125,0.233204
2012-05-22,508,2,1,5,0,2,1,2,20.905,22.334450000000004,7.917189,0.765833,819,5254,6073,0.615,0.580825,0.765833,0.118167
2012-05-23,509,2,1,5,0,3,1,2,21.218349,22.584392,6.834,0.774583,766,4494,5260,0.621667,0.584612,0.774583,0.102
2012-05-24,510,2,1,5,0,4,1,1,22.785,24.0422,11.584031999999999,0.716667,1059,5711,6770,0.655,0.6067,0.716667,0.172896
2012-05-25,511,2,1,5,0,5,1,1,23.96,25.416914,9.41685,0.747083,1417,5317,6734,0.68,0.627529,0.747083,0.14055
2012-05-26,512,2,1,5,0,6,0,1,24.5475,26.417936000000005,13.332464,0.7325,2855,3681,6536,0.6925,0.642696,0.7325,0.198992
2012-05-27,513,2,1,5,0,0,0,1,24.43,26.334050000000005,14.416457,0.697083,3283,3308,6591,0.69,0.641425,0.697083,0.215171
2012-05-28,514,2,1,5,1,1,0,1,25.487500000000004,28.833800000000004,13.166907,0.67625,2557,3486,6043,0.7125,0.6793,0.67625,0.196521
2012-05-29,515,2,1,5,0,2,1,1,25.957500000000003,28.417472000000004,19.7918,0.684583,880,4863,5743,0.7225,0.672992,0.684583,0.2954
2012-05-30,516,2,1,5,0,3,1,2,22.863349,24.334514,9.000043,0.67,745,6110,6855,0.656667,0.611129,0.67,0.134329
2012-05-31,517,2,1,5,0,4,1,1,23.96,25.667714000000004,13.083693,0.492917,1100,6238,7338,0.68,0.631329,0.492917,0.195279
2012-06-01,518,2,1,6,0,5,1,2,22.745849000000003,24.125492,15.916720999999999,0.755417,533,3594,4127,0.654167,0.607962,0.755417,0.237563
2012-06-02,519,2,1,6,0,6,0,1,19.416650999999998,21.375008,12.499654,0.549167,2795,5325,8120,0.583333,0.566288,0.549167,0.186562
2012-06-03,520,2,1,6,0,0,0,1,20.317500000000003,21.958778000000002,12.333829,0.493333,2494,5147,7641,0.6025,0.575133,0.493333,0.184087
2012-06-04,521,2,1,6,0,1,1,1,20.082500000000003,22.166677999999997,19.083811,0.487083,1071,5927,6998,0.5975,0.578283,0.487083,0.284833
2012-06-05,522,2,1,6,0,2,1,2,17.419151,18.708872,14.041525,0.613333,968,6033,7001,0.540833,0.525892,0.613333,0.209575
2012-06-06,523,2,1,6,0,3,1,1,18.045848999999997,19.791272,5.167375,0.61125,1027,6028,7055,0.554167,0.542292,0.61125,0.077125
2012-06-07,524,2,1,6,0,4,1,1,20.317500000000003,21.583171999999998,10.542449999999999,0.567083,1038,6456,7494,0.6025,0.569442,0.567083,0.15735
2012-06-08,525,2,1,6,0,5,1,1,22.510849000000004,23.458892,11.750661000000001,0.467917,1488,6248,7736,0.649167,0.597862,0.467917,0.175383
2012-06-09,526,2,1,6,0,6,0,1,25.409151,26.792222000000002,9.667229,0.437083,2708,4790,7498,0.710833,0.648367,0.437083,0.144287
2012-06-10,527,2,1,6,0,0,0,1,26.153349,27.792122,8.959307,0.538333,2224,4374,6598,0.726667,0.663517,0.538333,0.133721
2012-06-11,528,2,1,6,0,1,1,2,25.879151,27.541586000000002,13.916771,0.587917,1017,5647,6664,0.720833,0.659721,0.587917,0.207713
2012-06-12,529,2,1,6,0,2,1,2,22.706651,23.45975,14.374581999999998,0.833333,477,4495,4972,0.653333,0.597875,0.833333,0.214546
2012-06-13,530,2,1,6,0,3,1,1,22.824151,24.333722,22.999693,0.582083,1173,6248,7421,0.655833,0.611117,0.582083,0.343279
2012-06-14,531,2,1,6,0,4,1,1,22.471651,25.209278000000005,17.000111,0.569583,1180,6183,7363,0.648333,0.624383,0.569583,0.253733
2012-06-15,532,2,1,6,0,5,1,1,22.040849,23.583764000000002,11.833339,0.589583,1563,6102,7665,0.639167,0.599754,0.589583,0.176617
2012-06-16,533,2,1,6,0,6,0,1,21.688349,23.250728000000002,11.166689,0.504167,2963,4739,7702,0.631667,0.594708,0.504167,0.166667
2012-06-17,534,2,1,6,0,0,0,1,19.8475,21.750349999999997,9.708568,0.59875,2634,4344,6978,0.5925,0.571975,0.59875,0.144904
2012-06-18,535,2,1,6,0,1,1,2,18.711651,19.959572,11.707982000000001,0.777917,653,4446,5099,0.568333,0.544842,0.777917,0.174746
2012-06-19,536,2,1,6,0,2,1,1,24.351650999999997,27.209672000000005,9.917139,0.69,968,5857,6825,0.688333,0.654692,0.69,0.148017
2012-06-20,537,2,1,6,0,3,1,1,28.777499999999996,31.58435,7.625404,0.592083,872,5339,6211,0.7825,0.720975,0.592083,0.113812
2012-06-21,538,3,1,6,0,4,1,1,29.874150999999998,33.667772,7.958729,0.567917,778,5127,5905,0.805833,0.752542,0.567917,0.118787
2012-06-22,539,3,1,6,0,5,1,1,28.542499999999997,31.791986,12.250414000000001,0.57375,964,4859,5823,0.7775,0.724121,0.57375,0.182842
2012-06-23,540,3,1,6,0,6,0,1,26.388348999999998,27.084272000000006,12.041307,0.534583,2657,4801,7458,0.731667,0.652792,0.534583,0.179721
2012-06-24,541,3,1,6,0,0,0,1,26.936650999999998,28.500764000000004,9.750174999999999,0.479167,2551,4340,6891,0.743333,0.674254,0.479167,0.145525
2012-06-25,542,3,1,6,0,1,1,1,25.644151,27.166772,20.125661,0.504167,1139,5640,6779,0.715833,0.654042,0.504167,0.300383
2012-06-26,543,3,1,6,0,2,1,1,21.649151,23.250464,23.292014000000002,0.373333,1077,6365,7442,0.630833,0.594704,0.373333,0.347642
2012-06-27,544,3,1,6,0,3,1,1,24.7825,26.292272000000004,18.208925,0.36,1077,6258,7335,0.6975,0.640792,0.36,0.271775
2012-06-28,545,3,1,6,0,4,1,1,27.210849000000003,28.583792000000003,11.50055,0.4225,921,5958,6879,0.749167,0.675512,0.4225,0.17165
2012-06-29,546,3,1,6,0,5,1,1,31.205849,35.916458,11.082939000000001,0.48875,829,4634,5463,0.834167,0.786613,0.48875,0.165417
2012-06-30,547,3,1,6,0,6,0,1,27.955,29.375528000000003,10.791756999999999,0.60125,1455,4232,5687,0.765,0.687508,0.60125,0.161071
2012-07-01,548,3,1,7,0,0,0,1,30.344151000000004,33.541514,11.291443000000001,0.51875,1421,4110,5531,0.815833,0.750629,0.51875,0.168529
2012-07-02,549,3,1,7,0,1,1,1,28.738349,30.334508000000007,13.082889,0.447083,904,5323,6227,0.781667,0.702038,0.447083,0.195267
2012-07-03,550,3,1,7,0,2,1,1,28.699151,30.374899999999997,8.457878999999998,0.492083,1052,5608,6660,0.780833,0.70265,0.492083,0.126237
2012-07-04,551,3,1,7,1,3,0,1,29.090849,32.334242,9.041649999999999,0.53875,2562,4841,7403,0.789167,0.732337,0.53875,0.13495
2012-07-05,552,3,1,7,0,4,1,1,30.8925,34.250222,12.999943,0.457917,1405,4836,6241,0.8275,0.761367,0.457917,0.194029
2012-07-06,553,3,1,7,0,5,1,1,30.931651000000002,33.667178,9.791514,0.450833,1366,4841,6207,0.828333,0.752533,0.450833,0.146142
2012-07-07,554,3,1,7,0,6,0,1,32.498349,37.124258,10.958118,0.492083,1448,3392,4840,0.861667,0.804913,0.492083,0.163554
2012-07-08,555,3,1,7,0,0,0,1,30.6575,36.166136,8.417143,0.57375,1203,3469,4672,0.8225,0.790396,0.57375,0.125629
2012-07-09,556,3,1,7,0,1,1,2,25.409151,27.167564,12.125325,0.683333,998,5571,6569,0.710833,0.654054,0.683333,0.180975
2012-07-10,557,3,1,7,0,2,1,2,25.879151,27.876536,10.166379000000001,0.6675,954,5336,6290,0.720833,0.664796,0.6675,0.151737
2012-07-11,558,3,1,7,0,3,1,1,25.683349,26.917886000000003,10.166111,0.633333,975,6289,7264,0.716667,0.650271,0.633333,0.151733
2012-07-12,559,3,1,7,0,4,1,1,25.644151,27.209077999999998,9.833924999999999,0.529583,1032,6414,7446,0.715833,0.654683,0.529583,0.146775
2012-07-13,560,3,1,7,0,5,1,2,26.388348999999998,28.083578000000003,5.41695,0.485833,1511,5988,7499,0.731667,0.667933,0.485833,0.08085
2012-07-14,561,3,1,7,0,6,0,2,25.056651000000002,27.958772000000003,9.626493,0.699167,2355,4614,6969,0.703333,0.666042,0.699167,0.143679
2012-07-15,562,3,1,7,0,0,0,1,27.054150999999997,30.542936000000005,11.166689,0.717917,1920,4111,6031,0.745833,0.705196,0.717917,0.166667
2012-07-16,563,3,1,7,0,1,1,1,27.876651000000003,31.792250000000003,11.000529,0.645,1088,5742,6830,0.763333,0.724125,0.645,0.164187
2012-07-17,564,3,1,7,0,2,1,1,30.461650999999996,33.875078,7.666743,0.505833,921,5865,6786,0.818333,0.755683,0.505833,0.114429
2012-07-18,565,3,1,7,0,3,1,1,29.286651,33.208478,9.208614,0.577083,799,4914,5713,0.793333,0.745583,0.577083,0.137442
2012-07-19,566,3,1,7,0,4,1,1,28.189999999999998,31.166372000000003,11.083743,0.600417,888,5703,6591,0.77,0.714642,0.600417,0.165429
2012-07-20,567,3,1,7,0,5,1,2,23.294151,24.459650000000003,14.000789000000001,0.844167,747,5123,5870,0.665833,0.613025,0.844167,0.20896700000000001
2012-07-21,568,3,1,7,0,6,0,3,20.004150999999997,20.294191999999995,14.2911,0.865417,1264,3195,4459,0.595833,0.549912,0.865417,0.2133
2012-07-22,569,3,1,7,0,0,0,2,23.3725,25.126250000000006,6.2926936,0.7625,2544,4866,7410,0.6675,0.623125,0.7625,0.0939208
2012-07-23,570,3,1,7,0,1,1,1,26.858348999999997,29.541122,9.291761,0.694167,1135,5831,6966,0.741667,0.690017,0.694167,0.138683
2012-07-24,571,3,1,7,0,2,1,1,27.289150999999997,30.625700000000002,14.167418,0.655,1140,6452,7592,0.750833,0.70645,0.655,0.211454
2012-07-25,572,3,1,7,0,3,1,1,26.035849,27.167564,11.0416,0.45,1383,6790,8173,0.724167,0.654054,0.45,0.1648
2012-07-26,573,3,1,7,0,4,1,1,28.503349,32.791358,19.082470999999998,0.596667,1036,5825,6861,0.776667,0.739263,0.596667,0.284813
2012-07-27,574,3,1,7,0,5,1,1,28.738349,32.458322,10.250464,0.594583,1259,5645,6904,0.781667,0.734217,0.594583,0.152992
2012-07-28,575,3,1,7,0,6,0,1,27.524150999999996,30.041863999999997,10.542449999999999,0.613333,2234,4451,6685,0.755833,0.697604,0.613333,0.15735
2012-07-29,576,3,1,7,0,0,0,1,25.918349,28.083578000000003,11.416532,0.62375,2153,4444,6597,0.721667,0.667933,0.62375,0.170396
2012-07-30,577,3,1,7,0,1,1,1,26.349151,29.209142,10.292339,0.66875,1040,6065,7105,0.730833,0.684987,0.66875,0.153617
2012-07-31,578,3,1,7,0,2,1,1,25.526651,27.751136000000002,11.083475,0.704167,968,6248,7216,0.713333,0.662896,0.704167,0.165425
2012-08-01,579,3,1,8,0,3,1,1,25.722500000000004,28.042327999999998,9.458993,0.6775,1074,6506,7580,0.7175,0.667308,0.6775,0.141179
2012-08-02,580,3,1,8,0,4,1,1,27.3675,30.667808,8.666718,0.659583,983,6278,7261,0.7525,0.707088,0.659583,0.129354
2012-08-03,581,3,1,8,0,5,1,2,27.994151000000002,31.709222000000004,14.458064,0.6425,1328,5847,7175,0.765833,0.722867,0.6425,0.215792
2012-08-04,582,3,1,8,0,6,0,1,29.286651,33.583622,17.249686,0.613333,2345,4479,6824,0.793333,0.751267,0.613333,0.257458
2012-08-05,583,3,1,8,0,0,0,1,28.150849,32.251214000000004,19.458206999999998,0.6525,1707,3757,5464,0.769167,0.731079,0.6525,0.290421
2012-08-06,584,3,1,8,0,1,1,2,27.3675,30.876236000000006,8.666718,0.654167,1233,5780,7013,0.7525,0.710246,0.654167,0.129354
2012-08-07,585,3,1,8,0,2,1,2,26.584151,30.042986000000006,7.8328359999999995,0.70375,1278,5995,7273,0.735833,0.697621,0.70375,0.116908
2012-08-08,586,3,1,8,0,3,1,2,27.25,30.709322,7.4169,0.672917,1263,6271,7534,0.75,0.707717,0.672917,0.1107
2012-08-09,587,3,1,8,0,4,1,1,27.524150999999996,30.167528000000004,10.458699999999999,0.620417,1196,6090,7286,0.755833,0.699508,0.620417,0.1561
2012-08-10,588,3,1,8,0,5,1,2,25.644151,28.084172000000002,16.000471,0.715833,1065,4721,5786,0.715833,0.667942,0.715833,0.238813
2012-08-11,589,3,1,8,0,6,0,2,24.5475,26.125622,13.834093,0.732917,2247,4052,6299,0.6925,0.638267,0.732917,0.206479
2012-08-12,590,3,1,8,0,0,0,1,24.939151000000003,26.542214,8.208304,0.530417,2182,4362,6544,0.700833,0.644579,0.530417,0.122512
2012-08-13,591,3,1,8,0,1,1,1,25.879151,27.708764000000002,9.126204,0.545417,1207,5676,6883,0.720833,0.662254,0.545417,0.136212
2012-08-14,592,3,1,8,0,2,1,1,26.153349,28.667414,11.333586,0.686667,1128,5656,6784,0.726667,0.676779,0.686667,0.169158
2012-08-15,593,3,1,8,0,3,1,1,25.213349,27.166441999999996,11.374657000000001,0.619583,1198,6149,7347,0.706667,0.654037,0.619583,0.169771
2012-08-16,594,3,1,8,0,4,1,1,25.800849,27.209408000000003,9.500332,0.519167,1338,6267,7605,0.719167,0.654688,0.519167,0.141796
2012-08-17,595,3,1,8,0,5,1,1,25.996651,-0.0015999999999998238,15.500718000000001,0.570833,1483,5665,7148,0.723333,0.2424,0.570833,0.231354
2012-08-18,596,3,1,8,0,6,0,1,23.881650999999998,24.792686000000003,11.917089,0.603333,2827,5038,7865,0.678333,0.618071,0.603333,0.177867
2012-08-19,597,3,1,8,0,0,0,2,21.884151,23.834564,5.79215,0.711667,1208,3341,4549,0.635833,0.603554,0.711667,0.08645
2012-08-20,598,3,1,8,0,1,1,2,21.884151,23.333822000000005,8.708593,0.734167,1026,5504,6530,0.635833,0.595967,0.734167,0.129979
2012-08-21,599,3,1,8,0,2,1,1,22.510849000000004,23.667650000000002,4.8756436,0.67375,1081,5925,7006,0.649167,0.601025,0.67375,0.0727708
2012-08-22,600,3,1,8,0,3,1,1,23.3725,25.042364,4.708981100000001,0.677083,1094,6281,7375,0.6675,0.621854,0.677083,0.0702833
2012-08-23,601,3,1,8,0,4,1,1,24.704151000000003,26.042528000000004,5.6679186,0.635833,1363,6402,7765,0.695833,0.637008,0.635833,0.0845958
2012-08-24,602,3,1,8,0,5,1,2,25.0175,26.708600000000004,4.8337686,0.615,1325,6257,7582,0.7025,0.6471,0.615,0.0721458
2012-08-25,603,3,1,8,0,6,0,2,23.098349,24.833936,16.375336,0.712917,1829,4224,6053,0.661667,0.618696,0.712917,0.244408
2012-08-26,604,3,1,8,0,0,0,2,22.706651,23.335735999999997,15.333486,0.845833,1483,3772,5255,0.653333,0.595996,0.845833,0.228858
2012-08-27,605,3,1,8,0,1,1,1,25.056651000000002,27.209408000000003,8.625110999999999,0.730417,989,5928,6917,0.703333,0.654688,0.730417,0.128733
2012-08-28,606,3,1,8,0,2,1,1,26.231651,27.9593,12.791975,0.62,935,6105,7040,0.728333,0.66605,0.62,0.190925
2012-08-29,607,3,1,8,0,3,1,1,24.195,25.958377999999996,7.541653999999999,0.552083,1177,6520,7697,0.685,0.635733,0.552083,0.112562
2012-08-30,608,3,1,8,0,4,1,1,25.213349,27.083413999999998,5.1668189,0.590417,1172,6541,7713,0.706667,0.652779,0.590417,0.0771167
2012-08-31,609,3,1,8,0,5,1,1,27.915849,29.5004,11.291711,0.5875,1433,5917,7350,0.764167,0.6894,0.5875,0.168533
2012-09-01,610,3,1,9,0,6,0,2,27.406651000000004,30.375163999999998,7.5835289999999995,0.638333,2352,3788,6140,0.753333,0.702654,0.638333,0.113187
2012-09-02,611,3,1,9,0,0,0,2,24.743349000000002,26.834000000000003,4.2927436,0.815,2613,3197,5810,0.696667,0.649,0.815,0.0640708
2012-09-03,612,3,1,9,1,1,0,1,25.252499999999998,27.667514000000004,10.125107,0.790833,1965,4069,6034,0.7075,0.661629,0.790833,0.151121
2012-09-04,613,3,1,9,0,2,1,1,26.114151,29.334608000000003,15.833507000000001,0.755,867,5997,6864,0.725833,0.686888,0.755,0.236321
2012-09-05,614,3,1,9,0,3,1,1,26.623348999999997,30.792878,12.583136,0.74125,832,6280,7112,0.736667,0.708983,0.74125,0.187808
2012-09-06,615,3,1,9,0,4,1,2,24.743349000000002,27.251714000000007,9.542207,0.810417,611,5592,6203,0.696667,0.655329,0.810417,0.142421
2012-09-07,616,3,1,9,0,5,1,1,25.056651000000002,27.375464,11.500282,0.73625,1045,6459,7504,0.703333,0.657204,0.73625,0.171646
2012-09-08,617,3,1,9,0,6,0,2,22.980849,24.333986000000003,18.833968000000002,0.799167,1557,4419,5976,0.659167,0.611121,0.799167,0.281104
2012-09-09,618,3,1,9,0,0,0,1,20.669999999999998,22.209050000000005,15.041232,0.5475,2570,5657,8227,0.61,0.578925,0.5475,0.224496
2012-09-10,619,3,1,9,0,1,1,1,19.416650999999998,21.333163999999996,17.333771000000002,0.50375,1118,6407,7525,0.583333,0.565654,0.50375,0.258713
2012-09-11,620,3,1,9,0,2,1,1,19.142500000000002,20.583272,6.1676314,0.52,1070,6697,7767,0.5775,0.554292,0.52,0.0920542
2012-09-12,621,3,1,9,0,3,1,1,20.160849,21.62495,8.833682,0.577083,1050,6820,7870,0.599167,0.570075,0.577083,0.131846
2012-09-13,622,3,1,9,0,4,1,1,20.7875,22.250828,5.5422936,0.637083,1054,6750,7804,0.6125,0.579558,0.637083,0.0827208
2012-09-14,623,3,1,9,0,5,1,1,21.766651000000003,23.209478000000004,6.9588209999999995,0.6725,1379,6630,8009,0.633333,0.594083,0.6725,0.103863
2012-09-15,624,3,1,9,0,6,0,1,20.591651,22.667222000000002,16.583907,0.501667,3160,5554,8714,0.608333,0.585867,0.501667,0.247521
2012-09-16,625,3,1,9,0,0,0,1,19.259999999999998,21.166249999999998,6.042281099999999,0.57,2166,5167,7333,0.58,0.563125,0.57,0.0901833
2012-09-17,626,3,1,9,0,1,1,2,19.299151000000002,20.5013,10.166713999999999,0.734583,1022,5847,6869,0.580833,0.55305,0.734583,0.151742
2012-09-18,627,3,1,9,0,2,1,2,21.296651,21.294421999999997,23.958329,0.8725,371,3702,4073,0.623333,0.565067,0.8725,0.357587
2012-09-19,628,3,1,9,0,3,1,1,17.9675,19.666663999999997,14.416725,0.536667,788,6803,7591,0.5525,0.540404,0.536667,0.215175
2012-09-20,629,3,1,9,0,4,1,1,17.693349,19.124671999999997,7.917189,0.618333,939,6781,7720,0.546667,0.532192,0.618333,0.118167
2012-09-21,630,3,1,9,0,5,1,1,20.160849,21.750086000000003,10.333343000000001,0.66875,1250,6917,8167,0.599167,0.571971,0.66875,0.154229
2012-09-22,631,3,1,9,0,6,0,1,22.55,24.292208000000002,19.000061,0.646667,2512,5883,8395,0.65,0.610488,0.646667,0.283583
2012-09-23,632,4,1,9,0,0,0,1,16.870849000000003,18.249578,14.958286000000001,0.467083,2454,5453,7907,0.529167,0.518933,0.467083,0.223258
2012-09-24,633,4,1,9,0,1,1,1,16.165849,17.165858,9.541068000000001,0.492917,1001,6435,7436,0.514167,0.502513,0.492917,0.142404
2012-09-25,634,4,1,9,0,2,1,1,17.85,19.915813999999997,15.833507000000001,0.57,845,6693,7538,0.55,0.544179,0.57,0.236321
2012-09-26,635,4,1,9,0,3,1,1,21.845,23.376458,16.3748,0.630833,787,6946,7733,0.635,0.596613,0.630833,0.2444
2012-09-27,636,4,1,9,0,4,1,2,22.55,24.126350000000002,9.000914,0.690833,751,6642,7393,0.65,0.607975,0.690833,0.134342
2012-09-28,637,4,1,9,0,5,1,2,21.100849,22.666958,10.999993,0.69,1045,6370,7415,0.619167,0.585863,0.69,0.164179
2012-09-29,638,4,1,9,0,6,0,1,17.4975,18.999536,15.249468,0.542917,2589,5966,8555,0.5425,0.530296,0.542917,0.227604
2012-09-30,639,4,1,9,0,0,0,1,16.753349,18.165757999999997,9.042186,0.583333,2015,4874,6889,0.526667,0.517663,0.583333,0.134958
2012-10-01,640,4,1,10,0,1,1,2,16.479150999999998,17.792,6.0838814,0.649167,763,6015,6778,0.520833,0.512,0.649167,0.0908042
2012-10-02,641,4,1,10,0,2,1,3,19.769151,19.793977999999996,6.9998249999999995,0.871667,315,4324,4639,0.590833,0.542333,0.871667,0.104475
2012-10-03,642,4,1,10,0,3,1,2,22.9025,23.542778,4.4585686,0.79375,728,6844,7572,0.6575,0.599133,0.79375,0.0665458
2012-10-04,643,4,1,10,0,4,1,2,22.9025,24.126350000000002,7.875582,0.722917,891,6437,7328,0.6575,0.607975,0.722917,0.117546
2012-10-05,644,4,1,10,0,5,1,1,20.905,22.292341999999998,7.12545,0.6275,1516,6640,8156,0.615,0.580187,0.6275,0.10635
2012-10-06,645,4,1,10,0,6,0,1,18.045848999999997,19.542386,17.957675000000002,0.664167,3031,4934,7965,0.554167,0.538521,0.664167,0.268025
2012-10-07,646,4,1,10,0,0,0,2,11.544151,11.707657999999999,9.457854000000001,0.708333,781,2729,3510,0.415833,0.419813,0.708333,0.141162
2012-10-08,647,4,1,10,1,1,0,2,10.016651,9.582128,12.708492999999999,0.709583,874,4604,5478,0.383333,0.387608,0.709583,0.189679
2012-10-09,648,4,1,10,0,2,1,2,12.993348999999998,12.915392,12.7501,0.761667,601,5791,6392,0.446667,0.438112,0.761667,0.1903
2012-10-10,649,4,1,10,0,3,1,1,16.165849,17.207372,12.584007,0.630833,780,6911,7691,0.514167,0.503142,0.630833,0.187821
2012-10-11,650,4,1,10,0,4,1,1,12.445,12.457022000000002,12.166932000000001,0.463333,834,6736,7570,0.435,0.431167,0.463333,0.181596
2012-10-12,651,4,1,10,0,5,1,1,12.5625,12.582685999999999,15.751164,0.539167,1060,6222,7282,0.4375,0.433071,0.539167,0.235092
2012-10-13,652,4,1,10,0,6,0,1,10.486650999999998,9.832136000000002,9.791514,0.494583,2252,4857,7109,0.393333,0.391396,0.494583,0.146142
2012-10-14,653,4,1,10,0,0,0,1,16.518349,17.541463999999998,18.667004000000002,0.640417,2080,4559,6639,0.521667,0.508204,0.640417,0.278612
2012-10-15,654,4,1,10,0,1,1,2,18.398349,19.5839,19.834478999999998,0.7075,760,5115,5875,0.561667,0.53915,0.7075,0.296037
2012-10-16,655,4,1,10,0,2,1,1,14.011651,14.415835999999999,12.208807,0.558333,922,6612,7534,0.468333,0.460846,0.558333,0.182221
2012-10-17,656,4,1,10,0,3,1,1,13.424150999999998,13.707128,6.791857,0.692917,979,6482,7461,0.455833,0.450108,0.692917,0.101371
2012-10-18,657,4,1,10,0,4,1,2,16.557499999999997,17.83325,15.874779,0.728333,1008,6501,7509,0.5225,0.512625,0.728333,0.236937
2012-10-19,658,4,1,10,0,5,1,2,18.476651,19.501136000000002,9.041917999999999,0.815,753,4671,5424,0.563333,0.537896,0.815,0.134954
2012-10-20,659,4,1,10,0,6,0,1,14.755849000000001,15.207571999999999,7.874979,0.572917,2806,5284,8090,0.484167,0.472842,0.572917,0.117537
2012-10-21,660,4,1,10,0,0,0,1,13.815849,14.124313999999998,11.125618000000001,0.51,2132,4692,6824,0.464167,0.456429,0.51,0.166054
2012-10-22,661,4,1,10,0,1,1,1,14.912499999999998,15.874171999999998,5.4593811,0.568333,830,6228,7058,0.4875,0.482942,0.568333,0.0814833
2012-10-23,662,4,1,10,0,2,1,1,17.575848999999998,19.000064000000002,6.3345686,0.641667,841,6625,7466,0.544167,0.530304,0.641667,0.0945458
2012-10-24,663,4,1,10,0,3,1,1,19.6125,20.875586,4.8762064,0.63625,795,6898,7693,0.5875,0.558721,0.63625,0.0727792
2012-10-25,664,4,1,10,0,4,1,2,17.85,18.959408000000003,8.333125,0.800417,875,6484,7359,0.55,0.529688,0.800417,0.124375
2012-10-26,665,4,1,10,0,5,1,2,17.654151,18.5015,8.875289,0.807083,1182,6262,7444,0.545833,0.52275,0.807083,0.132467
2012-10-27,666,4,1,10,0,6,0,2,16.91,17.998777999999994,15.791364000000002,0.72,2643,5209,7852,0.53,0.515133,0.72,0.235692
2012-10-28,667,4,1,10,0,0,0,2,14.442499999999999,14.872886000000001,26.666535999999997,0.694583,998,3461,4459,0.4775,0.467771,0.694583,0.398008
2012-10-29,668,4,1,10,0,1,1,3,12.68,13.000399999999999,23.9994,0.88,2,20,22,0.44,0.4394,0.88,0.3582
2012-10-30,669,4,1,10,0,2,1,2,6.954554000000002,4.453993999999998,14.271603,0.825455,87,1009,1096,0.318182,0.309909,0.825455,0.213009
2012-10-31,670,4,1,10,0,3,1,2,8.802499999999998,7.832599999999999,11.166689,0.666667,419,5147,5566,0.3575,0.3611,0.666667,0.166667
2012-11-01,671,4,1,11,0,4,1,2,9.194151000000002,8.416172,10.542182,0.581667,466,5520,5986,0.365833,0.369942,0.581667,0.157346
2012-11-02,672,4,1,11,0,5,1,1,8.684999999999999,7.498772000000002,17.833725,0.522083,618,5229,5847,0.355,0.356042,0.522083,0.266175
2012-11-03,673,4,1,11,0,6,0,2,8.136651,5.373836000000001,18.125443,0.49125,1029,4109,5138,0.343333,0.323846,0.49125,0.270529
2012-11-04,674,4,1,11,0,0,0,1,7.314150999999999,5.749507999999999,12.000236,0.532917,1201,3906,5107,0.325833,0.329538,0.532917,0.179108
2012-11-05,675,4,1,11,0,1,1,1,7.000848999999999,4.33295,15.833775000000001,0.494167,378,4881,5259,0.319167,0.308075,0.494167,0.236325
2012-11-06,676,4,1,11,0,2,1,1,5.1991510000000005,2.5834220000000023,11.625371,0.567083,466,5220,5686,0.280833,0.281567,0.567083,0.173513
2012-11-07,677,4,1,11,0,3,1,2,5.904151000000001,2.124986,20.375236,0.5475,326,4709,5035,0.295833,0.274621,0.5475,0.304108
2012-11-08,678,4,1,11,0,4,1,1,8.552177999999998,6.564806000000001,23.304945,0.333478,340,4975,5315,0.352174,0.341891,0.333478,0.347835
2012-11-09,679,4,1,11,0,5,1,1,8.998349000000001,7.4572579999999995,14.375386,0.540833,709,5283,5992,0.361667,0.355413,0.540833,0.214558
2012-11-10,680,4,1,11,0,6,0,1,10.290848999999998,9.999841999999997,3.8756686,0.645417,2090,4446,6536,0.389167,0.393937,0.645417,0.0578458
2012-11-11,681,4,1,11,0,0,0,1,11.779150999999999,11.833058000000001,8.5425,0.659167,2290,4562,6852,0.420833,0.421713,0.659167,0.1275
2012-11-12,682,4,1,11,1,1,0,1,14.794999999999998,15.375278000000002,11.625639,0.741667,1097,5172,6269,0.485,0.475383,0.741667,0.173517
2012-11-13,683,4,1,11,0,2,1,2,8.136651,5.3328500000000005,22.917082,0.662917,327,3767,4094,0.343333,0.323225,0.662917,0.342046
2012-11-14,684,4,1,11,0,3,1,1,5.590849,2.583158000000001,13.374875,0.552083,373,5122,5495,0.289167,0.281563,0.552083,0.199625
2012-11-15,685,4,1,11,0,4,1,2,7.1183489999999985,5.416471999999999,10.250129000000001,0.620417,320,5125,5445,0.321667,0.324492,0.620417,0.152987
2012-11-16,686,4,1,11,0,5,1,1,8.215,6.915464,11.458675000000001,0.524583,484,5214,5698,0.345,0.347204,0.524583,0.171025
2012-11-17,687,4,1,11,0,6,0,1,7.275,5.541277999999998,12.041843,0.545417,1313,4316,5629,0.325,0.326383,0.545417,0.179729
2012-11-18,688,4,1,11,0,0,0,1,8.0975,6.291235999999998,15.250004,0.692917,922,3747,4669,0.3425,0.337746,0.692917,0.227612
2012-11-19,689,4,1,11,0,1,1,2,9.899151,8.790986,15.749489,0.623333,449,5050,5499,0.380833,0.375621,0.623333,0.235067
2012-11-20,690,4,1,11,0,2,1,2,9.585849,9.124022,5.542575,0.685,534,5100,5634,0.374167,0.380667,0.685,0.082725
2012-11-21,691,4,1,11,0,3,1,1,8.606651,8.082871999999998,6.917482000000001,0.61375,615,4531,5146,0.353333,0.364892,0.61375,0.103246
2012-11-22,692,4,1,11,1,4,0,1,7.98,7.124485999999997,3.5423436,0.580417,955,1470,2425,0.34,0.350371,0.580417,0.0528708
2012-11-23,693,4,1,11,0,5,1,1,9.311651000000001,8.999413999999998,9.917407,0.56875,1603,2307,3910,0.368333,0.378779,0.56875,0.148021
2012-11-24,694,4,1,11,0,6,0,1,5.081650999999999,0.4169719999999977,25.250357,0.404583,532,1745,2277,0.278333,0.248742,0.404583,0.376871
2012-11-25,695,4,1,11,0,0,0,1,3.554150999999999,1.000478000000001,10.083499999999999,0.468333,309,2115,2424,0.245833,0.257583,0.468333,0.1505
2012-11-26,696,4,1,11,0,1,1,1,6.726650999999999,6.374264,3.1255499999999996,0.535417,337,4750,5087,0.313333,0.339004,0.535417,0.04665
2012-11-27,697,4,1,11,0,2,1,2,5.708349,2.5828279999999992,15.916654,0.786667,123,3836,3959,0.291667,0.281558,0.786667,0.237562
2012-11-28,698,4,1,11,0,3,1,1,5.943349000000001,3.1242920000000005,14.125007,0.50625,198,5062,5260,0.296667,0.289762,0.50625,0.210821
2012-11-29,699,4,1,11,0,4,1,1,5.200890000000001,3.695852000000002,7.739974,0.555652,243,5080,5323,0.28087,0.298422,0.555652,0.115522
2012-11-30,700,4,1,11,0,5,1,1,6.021651,5.375222000000001,3.9175436,0.649583,362,5306,5668,0.298333,0.323867,0.649583,0.0584708
2012-12-01,701,4,1,12,0,6,0,2,6.021651,4.915664,4.0001814,0.806667,951,4240,5191,0.298333,0.316904,0.806667,0.0597042
2012-12-02,702,4,1,12,0,0,0,2,8.3325,7.707728000000003,8.333393000000001,0.823333,892,3757,4649,0.3475,0.359208,0.823333,0.124379
2012-12-03,703,4,1,12,0,1,1,1,13.267500000000002,14.082535999999998,5.5422936,0.7675,555,5679,6234,0.4525,0.455796,0.7675,0.0827208
2012-12-04,704,4,1,12,0,2,1,1,14.364151,14.957564000000001,11.666643,0.73375,551,6055,6606,0.475833,0.469054,0.73375,0.174129
2012-12-05,705,4,1,12,0,3,1,1,12.601651,12.248792000000002,21.709407,0.485,331,5398,5729,0.438333,0.428012,0.485,0.324021
2012-12-06,706,4,1,12,0,4,1,1,4.024151,1.0414639999999977,11.708518,0.50875,340,5035,5375,0.255833,0.258204,0.50875,0.174754
2012-12-07,707,4,1,12,0,5,1,2,7.0791509999999995,5.249228000000002,8.7502,0.764167,349,4659,5008,0.320833,0.321958,0.764167,0.1306
2012-12-08,708,4,1,12,0,6,0,2,9.938348999999999,9.707528,6.792393,0.91125,1153,4429,5582,0.381667,0.389508,0.91125,0.101379
2012-12-09,709,4,1,12,0,0,0,2,10.055848999999998,9.749635999999999,10.584325,0.905417,441,2787,3228,0.384167,0.390146,0.905417,0.157975
2012-12-10,710,4,1,12,0,1,1,2,12.484151,12.74795,12.750636,0.925,329,4841,5170,0.435833,0.435575,0.925,0.190308
2012-12-11,711,4,1,12,0,2,1,2,8.606651,6.331958,19.834478999999998,0.596667,282,5219,5501,0.353333,0.338363,0.596667,0.296037
2012-12-12,712,4,1,12,0,3,1,2,5.9825,3.624307999999999,10.916779,0.538333,310,5009,5319,0.2975,0.297338,0.538333,0.162937
2012-12-13,713,4,1,12,0,4,1,1,5.904151000000001,3.4164080000000006,11.666643,0.485833,425,5107,5532,0.295833,0.294188,0.485833,0.174129
2012-12-14,714,4,1,12,0,5,1,1,5.2383489999999995,3.416672000000002,8.792343,0.642917,429,5182,5611,0.281667,0.294192,0.642917,0.131229
2012-12-15,715,4,1,12,0,6,0,1,7.235849,6.333278,7.12545,0.650417,767,4280,5047,0.324167,0.338383,0.650417,0.10635
2012-12-16,716,4,1,12,0,0,0,2,9.037499999999998,8.415907999999998,6.749714,0.83875,538,3248,3786,0.3625,0.369938,0.83875,0.100742
2012-12-17,717,4,1,12,0,1,1,2,10.486650999999998,10.499000000000002,6.583306100000001,0.907083,212,4373,4585,0.393333,0.4015,0.907083,0.0982583
2012-12-18,718,4,1,12,0,2,1,1,11.309151,11.040728000000001,14.834067999999998,0.66625,433,5124,5557,0.410833,0.409708,0.66625,0.221404
2012-12-19,719,4,1,12,0,3,1,1,7.627500000000001,6.5826920000000015,12.334164000000001,0.625417,333,4934,5267,0.3325,0.342162,0.625417,0.184092
2012-12-20,720,4,1,12,0,4,1,2,7.510000000000002,6.124321999999999,8.875021,0.667917,314,3814,4128,0.33,0.335217,0.667917,0.132463
2012-12-21,721,1,1,12,0,5,1,2,7.353349,3.9166220000000003,25.083661000000003,0.556667,221,3402,3623,0.326667,0.301767,0.556667,0.374383
2012-12-22,722,1,1,12,0,6,0,1,4.494150999999999,-0.4165420000000015,27.292182,0.44125,205,1544,1749,0.265833,0.236113,0.44125,0.407346
2012-12-23,723,1,1,12,0,0,0,1,3.554150999999999,1.1250859999999996,8.916561,0.515417,408,1379,1787,0.245833,0.259471,0.515417,0.133083
2012-12-24,724,1,1,12,0,1,1,2,2.871288,1.0874000000000024,5.1744368000000005,0.791304,174,746,920,0.231304,0.2589,0.791304,0.0772304
2012-12-25,725,1,1,12,1,2,0,2,5.691288,3.43469,11.304642,0.734783,440,573,1013,0.291304,0.294465,0.734783,0.168726
2012-12-26,726,1,1,12,0,3,1,3,3.4366509999999995,-1.4580219999999997,21.208582,0.823333,9,432,441,0.243333,0.220333,0.823333,0.316546
2012-12-27,727,1,1,12,0,4,1,2,3.945848999999999,-1.0416279999999993,23.458911,0.652917,247,1867,2114,0.254167,0.226642,0.652917,0.350133
2012-12-28,728,1,1,12,0,5,1,2,3.9066509999999983,0.8330359999999999,10.416557,0.59,644,2451,3095,0.253333,0.255046,0.59,0.155471
2012-12-29,729,1,1,12,0,6,0,2,3.9066509999999983,-0.0015999999999998238,8.333661,0.752917,159,1182,1341,0.253333,0.2424,0.752917,0.124383
2012-12-30,730,1,1,12,0,0,0,1,4.024151,-0.7078000000000007,23.500518,0.483333,364,1432,1796,0.255833,0.2317,0.483333,0.350754
2012-12-31,731,1,1,12,0,1,1,2,2.144150999999999,-1.2498579999999997,10.374682,0.5775,439,2290,2729,0.215833,0.223487,0.5775,0.154846
