ADW,saw_show,live_close,pastADW,female
200,0,0,197,0
25,0,1,165,1
350,0,1,571,1
50,0,0,146,0
25,0,1,93,1
75,1,1,255,0
225,0,1,451,1
50,0,1,-27,1
50,0,1,15,1
50,0,1,216,1
250,0,0,366,0
325,0,1,540,0
225,0,1,574,0
50,0,0,151,0
225,1,1,642,1
25,0,1,289,1
150,0,1,137,1
175,0,1,229,1
225,1,1,-27,1
50,0,1,159,0
300,0,1,456,1
50,0,0,70,0
50,0,1,127,1
250,0,0,228,1
350,0,0,429,1
200,0,1,547,1
0,0,1,529,0
275,0,0,564,0
50,0,0,-56,1
100,0,1,100,0
250,0,1,182,1
250,0,0,228,1
325,1,1,651,0
325,0,0,548,1
125,0,0,58,0
75,0,1,-41,0
25,0,1,93,1
325,0,1,415,1
100,0,0,37,1
100,0,1,-27,1
50,0,0,17,1
275,0,1,583,0
75,0,1,216,1
200,1,0,-61,1
125,1,1,259,1
25,0,1,3,1
125,0,0,252,0
150,0,1,200,1
100,0,0,177,0
75,1,1,94,0
325,0,1,637,1
50,0,1,56,1
75,1,1,196,1
225,1,1,298,0
50,0,1,275,0
125,0,1,319,1
150,0,1,16,0
250,0,1,339,1
175,0,1,419,0
125,0,1,-27,1
275,0,1,507,0
125,0,1,81,0
50,1,1,223,1
75,0,1,111,0
50,0,0,29,0
175,0,1,168,1
25,0,1,67,1
50,1,1,285,0
125,0,0,641,0
75,0,1,48,1
50,0,1,3,0
300,0,0,372,0
100,0,0,261,0
100,0,0,341,1
25,0,1,254,0
25,1,1,173,1
50,0,1,-45,0
75,0,1,134,0
75,0,1,-12,0
125,0,0,393,0
225,0,1,64,0
25,0,1,105,1
50,0,1,-46,0
75,0,0,371,0
50,1,1,-7,1
325,0,1,527,0
50,1,1,27,1
375,0,1,353,1
125,0,0,589,0
50,0,1,142,1
350,0,1,554,0
25,0,1,1,1
200,0,0,537,1
0,0,0,77,0
225,0,1,64,1
50,0,1,-26,1
300,0,1,385,1
125,0,0,-46,0
75,0,1,38,0
25,0,1,135,0
75,0,0,174,1
300,0,1,528,1
50,1,0,119,1
50,1,1,290,0
25,0,0,28,1
325,0,0,230,0
275,0,1,-5,1
75,0,1,155,1
25,0,0,158,1
300,0,1,562,0
200,0,1,385,1
300,0,0,46,0
75,1,1,38,0
75,0,0,249,0
225,0,0,479,0
75,0,1,96,0
75,0,1,113,1
50,0,1,-34,1
200,0,0,73,1
300,0,0,171,1
325,0,1,399,0
25,1,1,-60,0
50,0,1,4,0
50,0,1,-27,0
275,0,1,632,1
475,0,0,422,0
175,0,0,51,1
125,0,1,224,0
125,0,1,182,1
25,0,1,-13,0
250,0,0,229,0
100,0,0,17,1
50,0,0,17,0
100,0,0,105,0
25,1,0,190,1
75,0,1,241,1
25,0,0,141,0
150,1,1,121,0
50,0,0,-38,0
325,0,1,652,0
125,0,1,536,1
75,0,1,312,1
350,1,1,619,1
225,1,1,383,1
350,0,0,642,0
375,0,0,660,0
275,1,1,658,1
275,0,1,626,0
500,0,0,305,1
250,0,0,499,1
350,0,0,344,1
400,0,1,528,0
225,0,0,476,0
325,0,1,354,0
350,0,0,594,0
350,0,0,471,0
75,1,1,185,0
50,1,0,207,1
75,0,1,146,0
50,1,1,29,0
75,0,1,253,1
25,1,1,96,1
50,0,1,157,0
200,1,1,280,1
150,0,1,298,1
75,0,1,261,1
50,0,1,267,0
75,0,0,-62,0
75,0,1,241,1
25,1,0,-7,1
275,0,1,44,0
175,0,1,170,0
350,0,1,189,1
150,0,1,-8,1
200,0,0,25,0
225,0,1,119,1
100,0,1,148,0
175,0,0,-10,1
275,0,1,52,1
225,0,0,122,1
300,0,1,117,1
300,0,1,39,0
275,0,1,86,1
175,0,1,111,1
325,0,1,161,0
325,0,1,232,1
200,0,1,132,0
75,0,1,147,0
275,0,0,584,0
125,0,1,346,0
275,0,0,307,1
300,0,0,370,1
300,0,1,335,0
600,0,0,464,1
250,0,1,601,0
450,0,1,446,1
225,1,1,417,1
350,0,0,586,0
175,0,1,437,1
450,0,1,618,1
275,0,1,435,1
100,0,1,318,1
150,0,1,397,0
375,0,1,497,0
250,0,1,498,0
850,0,0,489,0
625,0,1,560,0
350,0,0,350,1
350,0,1,603,0
325,1,1,442,1
75,0,1,438,0
325,0,1,413,1
275,0,1,392,1
350,0,1,519,0
300,0,0,657,1
425,0,0,577,1
400,0,1,371,0
325,0,1,502,1
375,0,1,473,0
250,0,1,335,1
350,0,1,303,0
50,0,1,-54,0
50,0,1,-62,0
225,0,1,6,1
100,0,1,108,1
50,0,1,79,1
125,0,1,275,1
75,0,1,-16,0
75,0,1,11,0
275,0,1,263,1
125,0,0,-9,0
225,0,1,292,0
25,0,1,-3,0
50,0,1,257,1
100,0,0,137,0
50,0,1,64,0
75,0,1,106,1
75,0,0,-12,1
100,0,1,98,1
100,0,1,115,0
300,0,0,316,0
125,1,1,313,1
300,0,1,536,0
225,1,1,631,1
50,1,1,378,0
275,1,1,624,1
375,0,0,615,0
325,0,0,508,1
325,0,0,467,1
250,0,0,418,0
250,0,0,428,1
375,0,0,535,1
575,0,0,351,1
275,0,0,436,0
350,0,0,584,0
275,0,0,652,1
350,1,1,507,1
275,0,0,346,0
350,1,1,364,0
25,0,1,-27,0
100,0,1,253,0
50,0,1,187,1
225,0,1,241,1
0,0,1,-52,0
125,0,1,56,1
50,0,0,-45,0
50,0,0,120,1
25,0,1,-60,1
50,0,1,135,1
225,0,1,225,1
175,0,0,262,1
50,0,1,287,0
50,0,0,183,0
0,0,0,-38,0
50,0,0,29,0
0,1,1,-49,0
25,1,0,-41,1
50,0,0,65,0
50,1,0,217,1
25,0,1,81,1
200,0,0,262,0
50,0,0,-53,1
50,1,1,198,1
75,1,1,135,1
125,0,0,-42,1
50,0,1,190,1
250,0,0,84,0
175,0,1,71,0
150,0,1,210,1
50,1,0,274,1
250,0,0,275,0
325,0,1,403,0
400,0,0,650,0
300,0,1,658,1
375,0,1,513,1
375,0,0,480,0
325,0,1,588,0
425,0,0,513,0
425,1,0,614,0
375,0,0,500,1
300,0,1,459,0
225,0,0,629,1
325,0,0,661,1
450,0,0,640,0
250,0,1,361,1
575,0,1,357,0
300,1,1,522,0
425,0,0,527,1
300,0,1,364,1
150,0,1,411,0
300,0,1,332,1
150,0,0,499,1
175,0,1,545,0
475,0,1,539,0
225,0,1,656,0
300,0,1,648,1
100,0,1,346,0
275,0,1,505,0
350,1,1,629,0
375,0,1,304,1
275,0,1,538,0
450,0,1,639,1
150,0,0,554,0
250,0,1,554,1
125,0,1,540,1
50,0,1,14,1
150,1,1,162,0
50,0,1,60,0
25,1,1,289,1
25,1,1,182,0
0,1,1,-32,0
50,1,1,288,1
50,1,0,37,1
25,0,1,-61,1
0,1,1,-36,0
350,0,1,485,1
275,0,1,560,1
200,0,1,378,0
175,0,1,659,0
250,0,0,595,0
0,0,1,-48,0
150,0,0,38,1
50,0,0,-34,1
50,0,0,288,1
75,0,0,141,1
75,1,1,161,1
75,0,0,269,0
50,1,1,246,0
275,0,1,242,0
250,0,0,50,1
125,0,1,263,1
50,0,0,187,0
75,1,1,39,0
125,0,1,96,1
125,0,0,-64,0
0,1,1,130,0
50,0,0,209,1
25,1,1,24,1
350,0,1,407,1
325,0,1,515,0
300,0,1,521,1
200,0,1,491,1
600,0,1,621,1
325,0,0,308,1
625,0,1,498,0
125,0,1,549,1
200,0,1,420,0
200,0,1,340,0
150,1,1,464,0
150,1,1,648,1
150,1,1,405,1
200,1,0,357,0
100,1,1,422,1
50,1,1,492,0
75,1,1,660,0
125,0,0,88,0
300,0,0,285,0
150,0,1,231,1
75,1,0,63,0
350,0,1,283,0
50,0,0,-58,1
50,1,0,36,0
50,0,1,204,0
75,0,1,-29,0
300,0,0,20,0
225,0,0,59,0
175,0,0,115,1
250,0,1,271,1
325,0,0,226,1
200,0,0,37,1
75,0,0,161,1
50,1,0,215,0
75,0,0,217,1
50,0,0,72,0
175,0,0,67,1
50,0,0,77,0
175,0,1,113,1
50,0,0,61,0
175,0,0,142,1
150,1,0,74,0
300,0,0,156,1
175,1,0,74,1
50,0,0,2,0
50,0,1,-21,0
50,0,1,212,1
150,0,0,291,0
325,0,0,93,0
75,0,0,297,1
375,0,0,554,0
325,0,1,303,1
400,0,1,356,1
375,1,1,654,1
250,0,1,654,0
0,1,1,325,0
300,1,1,445,0
275,1,1,437,0
300,0,1,404,1
375,0,0,604,1
75,0,0,449,0
225,0,1,443,1
300,0,0,402,1
300,0,1,650,1
300,0,0,127,0
350,0,0,156,1
100,0,0,-32,1
75,1,0,-43,1
125,0,1,218,0
325,1,0,214,1
125,0,1,213,1
250,0,1,284,1
100,1,0,100,0
150,0,1,287,1
100,0,1,131,0
150,0,0,156,1
125,0,0,196,0
100,0,1,9,1
300,0,1,228,1
100,0,1,99,1
75,0,1,31,1
150,0,1,-14,0
75,0,1,206,0
50,0,1,12,0
175,0,1,259,0
50,0,0,-25,1
325,0,1,242,1
50,0,1,58,0
50,0,1,221,1
300,0,1,259,1
50,0,1,197,1
200,0,0,10,1
100,0,1,198,0
50,0,1,227,0
200,0,0,555,1
125,1,1,609,0
325,0,1,522,1
50,1,1,533,0
75,1,1,311,0
300,1,1,345,1
450,0,0,649,1
275,1,1,376,0
275,1,1,445,0
75,1,1,357,0
150,0,1,424,1
350,0,1,636,0
175,1,1,558,1
275,0,0,473,0
425,1,1,653,1
275,0,0,334,0
350,0,0,587,1
350,0,0,604,1
350,0,0,470,0
350,0,1,433,1
375,0,0,438,1
75,0,0,119,0
25,0,0,-31,1
150,0,0,151,1
25,0,1,252,0
150,0,0,25,1
275,0,1,134,1
75,0,0,84,0
150,0,1,167,0
250,0,0,234,0
300,0,1,81,1
50,0,1,-21,1
225,0,0,93,0
300,0,1,-38,1
50,0,0,-39,1
25,0,0,-6,0
225,0,0,165,1
50,0,0,222,1
50,0,1,152,0
50,0,1,96,0
25,0,1,-63,1
125,0,1,659,0
375,0,1,653,1
50,0,1,485,0
200,0,1,466,0
225,0,1,557,1
75,0,1,626,0
275,0,0,645,1
75,0,1,451,0
250,0,0,442,0
300,0,1,376,0
175,0,0,435,0
275,0,1,460,0
150,0,1,358,0
200,1,1,345,1
350,0,0,504,1
150,1,0,451,0
75,0,0,563,1
250,0,1,357,0
275,0,0,471,1
250,0,1,531,1
300,0,1,638,1
150,1,1,163,0
150,0,0,266,1
250,0,0,205,1
100,0,0,109,0
175,1,0,-65,1
125,1,1,255,0
100,0,1,93,1
0,1,0,38,0
150,0,0,267,1
75,0,0,288,1
0,1,1,196,0
0,1,0,69,1
75,0,1,121,0
100,0,1,139,1
300,0,0,43,1
50,0,1,133,1
50,0,1,213,0
200,0,1,567,0
300,0,1,321,0
375,1,0,612,1
550,0,0,508,0
325,0,0,641,0
350,0,0,470,1
350,0,1,458,0
300,0,0,356,0
350,1,0,507,1
275,0,0,421,1
50,1,1,349,1
350,0,1,594,1
250,0,1,525,1
225,0,1,578,0
75,1,0,434,1
275,0,0,459,0
125,0,1,582,0
225,0,1,205,1
50,1,1,162,1
175,0,0,70,1
125,0,0,-63,1
50,1,1,194,0
75,0,1,203,0
25,1,1,14,1
25,1,1,114,1
50,1,1,-15,1
150,0,0,277,0
25,1,1,114,1
225,0,0,28,1
0,1,1,224,0
50,1,1,203,0
250,0,1,221,0
50,0,0,299,0
50,1,1,182,0
100,0,0,204,1
50,1,1,111,0
125,1,1,28,0
50,1,1,596,0
250,0,0,536,1
300,0,1,449,0
300,0,0,631,0
350,0,1,642,0
425,0,0,629,0
350,0,0,604,0
325,0,0,337,0
300,0,0,611,1
375,0,0,606,1
625,0,0,423,0
350,0,0,393,1
300,0,1,519,0
300,0,0,598,1
500,0,0,361,1
375,0,0,297,0
50,0,0,14,0
175,0,1,8,1
100,0,0,269,0
225,0,0,115,1
325,0,0,154,1
125,0,0,16,0
150,0,0,87,0
50,0,0,-25,1
275,0,0,189,1
175,0,0,144,0
100,0,1,157,0
50,0,0,-32,0
75,0,0,5,1
300,0,0,142,1
50,0,1,-5,0
75,0,0,154,1
325,0,0,121,0
250,1,0,39,1
50,0,0,105,0
150,0,1,197,1
300,0,0,248,1
125,0,1,-5,0
75,0,0,13,0
25,0,1,-6,0
250,0,0,241,1
100,0,1,283,1
0,0,1,239,0
50,0,1,200,1
75,0,1,76,0
50,0,0,31,1
75,0,1,193,0
75,0,0,90,1
50,0,1,253,1
100,0,1,134,0
225,0,1,188,0
75,0,0,-62,1
75,0,1,143,0
300,0,0,252,0
325,0,0,293,0
350,0,0,138,0
25,1,1,-10,0
50,1,1,255,1
100,0,0,78,1
50,0,0,-2,0
275,0,0,85,1
125,0,1,197,1
50,1,1,-15,0
300,0,0,176,1
50,1,1,70,1
0,1,1,2,1
175,0,0,104,1
0,0,1,120,0
350,0,0,172,1
25,0,1,99,1
50,0,1,248,1
25,0,0,290,1
75,0,1,284,0
225,0,1,-34,1
50,0,1,62,0
50,0,1,169,1
50,0,1,291,1
325,0,0,231,0
175,0,1,29,0
25,0,1,237,0
75,0,1,270,1
50,0,1,203,0
400,0,0,619,0
450,0,0,635,0
75,0,0,471,0
325,0,0,497,1
325,0,0,436,0
550,0,0,572,1
350,0,0,375,0
250,0,0,344,1
350,0,1,592,0
325,0,1,536,0
275,0,0,491,0
275,0,0,616,0
100,0,1,592,1
50,0,0,409,1
300,0,1,480,0
75,0,1,224,0
50,0,0,28,0
75,0,1,196,0
300,0,0,108,1
50,0,0,267,1
50,0,1,122,1
75,1,1,37,0
150,0,0,158,0
100,0,1,84,0
125,0,0,188,1
75,0,0,162,0
250,0,1,154,1
50,1,1,263,1
0,1,1,-17,1
100,0,1,105,0
75,0,0,251,0
50,1,1,71,1
275,0,1,333,0
200,0,1,585,1
300,0,1,302,1
200,0,1,497,0
75,0,0,390,1
225,0,1,488,0
50,1,1,31,0
50,1,1,281,0
50,0,1,-5,0
50,0,1,134,1
50,1,1,114,1
50,1,1,60,0
200,0,0,189,1
75,0,1,21,0
25,1,1,-36,0
100,0,0,-57,1
50,1,0,49,0
25,1,1,215,0
125,0,0,245,0
50,0,0,149,1
75,0,1,202,1
25,0,1,113,1
200,0,0,176,0
300,0,0,268,1
25,0,0,268,0
50,0,0,137,0
100,0,1,438,0
200,0,1,600,1
250,0,1,588,0
75,0,1,643,0
100,0,1,549,0
50,0,1,620,0
50,1,1,286,0
50,0,1,114,1
25,0,0,69,0
0,1,1,125,1
50,0,1,-61,0
0,1,1,-49,0
50,1,1,201,1
50,0,0,-3,0
200,0,0,187,0
150,0,1,236,0
50,0,1,54,1
50,1,1,-55,1
0,0,1,109,0
50,0,0,59,1
25,1,1,64,0
125,0,0,264,1
100,1,0,-1,1
75,1,1,63,0
125,0,1,-13,0
325,0,1,547,1
350,0,1,516,1
225,0,0,600,1
350,1,1,593,0
275,1,1,325,1
75,0,1,460,0
150,0,1,310,1
275,0,0,563,0
325,0,1,409,1
300,0,0,638,1
100,0,0,655,0
375,0,1,310,1
400,0,1,347,1
50,1,1,346,0
175,0,0,462,0
475,0,1,528,1
175,1,1,460,1
650,0,0,661,1
350,1,0,554,0
350,0,0,360,0
275,0,0,561,0
350,0,0,574,1
400,0,1,437,0
525,0,1,532,0
150,0,0,632,0
250,1,0,615,0
125,0,0,410,1
275,0,1,311,1
1000,0,0,310,1
325,0,0,416,0
300,0,1,422,0
300,0,0,303,1
75,1,1,611,0
175,0,1,559,1
100,0,0,631,0
300,0,1,519,0
150,0,1,330,1
100,0,1,416,0
150,1,0,437,1
275,0,0,366,0
350,0,0,560,0
125,0,0,381,1
225,0,1,310,1
125,0,1,485,0
75,0,1,281,1
250,0,1,265,1
275,0,1,-42,0
100,0,1,99,0
50,0,1,212,0
50,0,1,-24,0
75,0,1,177,0
50,1,1,464,1
300,0,0,351,1
150,1,1,637,1
200,1,1,500,1
325,0,0,606,0
125,1,1,342,1
225,0,1,215,0
75,1,1,175,0
50,0,1,-30,0
100,0,1,175,1
150,0,1,76,1
0,0,1,-17,0
250,1,1,284,1
50,0,0,114,1
100,0,0,-12,0
175,0,1,131,1
50,0,1,175,1
50,1,1,129,0
50,0,1,156,1
75,0,0,215,0
25,0,1,60,1
350,0,0,381,1
250,0,1,322,0
300,0,1,458,1
225,0,1,637,0
350,0,0,518,0
275,0,0,340,1
275,0,1,392,0
225,0,0,644,0
175,0,0,413,0
50,0,0,387,0
350,0,1,652,0
325,0,1,640,0
25,0,1,157,0
25,1,1,-13,1
50,1,1,206,1
125,0,1,286,1
150,0,1,183,0
100,0,1,-28,0
25,1,0,138,0
50,0,1,115,0
75,0,1,143,1
75,0,1,169,1
275,0,0,50,1
175,0,0,0,0
275,0,1,-28,1
375,0,0,497,1
300,0,0,534,0
525,0,0,593,1
400,0,0,405,0
400,0,0,392,0
250,0,0,306,0
550,0,0,512,0
350,0,0,659,1
850,0,0,606,0
450,0,0,547,0
325,0,0,579,0
300,0,0,381,1
400,1,0,657,0
300,0,0,429,1
325,0,0,152,1
75,0,0,30,1
50,0,0,189,1
125,0,0,220,1
375,0,0,210,1
375,0,0,117,1
125,0,1,-44,1
125,0,0,247,0
100,1,0,-11,0
150,0,0,259,1
75,0,1,-4,1
50,0,1,120,1
75,0,1,290,0
200,0,0,126,0
150,1,1,556,0
100,0,1,357,1
100,0,1,457,0
200,1,1,510,0
325,0,1,393,1
300,1,1,446,0
50,1,1,478,0
300,1,1,595,0
275,1,1,344,1
350,0,1,591,1
300,0,1,425,1
75,0,1,570,0
375,0,1,591,0
100,0,1,536,0
125,0,1,594,0
75,1,1,643,1
150,1,1,576,1
75,0,1,371,1
250,1,1,536,0
175,0,1,484,0
225,0,0,345,1
225,0,1,569,0
575,0,0,340,0
675,0,0,406,0
350,0,0,649,1
350,0,0,547,1
75,0,0,434,0
275,0,1,414,0
225,0,0,408,1
300,0,0,428,1
725,0,0,532,0
275,0,1,459,0
425,0,0,554,1
125,0,0,331,1
425,0,0,554,1
350,0,0,304,0
575,0,0,585,0
75,0,1,337,1
325,0,1,481,0
75,0,0,446,1
575,0,1,529,1
250,0,0,191,0
100,0,1,234,0
150,0,0,175,1
175,1,1,186,0
100,1,1,184,0
150,0,0,52,0
50,0,0,74,0
25,0,0,4,0
50,0,0,-25,0
125,0,0,-31,1
250,0,0,41,1
125,0,0,224,0
100,0,0,29,1
25,0,0,79,0
0,1,1,38,0
0,1,1,44,0
50,1,0,220,1
25,0,0,4,0
275,1,0,79,1
50,1,1,229,1
275,0,0,95,0
250,0,0,169,1
25,0,0,39,0
175,0,0,-23,0
75,0,0,-52,0
275,0,0,169,1
25,0,1,158,1
50,0,0,296,1
100,0,0,129,1
100,1,1,41,1
75,0,1,-26,0
0,1,0,56,0
225,1,0,344,1
325,0,0,430,1
175,0,0,643,0
200,1,0,361,1
200,1,1,559,1
200,0,0,363,1
225,1,1,627,0
50,0,1,-42,1
25,0,1,-34,0
25,0,1,-38,0
0,0,1,170,0
75,0,1,0,0
25,0,1,38,1
75,0,1,-8,1
50,0,1,-24,1
50,1,1,75,1
125,0,1,-46,1
200,0,1,220,1
250,0,1,157,1
175,0,1,-33,1
300,0,1,126,1
25,0,0,248,0
50,0,1,279,1
50,0,0,-5,0
75,1,1,16,0
350,0,0,85,0
125,0,1,274,0
225,0,1,210,1
50,0,0,38,0
100,0,0,46,0
400,0,1,277,0
300,0,0,124,1
200,0,1,70,0
350,0,0,-47,1
125,0,0,156,0
100,0,0,-43,1
75,0,0,-63,1
25,0,0,87,0
325,0,1,455,1
150,1,1,476,1
175,1,1,328,0
125,1,1,336,0
50,0,1,208,0
200,1,1,245,1
300,0,1,274,1
100,0,1,26,1
25,0,0,30,1
400,0,0,159,1
175,0,0,-15,1
25,0,1,-14,0
150,1,1,-48,1
150,0,0,-61,1
100,0,1,2,0
325,0,1,267,0
75,0,1,214,0
25,0,1,17,1
50,0,1,245,0
300,0,0,93,1
100,0,1,294,0
125,0,1,296,1
125,0,0,287,1
100,1,1,175,1
75,1,1,102,0
0,1,1,95,0
50,1,1,147,0
25,1,1,87,1
50,0,1,133,0
50,1,0,270,0
50,0,1,161,0
125,0,1,161,1
75,1,1,222,0
200,0,0,274,1
0,1,1,122,1
75,1,1,281,0
25,0,1,172,1
50,0,0,144,0
50,0,0,81,0
125,0,0,-35,1
75,0,1,234,1
100,0,0,242,1
50,0,1,235,0
200,0,1,31,1
100,0,0,108,0
75,0,0,181,1
225,0,0,194,1
50,0,1,47,0
325,0,0,280,1
325,0,0,223,0
250,0,0,289,0
125,0,1,148,1
175,0,0,-59,0
75,0,0,-8,0
275,0,0,209,1
300,0,0,21,0
75,0,0,-21,0
200,0,0,592,1
150,0,1,523,1
375,0,1,534,1
300,0,1,177,0
50,0,1,249,1
25,0,1,34,0
50,0,1,248,1
75,0,1,140,1
100,0,1,86,0
175,0,1,231,1
25,0,1,126,0
100,0,1,32,0
25,0,1,-53,0
100,0,0,23,1
50,0,1,-65,0
250,0,1,323,1
75,0,1,468,1
1275,0,0,469,1
275,0,0,472,0
50,0,0,506,1
400,0,0,619,0
350,0,0,584,0
200,0,1,468,1
275,0,1,493,1
125,0,1,490,0
175,0,0,477,0
625,0,0,334,0
175,0,0,575,1
150,0,0,161,1
250,0,0,-49,1
225,0,0,233,1
50,0,0,245,1
150,0,1,257,1
50,0,0,295,1
325,0,0,251,1
75,0,1,4,0
100,0,0,128,1
25,0,0,-20,0
100,0,1,264,1
75,0,1,231,1
25,0,0,-33,1
75,0,1,280,1
400,0,0,567,1
150,0,1,338,1
500,0,0,604,0
250,0,1,386,1
350,0,0,385,0
275,1,1,658,1
100,0,0,427,0
375,0,0,571,1
175,0,1,193,1
175,0,0,224,0
75,0,1,213,0
50,0,0,241,1
500,0,0,137,1
50,0,1,-28,1
200,0,1,243,0
100,0,0,78,0
50,0,0,6,0
425,0,0,267,1
75,0,0,-15,1
175,0,1,222,1
100,0,0,4,0
375,0,1,366,0
375,0,1,588,1
275,0,0,646,0
325,0,0,617,1
225,0,1,548,1
350,0,1,363,1
325,0,1,526,1
75,0,1,400,0
200,0,0,492,0
300,1,1,380,1
175,0,0,597,0
300,0,0,613,0
100,0,1,463,0
125,0,0,526,1
1000,0,0,650,1
100,0,1,506,0
400,0,0,463,1
150,0,1,592,0
150,0,1,520,1
300,0,1,350,0
350,0,1,661,0
150,0,0,385,1
375,0,0,504,1
225,0,0,538,0
75,1,1,336,0
300,0,0,449,0
350,0,0,548,1
100,0,1,435,0
125,0,0,432,1
275,0,1,621,1
225,0,1,536,0
100,0,1,394,0
175,0,1,317,0
300,0,1,374,1
250,0,1,535,1
350,0,0,365,0
75,0,1,566,0
100,1,0,343,0
100,1,1,645,1
125,0,1,560,1
300,0,0,353,1
375,0,0,484,1
25,0,1,548,1
100,0,1,576,0
325,0,1,515,1
400,0,1,487,0
325,0,1,622,1
525,0,1,460,0
250,0,1,338,1
300,0,0,374,1
100,0,1,381,1
350,1,1,457,0
375,0,1,486,0
350,0,1,488,0
75,0,0,8,1
75,0,1,176,1
200,0,1,289,0
100,0,1,218,1
150,0,0,232,0
350,0,1,271,1
25,0,1,147,0
225,0,0,204,0
25,0,0,-19,1
100,0,1,0,0
100,0,0,-26,0
200,0,1,165,0
175,0,1,171,1
125,0,0,171,1
150,1,0,43,0
50,0,1,156,1
150,0,1,68,1
50,0,1,241,0
325,0,1,658,1
100,0,0,309,1
300,0,1,555,0
275,0,1,303,1
275,0,0,433,0
200,0,1,563,0
25,0,1,343,0
275,0,1,386,1
375,0,0,497,0
425,0,1,607,0
150,0,1,541,0
25,0,1,308,0
325,0,0,585,1
75,0,1,-16,1
100,1,1,279,0
25,1,1,247,0
25,0,1,39,1
100,0,0,225,0
100,0,1,276,1
0,1,1,209,0
75,1,0,258,0
25,0,0,5,1
50,1,1,297,0
50,0,1,233,1
250,0,0,122,1
150,0,0,23,1
200,0,0,197,1
0,1,1,8,0
150,0,1,314,1
175,0,1,475,0
125,1,1,587,0
325,0,1,475,0
300,0,0,588,1
0,0,1,602,1
250,0,1,361,1
275,0,1,618,1
350,0,1,649,1
275,0,1,499,0
350,1,0,449,1
425,0,0,577,0
300,0,1,461,0
350,0,1,358,0
225,0,1,516,0
275,0,0,634,0
150,1,1,341,1
175,0,1,329,1
375,1,0,576,1
200,1,1,480,0
275,0,1,365,0
125,1,0,566,1
350,0,0,629,1
350,0,0,584,0
275,0,0,366,1
275,0,0,604,0
350,0,0,625,0
125,1,0,511,0
350,0,0,593,1
250,0,1,403,0
125,0,1,541,1
375,0,1,445,0
150,0,0,433,1
50,0,1,569,0
75,0,1,546,1
175,0,0,434,0
100,1,0,387,1
75,0,1,381,1
275,1,0,524,1
275,0,1,450,0
400,0,0,480,0
250,1,0,438,0
75,0,0,436,0
300,0,1,302,0
175,0,1,597,0
300,0,1,393,1
225,0,0,647,0
325,0,1,427,1
325,0,0,539,1
375,0,0,510,0
300,0,0,512,1
200,0,0,493,0
350,1,0,436,0
150,0,0,318,0
175,1,1,389,1
150,0,0,557,1
300,1,0,306,0
150,0,0,363,0
300,0,1,442,0
250,0,1,522,0
425,0,0,557,1
250,0,0,475,0
175,0,0,340,0
200,0,1,412,1
225,0,1,301,1
100,0,0,525,0
250,0,1,642,1
300,0,1,442,0
375,0,1,588,0
225,0,1,317,0
225,0,1,477,0
250,1,0,630,1
125,0,1,325,0
325,0,1,482,1
350,0,1,574,1
175,0,0,606,0
300,0,0,577,0
250,0,0,303,1
275,0,1,341,1
350,0,0,639,1
375,0,0,556,0
250,0,1,355,0
275,0,0,521,0
75,0,1,480,0
125,0,1,365,1
400,1,1,415,1
250,1,1,443,1
50,1,1,441,0
275,1,1,628,1
50,1,1,590,0
300,0,1,87,1
100,0,1,151,0
50,0,1,-26,0
275,0,1,9,1
50,0,1,-18,1
150,0,1,94,1
75,0,0,196,0
25,0,1,190,0
125,0,0,-3,1
50,0,1,4,0
225,0,1,150,1
25,0,0,244,0
125,0,1,207,1
200,0,1,25,0
200,0,0,322,1
50,0,1,473,0
175,0,0,304,1
300,0,1,660,1
350,0,0,555,0
125,0,1,409,1
350,0,0,313,0
50,0,1,433,1
100,0,1,216,1
75,0,0,192,0
200,0,0,196,1
125,0,1,254,1
50,0,1,-8,0
125,0,1,133,0
100,0,0,-34,0
100,0,0,-25,1
75,0,1,87,0
50,0,0,-54,0
75,0,1,275,0
125,0,1,182,1
300,0,1,151,1
75,0,1,58,1
75,0,1,-12,1
50,0,1,81,1
75,0,0,16,0
50,0,0,101,1
125,0,1,23,1
125,0,1,84,1
400,0,1,333,0
275,0,1,643,0
300,0,1,592,0
375,0,1,355,0
300,0,1,654,0
275,0,1,603,1
275,0,1,572,0
200,0,0,480,1
300,0,0,586,0
0,1,1,345,0
350,1,1,482,0
550,1,1,657,0
325,0,1,490,1
250,0,0,459,1
175,1,1,536,1
150,1,0,375,0
225,0,0,662,0
200,0,1,653,0
100,0,0,347,0
250,1,1,510,1
125,0,1,642,0
275,0,1,516,1
375,0,1,567,1
150,0,0,378,0
100,1,1,352,0
275,1,1,620,1
50,0,1,407,0
150,1,1,366,0
75,0,0,234,0
50,0,0,225,0
225,0,1,295,1
50,1,1,214,1
25,1,1,14,0
75,0,1,238,0
75,1,1,143,0
0,1,1,34,0
50,1,1,105,1
0,1,1,-5,0
150,1,0,282,0
25,1,1,241,0
75,1,0,227,0
50,0,1,44,0
50,0,1,44,0
125,0,1,120,1
75,1,1,208,0
100,0,1,303,0
275,0,1,431,1
575,0,1,322,1
275,0,1,530,1
300,0,1,365,1
475,0,0,566,0
100,1,0,507,0
125,0,0,493,0
200,1,1,421,0
375,0,0,315,1
200,0,0,433,0
325,0,0,594,0
100,0,0,528,1
275,0,0,501,0
350,0,1,438,1
100,0,1,380,1
175,0,1,562,1
200,0,1,311,0
400,0,0,548,0
175,0,0,329,0
125,0,1,326,0
75,1,0,484,0
50,1,0,386,1
175,0,1,303,0
250,0,1,450,1
700,0,0,534,0
50,1,1,417,1
325,1,1,452,1
550,0,1,485,0
125,1,1,332,0
225,0,0,432,0
150,0,1,457,0
325,0,0,415,1
150,0,0,582,0
225,1,1,586,1
350,0,0,631,0
375,0,1,351,0
275,1,1,490,0
50,0,0,135,0
100,0,1,-30,1
50,0,1,212,1
150,0,1,100,0
125,0,1,44,1
125,0,1,169,1
250,0,1,221,0
25,0,1,43,0
50,0,0,196,1
100,0,1,273,0
150,0,1,117,0
225,0,1,239,1
75,0,1,201,1
100,0,1,8,1
150,0,1,74,1
250,0,1,199,0
75,0,0,263,0
50,0,1,-34,0
75,0,1,232,1
50,0,1,285,1
25,0,1,171,0
50,0,1,92,1
125,0,1,205,1
125,0,1,258,0
50,0,1,-54,0
50,0,1,-25,0
50,0,1,84,1
325,0,0,43,1
50,0,1,52,0
100,0,1,-11,0
100,0,1,184,0
75,0,1,169,0
125,0,1,276,1
75,0,1,-48,1
0,1,1,513,0
250,0,0,632,0
325,0,0,604,0
175,0,1,315,1
175,0,1,466,1
150,0,1,526,1
125,0,1,488,0
100,0,0,574,1
50,1,1,329,1
350,0,0,421,1
325,0,0,352,0
325,0,1,597,0
425,0,0,441,0
100,0,1,590,1
150,0,0,640,1
425,0,0,381,1
350,1,1,636,1
325,1,0,626,0
100,1,1,528,1
150,0,0,655,0
300,0,1,359,1
475,0,0,462,0
375,0,0,651,1
75,0,1,558,1
350,0,1,337,1
200,0,1,345,1
250,0,0,609,1
200,0,1,585,1
150,0,1,169,0
50,0,1,-60,1
275,0,0,211,1
0,0,1,255,0
125,1,0,294,0
75,0,1,38,0
25,0,1,295,0
50,0,1,212,0
125,0,0,38,1
75,1,1,137,0
350,0,0,217,0
50,0,1,242,1
75,0,0,-56,1
125,0,0,-17,1
200,0,1,120,1
300,0,0,66,1
75,0,0,45,0
50,0,0,196,0
100,0,1,-43,0
300,0,1,201,1
250,0,0,196,0
75,0,1,86,0
250,0,0,280,1
350,0,1,242,0
225,0,0,114,1
150,0,0,222,0
100,0,1,135,1
50,0,0,166,1
125,0,0,298,0
25,0,0,-45,1
50,0,1,139,0
50,0,0,91,0
75,1,1,419,1
50,0,1,455,0
100,0,1,436,0
350,1,1,578,1
300,0,1,492,1
300,0,1,387,0
300,1,1,633,1
325,0,1,524,1
125,0,1,502,0
250,0,1,470,1
325,0,1,505,1
350,0,1,652,0
25,0,1,377,0
250,0,1,486,1
175,0,0,326,0
325,0,0,456,1
425,0,0,371,1
325,0,0,638,1
350,1,1,582,0
125,0,1,617,1
150,0,1,418,0
375,0,0,412,1
375,0,0,627,0
350,0,0,343,0
700,0,0,632,1
350,0,0,312,1
325,0,0,410,0
250,0,1,554,0
200,0,1,332,0
275,1,1,382,0
275,0,0,477,0
350,1,1,575,1
25,1,0,517,1
375,0,1,449,1
100,1,1,386,0
75,0,1,-54,0
25,0,1,183,1
75,0,1,37,1
50,0,1,170,0
0,0,1,-46,0
100,0,1,240,1
25,0,1,43,0
75,1,0,72,0
25,0,1,190,1
100,0,0,282,1
50,0,1,-42,1
125,0,0,226,1
100,0,1,112,0
25,0,1,209,0
50,0,0,291,1
150,0,1,-45,0
25,0,1,-46,1
225,0,1,605,0
125,1,0,89,1
125,0,0,284,0
50,0,1,-47,1
50,0,1,190,0
50,0,0,130,1
250,0,0,-1,0
25,0,1,282,0
75,0,1,256,0
125,0,1,286,0
175,0,1,160,1
100,0,0,229,0
50,0,1,189,0
75,0,1,293,0
100,0,1,-56,1
200,0,0,219,1
75,1,1,197,0
25,0,1,253,0
150,0,0,-2,1
350,0,0,216,0
50,1,1,2,0
75,0,0,139,0
75,0,1,217,1
50,1,1,-15,0
50,0,0,-3,1
75,0,0,169,1
50,1,1,68,0
300,0,1,350,1
150,1,1,478,1
100,1,1,533,0
125,1,0,600,0
225,1,1,535,1
50,0,1,299,1
275,0,0,232,0
75,0,0,119,1
150,0,1,144,0
25,0,1,94,1
125,0,1,177,1
25,0,0,154,1
150,0,0,131,0
175,1,0,104,1
100,0,1,155,0
50,0,1,94,0
0,1,1,294,0
75,1,1,-4,0
25,1,1,32,1
25,1,1,-34,1
75,0,1,254,0
225,0,0,126,1
25,1,1,76,0
300,0,0,553,1
200,0,0,404,1
150,0,1,630,0
125,0,1,620,1
225,0,0,395,0
275,0,0,257,1
75,0,0,-10,1
100,0,0,157,0
300,0,0,268,0
100,1,1,-14,0
300,0,0,140,1
300,0,0,252,1
125,0,0,217,1
75,0,0,22,1
75,0,0,287,0
50,0,1,222,1
50,1,0,230,0
250,0,0,253,1
225,0,0,249,1
225,0,1,15,0
50,0,0,119,0
175,1,0,-59,1
375,0,0,145,0
150,0,0,631,1
600,0,0,500,0
450,0,0,499,1
50,1,1,195,0
75,0,1,192,0
75,0,1,129,1
325,0,0,126,1
50,0,1,79,1
175,0,0,76,1
200,0,1,274,1
150,0,1,17,0
75,0,0,161,0
50,0,1,72,1
100,0,1,196,1
100,0,1,188,0
100,0,1,49,1
75,0,1,133,0
25,0,1,170,0
50,0,0,-30,0
75,0,1,-31,0
0,0,0,-52,0
325,0,1,542,0
300,0,1,450,0
350,0,0,504,0
50,0,1,533,0
175,0,1,660,0
125,0,0,337,0
275,0,1,487,1
200,0,1,545,0
225,0,1,584,1
300,0,0,477,0
275,0,1,397,0
350,0,1,469,0
375,0,1,495,0
275,0,0,545,1
225,0,1,356,1
0,1,0,242,1
50,0,0,286,0
25,1,1,299,0
75,1,1,37,0
25,1,1,12,0
50,1,1,234,0
25,1,1,234,0
25,1,1,227,1
25,0,1,67,1
0,0,0,66,0
25,0,1,28,0
100,0,1,-5,1
75,0,1,30,0
0,1,1,240,0
50,0,1,287,0
75,0,0,274,0
50,1,1,-54,0
475,0,1,500,1
225,0,1,301,0
200,0,0,600,0
225,0,0,664,1
100,0,1,484,0
375,0,0,472,1
50,1,1,316,0
250,0,0,620,1
300,1,0,402,1
200,0,1,469,1
325,0,0,340,1
175,0,0,-24,0
175,0,1,620,0
0,0,1,409,0
225,0,1,580,0
150,0,1,547,0
250,0,1,632,0
150,0,1,328,1
400,0,1,320,0
350,0,1,431,0
325,0,1,390,0
275,1,1,563,1
325,1,1,621,1
275,0,1,394,1
50,0,0,519,0
275,0,0,595,0
275,0,0,565,1
375,1,0,455,1
625,0,0,605,1
375,0,0,427,1
300,0,0,612,1
325,0,0,395,0
275,0,1,327,1
350,0,0,303,1
150,0,1,422,0
225,0,1,484,0
375,0,1,594,1
400,0,0,442,1
550,0,0,470,1
375,0,0,645,0
0,0,1,58,1
75,0,1,274,0
75,0,1,95,0
100,0,1,-45,0
275,0,1,266,0
50,0,1,-16,0
125,0,1,23,1
75,0,1,25,0
150,0,0,596,0
275,0,1,605,0
275,0,1,451,1
425,0,1,629,1
275,1,1,428,0
125,0,1,490,0
25,0,1,-29,0
175,0,1,228,0
150,0,0,294,1
50,0,1,246,0
75,0,1,139,1
75,0,1,156,1
75,0,1,122,0
200,0,1,177,1
350,0,0,178,1
50,0,1,6,0
100,0,1,125,1
75,0,0,60,0
0,0,1,45,0
150,0,1,422,1
125,0,1,322,0
200,0,1,400,1
75,0,1,303,0
400,0,0,465,1
100,0,1,588,0
350,0,1,336,0
275,1,1,568,0
125,1,1,366,1
375,1,1,647,1
350,0,1,387,1
425,0,1,476,0
50,1,1,309,1
300,0,1,333,0
375,0,0,483,1
325,0,1,559,1
250,0,1,647,1
50,0,1,318,1
300,0,0,630,1
175,1,1,498,0
75,1,1,305,0
250,0,1,300,1
200,1,1,640,0
300,0,1,588,1
275,0,1,560,1
250,0,1,429,0
250,0,1,526,1
375,0,1,505,1
100,0,0,311,0
375,0,0,647,1
175,1,1,507,0
225,0,1,518,0
250,0,1,602,0
300,0,0,312,1
350,1,0,301,0
350,0,1,620,0
350,0,0,620,0
275,0,0,562,1
100,1,1,63,0
200,0,0,202,0
75,0,1,161,1
125,1,1,71,0
100,1,1,103,0
225,1,1,259,1
225,1,1,197,1
50,1,1,179,0
0,1,1,-15,1
75,1,1,86,1
25,1,0,184,1
375,1,0,137,0
300,1,0,226,1
125,0,0,3,0
150,1,1,43,1
50,1,1,255,1
25,0,1,76,0
750,0,0,221,0
75,0,1,163,1
100,0,0,98,1
100,0,0,137,1
0,0,1,66,0
50,0,0,203,1
75,0,1,49,1
475,0,1,417,1
350,0,1,394,0
225,1,1,535,0
125,0,1,325,0
375,0,1,336,0
200,1,1,388,0
175,0,1,592,0
75,0,1,519,1
150,0,1,501,1
175,0,0,406,1
425,0,0,490,1
350,0,0,653,1
200,0,0,631,1
275,0,1,659,0
325,0,0,426,0
225,0,1,339,1
325,1,1,530,0
225,0,1,588,0
275,1,1,590,1
250,1,1,418,0
350,0,0,425,1
175,1,1,309,1
225,0,1,659,0
125,0,1,305,1
125,0,1,522,0
375,0,1,553,0
350,0,0,574,0
350,0,1,647,1
250,0,1,429,1
75,1,1,352,1
175,0,1,498,0
600,0,1,635,0
375,0,0,610,1
75,0,1,531,1
275,0,0,418,0
100,0,0,641,1
150,0,1,497,0
175,0,1,577,1
100,1,1,445,0
425,1,0,421,0
275,0,1,331,1
175,0,1,293,0
50,0,1,-11,1
175,0,0,-6,0
125,0,1,255,0
425,0,0,215,1
175,0,0,174,1
300,0,0,269,1
50,0,1,43,0
50,0,1,-42,1
275,0,1,230,1
75,0,1,224,1
75,0,1,294,0
125,1,0,43,0
175,0,1,3,1
25,0,1,92,0
75,0,1,202,1
75,0,1,34,1
125,0,1,93,0
75,0,1,-32,0
75,0,1,66,0
50,0,1,224,0
75,0,0,-18,0
75,0,0,-35,0
50,0,1,141,1
75,0,0,256,1
50,0,1,134,1
275,0,1,29,0
0,0,1,-44,0
50,0,1,157,0
25,0,1,155,1
50,0,0,19,1
150,0,1,283,1
125,0,1,53,0
100,1,1,44,0
25,0,1,128,0
125,0,1,45,0
25,0,1,7,0
75,0,0,2,1
50,0,1,206,1
175,0,0,259,1
25,0,1,97,1
75,0,0,251,1
125,0,1,211,1
50,0,1,144,0
225,0,1,178,1
50,0,1,-20,1
50,0,0,177,0
300,0,1,119,1
175,0,0,259,1
75,0,0,215,1
500,0,1,585,1
225,0,1,341,0
150,0,0,505,0
450,0,0,448,1
300,0,0,393,1
50,1,0,449,0
325,0,0,408,1
350,0,1,359,0
100,1,1,312,0
250,0,1,655,0
200,0,1,363,0
300,0,1,588,1
375,0,1,500,0
25,1,1,558,0
200,0,0,644,1
325,0,1,503,1
550,1,0,476,1
375,0,0,437,0
425,0,0,546,1
475,0,0,378,0
325,0,1,464,0
375,0,0,519,1
300,0,0,468,1
100,0,1,520,0
325,0,1,563,1
150,0,1,491,1
325,0,0,626,0
75,1,1,342,0
200,0,0,419,0
200,0,1,378,1
150,0,0,-27,1
175,0,0,65,1
75,0,0,35,0
275,0,0,217,1
275,0,0,298,0
75,0,0,27,0
100,0,0,58,1
275,0,0,213,1
175,0,0,2,1
225,0,0,148,1
200,0,0,230,1
225,0,0,114,0
100,0,0,-46,1
175,0,0,155,1
75,0,1,-27,0
225,0,0,212,1
125,1,1,263,0
50,0,1,-39,1
0,0,1,-32,0
75,1,0,273,0
50,0,0,181,0
50,0,1,10,0
125,0,0,-45,0
150,0,1,23,1
50,1,1,120,1
200,0,1,175,0
100,0,1,182,1
50,0,0,203,1
25,1,1,-20,0
100,0,1,177,0
75,0,0,-7,1
100,0,1,189,1
0,0,1,99,0
75,0,0,177,0
200,0,1,141,1
225,0,1,261,0
50,0,1,119,1
50,0,1,87,0
0,0,1,56,0
75,0,0,1,1
75,1,1,247,0
200,0,1,244,0
325,0,0,425,0
175,0,0,462,0
300,0,0,301,0
350,0,1,588,0
250,1,1,577,1
0,0,1,312,1
50,0,1,328,0
375,0,1,502,0
350,0,0,591,1
375,0,1,571,0
525,0,1,624,1
175,0,1,347,1
275,0,1,558,1
225,0,1,463,0
275,0,0,434,0
100,0,1,354,1
350,0,1,324,0
200,1,1,338,0
275,0,0,490,0
250,1,1,606,0
350,0,0,358,0
225,0,1,499,1
375,0,1,663,1
125,0,1,539,1
275,0,1,563,1
150,0,0,381,1
150,0,0,641,0
300,1,1,320,1
250,0,1,520,1
275,0,0,568,0
375,0,1,304,1
150,1,1,311,0
100,1,1,310,0
300,1,1,413,0
175,0,1,470,0
200,0,1,395,0
200,0,1,543,1
250,0,1,613,1
225,0,1,616,0
300,0,0,629,0
200,0,0,388,0
75,1,1,305,0
325,0,0,176,0
250,0,0,242,0
325,0,0,208,0
200,0,0,261,0
300,0,1,113,0
0,1,1,-14,0
175,0,0,285,0
150,0,0,204,1
175,0,0,-4,1
25,0,0,61,1
75,0,0,260,0
100,1,0,-31,1
150,0,0,193,0
100,0,0,93,1
0,0,0,295,1
75,0,0,-25,0
25,0,0,147,0
250,0,0,150,0
175,0,0,172,0
100,0,0,102,0
125,0,0,-11,0
325,0,0,255,1
125,0,0,80,1
50,0,0,-41,0
350,0,0,175,1
75,0,0,123,1
150,0,1,-3,1
75,0,0,125,0
350,0,0,493,0
250,1,1,441,1
375,0,0,595,1
50,1,1,537,0
350,1,1,647,1
200,1,1,608,1
125,1,1,609,1
100,1,1,326,0
75,1,1,457,0
325,1,1,586,1
300,1,1,416,1
200,1,1,451,1
100,1,1,568,0
100,1,1,470,1
150,1,1,419,0
350,1,0,492,1
150,1,1,536,0
75,1,1,624,0
675,0,0,462,0
175,0,0,606,0
175,0,1,435,0
375,0,0,538,1
150,0,1,342,1
350,0,1,448,1
75,0,0,485,1
575,0,1,609,0
300,0,0,354,1
275,0,0,467,0
300,0,1,498,1
325,1,0,508,0
100,0,1,580,0
300,0,1,419,1
250,0,1,321,1
75,0,0,486,0
325,0,1,575,0
225,0,1,452,0
275,0,1,322,0
75,0,1,412,0
0,1,1,490,0
300,0,0,380,1
125,0,1,545,0
300,0,1,610,1
200,0,0,658,1
100,0,1,-18,1
50,1,1,282,0
125,1,1,190,0
50,1,1,49,1
225,0,0,-35,1
50,0,0,-36,1
25,1,1,112,1
150,1,1,180,0
275,1,0,-52,0
25,1,1,112,1
175,0,0,199,0
75,1,1,127,1
0,1,1,168,0
100,0,1,171,1
50,1,0,117,0
50,1,1,269,0
50,1,1,21,0
25,1,1,71,0
50,1,1,204,1
200,0,0,651,1
50,1,1,308,0
225,1,0,302,1
200,1,1,605,0
200,1,1,412,0
75,0,1,499,0
375,1,1,513,0
350,0,0,424,0
250,1,1,614,1
50,0,1,381,0
325,1,1,591,1
300,1,0,448,1
250,1,1,654,0
300,1,0,593,0
325,1,1,656,1
350,0,1,423,1
400,0,1,412,1
900,0,1,412,0
350,0,1,319,0
450,0,1,656,1
325,1,1,354,0
175,1,0,513,1
75,0,1,618,1
50,0,0,304,0
325,0,1,580,1
450,0,0,457,1
300,1,0,554,1
0,1,1,212,1
75,0,1,110,0
100,0,1,161,1
100,0,0,213,0
0,1,0,69,0
50,0,1,283,0
75,0,1,230,0
0,0,1,140,0
50,0,1,209,1
50,1,1,88,1
50,1,0,65,0
150,1,1,81,1
75,0,0,-20,0
75,1,1,167,1
75,0,1,108,0
650,0,0,639,1
375,0,0,632,1
325,0,0,476,1
450,0,0,397,0
350,0,0,595,1
375,0,0,316,1
325,0,0,340,1
375,0,0,547,1
1050,0,0,540,0
325,0,0,315,1
275,0,1,570,1
375,0,0,630,1
200,0,1,430,1
400,0,1,663,1
300,0,1,303,1
200,0,1,437,1
300,0,1,487,1
375,0,1,497,1
300,0,1,569,1
325,0,1,604,0
250,0,1,505,0
100,0,0,51,1
325,0,0,133,0
150,0,0,-34,0
0,1,1,-62,1
275,0,0,55,1
75,0,0,25,1
50,0,1,125,1
125,0,0,275,0
50,0,1,102,1
325,1,0,190,0
75,0,0,164,0
125,0,0,203,0
75,0,0,221,0
50,1,0,249,0
75,0,1,27,0
75,0,0,11,0
175,1,1,266,1
275,0,1,-36,1
325,1,0,101,1
50,0,1,-17,1
75,0,0,14,1
100,0,0,133,1
25,0,0,-36,1
0,1,1,66,1
25,0,0,25,0
275,0,0,149,0
25,0,1,65,0
225,0,1,291,1
75,1,0,210,1
100,0,1,228,0
150,1,0,244,0
75,0,1,280,0
50,0,1,-12,0
325,1,1,288,1
125,0,1,41,1
200,0,0,128,0
300,0,1,630,0
250,0,0,403,0
300,0,1,303,0
200,0,0,583,0
375,0,1,522,0
250,0,1,596,0
375,0,0,608,1
375,0,0,558,1
350,0,0,385,1
325,0,0,539,1
300,0,0,430,1
250,0,0,102,1
325,1,1,620,0
400,0,0,419,0
350,0,0,356,1
325,0,0,428,0
200,0,0,529,0
50,0,0,612,0
100,0,0,352,0
50,0,1,533,0
150,1,1,315,1
200,0,1,550,0
250,0,1,-8,0
400,1,0,113,1
25,0,0,81,1
275,0,1,161,1
350,0,1,-43,1
50,0,1,80,0
75,0,1,298,0
50,0,1,298,0
75,0,1,142,1
75,0,1,190,0
100,0,1,179,0
175,0,1,108,1
200,0,0,290,0
25,0,0,147,0
50,0,1,238,0
125,0,1,19,1
50,0,0,16,0
275,0,0,437,1
325,1,1,562,0
250,1,1,456,0
150,1,1,633,0
350,1,1,405,1
375,0,1,530,1
125,0,1,134,0
250,0,0,66,1
125,0,1,159,1
75,1,1,276,1
75,1,0,92,1
0,1,1,254,0
325,0,0,113,0
150,0,1,254,0
325,0,0,230,0
50,1,1,170,1
75,1,0,266,0
275,0,0,286,1
100,1,1,175,1
50,1,0,38,1
250,0,0,433,0
100,0,1,510,0
325,0,0,583,1
325,0,1,379,1
150,0,1,577,0
300,0,1,595,0
225,0,1,435,0
225,1,1,584,0
50,0,1,431,1
150,0,1,550,0
125,0,1,461,1
200,0,0,210,1
50,0,0,-35,1
50,0,0,23,0
25,1,0,-24,0
50,0,1,13,0
50,0,1,295,0
150,0,0,24,1
100,0,1,291,1
50,0,1,57,1
375,0,1,283,0
75,0,1,80,1
200,0,0,82,1
150,0,0,59,0
125,0,0,51,0
75,0,1,-25,0
175,0,0,-24,0
75,0,1,-12,0
150,1,1,336,0
300,1,1,315,1
300,1,1,501,0
350,0,1,317,1
300,1,1,478,1
275,1,1,572,0
350,1,1,644,0
300,0,1,306,1
250,0,1,597,1
350,0,0,578,1
50,1,1,429,0
100,1,1,315,1
50,0,1,4,1
50,0,1,56,0
50,1,1,197,1
50,0,1,106,0
400,0,1,227,1
50,0,1,175,0
100,1,1,223,0
125,0,0,189,0
0,0,1,142,0
25,0,1,4,1
0,1,1,209,1
75,0,1,-24,0
0,1,1,168,1
350,0,1,606,1
375,1,0,302,1
175,1,1,323,0
75,1,1,575,0
125,0,1,448,0
125,0,1,481,0
100,1,1,403,1
50,0,1,305,1
400,0,1,631,0
50,1,1,108,1
75,1,1,279,0
25,1,1,171,0
125,1,1,14,1
100,1,1,25,1
75,0,1,64,1
75,1,1,96,1
25,1,1,195,1
100,1,0,165,0
100,1,1,-28,1
25,1,1,107,1
50,0,1,140,0
50,1,1,-31,1
0,1,1,8,0
50,1,1,22,1
50,1,1,-37,1
0,1,1,-28,1
175,0,1,376,0
250,0,0,556,0
325,0,1,587,1
150,1,1,634,1
375,0,0,456,0
300,1,1,662,1
450,0,1,563,1
275,0,0,432,0
200,0,1,459,0
400,0,1,428,1
150,1,1,311,0
225,1,0,499,1
1150,0,0,402,0
300,0,0,645,0
25,1,1,344,0
350,0,0,563,0
325,0,0,516,1
175,1,1,322,1
325,0,1,624,1
125,1,1,459,0
175,1,1,373,1
125,0,1,317,1
75,1,1,573,1
200,0,1,462,0
350,0,1,556,1
300,1,1,413,1
300,0,1,363,0
50,1,1,135,0
125,0,1,112,1
50,0,1,-58,0
350,1,0,126,1
75,0,0,199,1
50,0,1,80,0
325,0,0,250,0
25,0,1,59,0
275,0,0,208,0
200,0,1,-60,1
225,0,1,16,1
25,0,1,204,1
50,0,1,154,1
225,0,0,243,1
50,0,1,137,0
225,0,1,184,1
75,0,0,105,0
50,0,1,282,0
50,0,1,169,1
75,0,1,119,0
100,0,1,182,0
100,0,0,-39,1
75,0,1,51,1
325,0,0,-43,0
125,0,1,274,0
50,0,1,212,0
50,0,1,-8,1
50,0,1,219,1
100,0,1,204,1
25,0,1,299,0
50,1,1,353,0
150,1,1,448,0
125,1,1,406,1
150,1,1,520,1
300,1,1,350,0
50,1,1,456,0
375,0,0,187,1
300,0,0,239,0
75,0,1,210,0
100,0,0,274,0
325,0,0,205,0
275,0,0,-11,1
200,0,0,42,1
75,0,1,88,1
250,0,0,275,0
275,0,1,54,0
550,0,0,260,0
50,0,1,290,0
275,0,0,58,0
175,0,1,484,0
25,0,0,309,0
450,0,1,320,1
125,0,1,318,0
325,0,1,647,1
200,0,1,639,1
350,0,1,415,1
225,0,1,357,0
25,0,1,536,1
325,0,1,435,1
75,1,1,509,1
150,0,1,423,0
175,0,1,499,1
225,0,1,383,0
375,1,0,381,1
300,1,1,579,0
275,0,1,397,1
100,0,1,327,1
275,0,1,507,1
300,0,1,563,1
50,0,1,527,0
175,0,1,430,0
150,0,1,590,1
250,0,1,316,0
275,0,1,596,0
325,0,1,538,0
325,0,1,442,1
175,0,1,445,0
300,0,1,617,1
175,0,1,435,1
375,0,1,461,1
250,0,1,372,0
225,0,0,601,0
250,1,1,630,0
325,0,1,323,0
175,1,1,418,1
225,0,1,529,0
250,0,1,638,0
225,0,1,392,0
275,0,0,450,0
75,1,0,401,1
100,1,1,419,0
50,0,1,248,0
100,0,1,53,0
50,0,1,199,1
25,0,1,14,1
100,0,0,30,0
300,0,1,280,0
100,0,1,268,1
175,0,0,-43,0
50,0,1,165,1
25,0,1,55,1
50,0,1,133,0
50,0,1,283,0
225,0,0,30,1
50,0,1,163,1
50,0,1,89,1
50,0,0,286,1
50,0,1,92,1
175,0,1,163,0
250,0,1,381,0
175,0,1,489,1
275,0,0,407,0
325,0,1,505,0
475,0,0,526,0
50,0,0,319,0
300,0,0,510,0
400,0,0,442,0
300,0,0,467,0
300,0,1,437,1
375,0,0,617,0
300,0,0,618,0
225,0,0,534,1
400,0,0,457,1
125,0,1,50,1
50,1,1,110,0
275,0,1,239,1
50,0,1,-24,1
50,1,0,101,0
0,1,1,63,1
100,0,1,210,0
0,1,1,89,0
225,1,1,-19,0
0,1,1,-40,0
75,0,1,202,1
0,1,1,276,1
225,0,1,112,0
150,0,1,164,1
0,1,1,-1,1
50,0,0,-26,0
225,0,1,461,1
200,1,1,502,1
325,1,1,592,0
300,1,1,617,0
275,1,1,619,0
250,1,1,490,0
300,0,1,505,0
50,1,1,658,1
200,1,0,507,0
500,1,0,419,0
50,1,1,524,1
200,0,1,501,0
300,0,1,352,1
350,0,0,505,0
225,0,1,485,1
300,0,1,550,1
425,0,0,652,1
350,0,0,607,1
225,0,1,389,0
175,0,1,295,0
100,0,1,29,0
25,0,1,-48,0
50,0,1,-12,0
50,0,1,201,1
125,0,1,163,1
100,0,1,270,1
50,0,1,157,0
50,1,0,181,0
100,0,1,224,1
100,1,1,281,0
25,0,0,37,0
175,0,0,47,1
25,0,1,276,1
125,1,0,218,0
100,0,1,264,0
75,0,1,164,1
25,0,1,-21,0
100,0,1,-18,1
225,0,1,11,1
50,0,1,195,1
25,1,0,69,1
200,0,0,192,0
125,0,1,277,0
50,1,1,140,0
100,0,1,207,1
0,0,1,-9,0
300,0,1,463,0
375,0,1,476,0
500,0,0,578,1
150,0,1,562,1
325,0,1,414,0
225,0,1,385,1
250,0,1,493,0
200,0,1,346,0
300,0,1,333,1
275,0,1,655,0
150,0,1,345,1
125,0,1,520,0
75,0,1,578,0
75,0,0,239,0
100,0,1,263,0
350,0,1,56,0
175,0,1,298,0
50,0,1,95,0
150,0,0,239,0
125,0,1,174,1
200,0,1,-8,1
150,1,1,103,0
175,0,0,118,1
50,0,1,-26,0
50,0,1,200,1
100,0,0,157,0
125,0,1,82,0
75,1,1,8,1
50,1,1,73,0
50,0,1,58,1
0,1,1,-53,0
50,0,1,164,0
100,0,1,211,0
0,1,1,288,1
175,1,1,243,1
25,1,1,213,0
50,1,1,47,1
0,1,1,241,0
200,1,1,141,1
0,1,1,111,0
75,1,1,126,1
50,0,1,24,1
100,0,1,254,0
100,0,0,-39,0
50,1,1,39,0
50,1,1,218,1
75,1,1,28,0
0,1,1,56,1
25,0,0,175,0
25,0,1,-20,0
175,1,1,262,1
200,0,1,175,1
75,0,0,243,0
150,0,1,69,1
150,0,0,169,0
75,0,0,-28,1
75,1,1,239,1
75,0,1,168,0
50,1,1,75,1
225,1,1,507,1
0,1,1,486,0
100,1,1,490,0
150,1,0,579,0
350,0,0,639,1
275,0,0,388,0
150,0,0,-3,1
25,1,1,223,1
100,1,1,-5,0
225,0,1,283,1
50,0,1,273,1
75,0,1,280,0
175,0,0,159,0
125,0,1,-31,1
150,0,1,144,1
175,1,1,278,0
50,1,1,234,1
225,0,1,192,0
100,0,1,272,1
25,0,1,127,0
75,0,1,123,0
75,0,1,191,1
150,0,0,183,0
0,1,1,206,1
200,0,1,97,1
25,0,0,17,1
50,0,1,116,0
150,0,1,217,0
50,0,1,224,1
75,0,0,244,1
50,1,1,292,1
50,1,1,276,1
75,1,0,-51,0
75,1,1,91,1
25,1,1,-5,0
0,1,1,176,0
125,0,0,221,1
75,1,1,134,0
50,0,1,173,1
300,0,0,130,1
175,0,1,-44,0
75,0,1,245,1
100,0,1,193,1
75,0,1,95,1
100,0,0,-20,0
75,0,1,221,1
225,1,0,226,1
100,0,1,-62,1
75,0,1,115,0
100,0,1,-19,0
225,0,1,77,0
175,0,0,137,0
50,0,0,221,0
125,0,0,149,1
25,0,0,277,1
275,0,0,149,1
50,0,1,-24,1
125,0,1,106,0
225,0,1,289,1
150,0,0,279,0
275,0,0,17,1
50,0,1,44,0
125,0,0,177,1
50,0,1,249,1
50,0,1,174,0
50,0,1,53,1
50,0,0,155,0
50,0,0,128,1
100,0,0,-6,0
50,0,1,234,1
200,0,0,208,0
50,0,1,49,1
25,0,1,-53,1
25,0,1,-17,1
75,1,1,402,0
350,1,1,648,1
75,1,1,529,0
275,0,1,567,1
350,0,0,404,0
300,0,0,514,1
350,0,0,654,0
225,0,0,493,0
300,0,1,596,0
325,0,1,493,1
200,1,0,422,1
350,0,1,561,1
50,0,1,34,0
0,1,1,187,0
100,0,0,4,0
50,1,1,212,1
300,1,0,280,1
50,0,1,-18,1
50,0,1,143,1
25,0,1,-56,1
25,1,0,-31,1
75,1,1,29,0
75,1,1,-34,1
50,0,1,60,1
200,0,1,122,1
50,1,1,166,0
100,1,1,140,0
200,1,0,141,0
100,0,0,86,1
25,1,1,70,1
75,1,0,245,1
150,0,0,107,0
50,1,1,109,1
75,0,0,87,1
50,0,1,-15,0
175,0,0,189,0
75,0,1,10,0
175,1,1,83,0
50,0,1,131,0
125,0,0,83,1
50,0,0,203,0
225,0,1,50,1
100,0,0,76,0
50,1,1,181,0
75,0,1,18,0
75,0,0,-19,1
0,1,1,127,0
0,1,1,-7,1
50,0,0,198,0
100,0,0,50,0
200,0,0,568,0
325,0,1,502,1
175,1,1,414,1
225,0,1,538,1
275,0,1,609,0
325,0,1,574,0
100,0,1,638,1
225,0,1,484,0
325,0,1,440,0
250,0,1,406,0
100,0,1,429,1
350,0,1,581,0
200,0,1,414,1
75,0,0,604,1
350,0,1,534,1
200,0,1,436,1
350,0,1,474,1
50,0,1,315,0
225,1,1,611,1
275,0,1,652,0
375,0,0,530,0
150,0,1,537,0
175,0,1,506,1
225,0,0,471,1
