InternalConflict,LaggedGDPGrowth,InitialGDP,Democracy,Mountains,EthnicFrac,ReligiousFrac,LaggedRainfallGrowth,country_name,year
0,-0.15287771821022034,0.5559999942779541,-7,0,0.8037569522857666,0.5449999570846558,-0.04880325123667717,Guinea-Bissau,1981
0,0.21656057238578796,0.5559999942779541,-7,0,0.8037569522857666,0.5449999570846558,0.170644149184227,Guinea-Bissau,1982
0,0.10471204668283463,0.5559999942779541,-7,0,0.8037569522857666,0.5449999570846558,0.023161817342042923,Guinea-Bissau,1983
0,-0.042654044926166534,0.5559999942779541,-7,0,0.8037569522857666,0.5449999570846558,-0.215036541223526,Guinea-Bissau,1984
0,0.03465341404080391,0.5559999942779541,-8,0,0.8037569522857666,0.5449999570846558,0.09845955669879913,Guinea-Bissau,1985
0,0.0366826206445694,0.5559999942779541,-8,0,0.8037569522857666,0.5449999570846558,0.018551833927631378,Guinea-Bissau,1986
0,-0.03538462147116661,0.5559999942779541,-8,0,0.8037569522857666,0.5449999570846558,0.054580722004175186,Guinea-Bissau,1987
0,0,0.5559999942779541,-8,0,0.8037569522857666,0.5449999570846558,0.20524469017982483,Guinea-Bissau,1988
0,0.04306221753358841,0.5559999942779541,-8,0,0.8037569522857666,0.5449999570846558,0.09690031409263611,Guinea-Bissau,1989
0,0.06727833300828934,0.5559999942779541,-8,0,0.8037569522857666,0.5449999570846558,-0.010923752561211586,Guinea-Bissau,1990
0,-0.012893986888229847,0.5559999942779541,-6,0,0.8037569522857666,0.5449999570846558,-0.21970123052597046,Guinea-Bissau,1991
0,-0.1393323838710785,0.5559999942779541,-6,0,0.8037569522857666,0.5449999570846558,0.17590197920799255,Guinea-Bissau,1992
0,0.0691399797797203,0.5559999942779541,-6,0,0.8037569522857666,0.5449999570846558,-0.07603174448013306,Guinea-Bissau,1993
0,-0.0011880502570420504,0.5559999942779541,-6,0,0.8037569522857666,0.5449999570846558,0.22138440608978271,Guinea-Bissau,1994
0,0.008535893633961678,0.5559999942779541,5,0,0.8037569522857666,0.5449999570846558,-0.12570615112781525,Guinea-Bissau,1995
0,0.01905321329832077,0.5559999942779541,5,0,0.8037569522857666,0.5449999570846558,0.011130991391837597,Guinea-Bissau,1996
0,0.021861791610717773,0.5559999942779541,5,0,0.8037569522857666,0.5449999570846558,0.009940666146576405,Guinea-Bissau,1997
1,0.031022602692246437,0.5559999942779541,5,0,0.8037569522857666,0.5449999570846558,-0.022376351058483124,Guinea-Bissau,1998
1,-0.2964378595352173,0.5559999942779541,0,0,0.8037569522857666,0.5449999570846558,-0.07072976231575012,Guinea-Bissau,1999
1,-0.013579105958342552,1.031000018119812,8,0,0.727814793586731,0.1818000078201294,-0.19194486737251282,Gambia,1981
0,-0.125860333442688,1.031000018119812,7,0,0.727814793586731,0.1818000078201294,0.26019328832626343,Gambia,1982
0,-0.01912263222038746,1.031000018119812,7,0,0.727814793586731,0.1818000078201294,-0.11188112199306488,Gambia,1983
0,-0.17316509783267975,1.031000018119812,7,0,0.727814793586731,0.1818000078201294,-0.22891896963119507,Gambia,1984
0,0.11095698177814484,1.031000018119812,7,0,0.727814793586731,0.1818000078201294,0.15477700531482697,Gambia,1985
0,-0.03995006904006004,1.031000018119812,7,0,0.727814793586731,0.1818000078201294,0.10649745166301727,Gambia,1986
0,0.09622886776924133,1.031000018119812,7,0,0.727814793586731,0.1818000078201294,0.25649866461753845,Gambia,1987
0,0.011862385086715221,1.031000018119812,7,0,0.727814793586731,0.1818000078201294,0.019414380192756653,Gambia,1988
0,-0.05744427442550659,1.031000018119812,7,0,0.727814793586731,0.1818000078201294,0.14833520352840424,Gambia,1989
0,0.004975134506821632,1.031000018119812,7,0,0.727814793586731,0.1818000078201294,-0.08798131346702576,Gambia,1990
0,-0.011138617992401123,1.031000018119812,8,0,0.727814793586731,0.1818000078201294,-0.23776111006736755,Gambia,1991
0,-0.013032081536948681,1.031000018119812,8,0,0.727814793586731,0.1818000078201294,0.022939002141356468,Gambia,1992
0,-0.00797833502292633,1.031000018119812,8,0,0.727814793586731,0.1818000078201294,0.05837412178516388,Gambia,1993
0,-0.008393825963139534,1.031000018119812,8,0,0.727814793586731,0.1818000078201294,0.07241654396057129,Gambia,1994
0,-0.032121218740940094,1.031000018119812,-7,0,0.727814793586731,0.1818000078201294,0.17620253562927246,Gambia,1995
0,-0.02260293811559677,1.031000018119812,-7,0,0.727814793586731,0.1818000078201294,-0.1866869181394577,Gambia,1996
0,-0.008846904151141644,1.031000018119812,-6,0,0.727814793586731,0.1818000078201294,0.02206016145646572,Gambia,1997
0,0.017218537628650665,1.031000018119812,-5,0,0.727814793586731,0.1818000078201294,-0.06792577356100082,Gambia,1998
0,0.01811434142291546,1.031000018119812,-5,0,0.727814793586731,0.1818000078201294,0.0021845181472599506,Gambia,1999
0,-0.034482747316360474,0.5509999990463257,-7,0.4000000059604645,0.7783107161521912,0.1818000078201294,0.026990484446287155,Mali,1981
0,-0.03759394958615303,0.5509999990463257,-7,0.4000000059604645,0.7783107161521912,0.1818000078201294,-0.05856148898601532,Mali,1982
0,0.02343742921948433,0.5509999990463257,-7,0.4000000059604645,0.7783107161521912,0.1818000078201294,-0.17229154706001282,Mali,1983
0,-0.040076274424791336,0.5509999990463257,-7,0.4000000059604645,0.7783107161521912,0.1818000078201294,-0.08349652588367462,Mali,1984
0,0.005964137613773346,0.5509999990463257,-7,0.4000000059604645,0.7783107161521912,0.1818000078201294,-3.477707505226135e-4,Mali,1985
0,0.05138344690203667,0.5509999990463257,-7,0.4000000059604645,0.7783107161521912,0.1818000078201294,0.197707399725914,Mali,1986
0,0.03383459895849228,0.5509999990463257,-7,0.4000000059604645,0.7783107161521912,0.1818000078201294,0.050527457147836685,Mali,1987
0,-0.03636370971798897,0.5509999990463257,-7,0.4000000059604645,0.7783107161521912,0.1818000078201294,-0.15952517092227936,Mali,1988
0,-0.02641509287059307,0.5509999990463257,-7,0.4000000059604645,0.7783107161521912,0.1818000078201294,0.3499492406845093,Mali,1989
1,0.07751942425966263,0.5509999990463257,-7,0.4000000059604645,0.7783107161521912,0.1818000078201294,-0.08319269120693207,Mali,1990
0,-0.044963985681533813,0.5509999990463257,-7,0.4000000059604645,0.7783107161521912,0.1818000078201294,-0.21237708628177643,Mali,1991
0,-0.06779663264751434,0.5509999990463257,0,0.4000000059604645,0.7783107161521912,0.1818000078201294,0.2286686897277832,Mali,1992
0,0.0548463873565197,0.5509999990463257,7,0.4000000059604645,0.7783107161521912,0.1818000078201294,0.016628984361886978,Mali,1993
1,-0.04595135524868965,0.5509999990463257,7,0.4000000059604645,0.7783107161521912,0.1818000078201294,-0.08424985408782959,Mali,1994
0,-0.015520726330578327,0.5509999990463257,7,0.4000000059604645,0.7783107161521912,0.1818000078201294,0.4597853720188141,Mali,1995
0,0.03768278658390045,0.5509999990463257,7,0.4000000059604645,0.7783107161521912,0.1818000078201294,-0.24741427600383759,Mali,1996
0,0.00880318321287632,0.5509999990463257,7,0.4000000059604645,0.7783107161521912,0.1818000078201294,-0.07652230560779572,Mali,1997
0,0.04340673238039017,0.5509999990463257,6,0.4000000059604645,0.7783107161521912,0.1818000078201294,-0.03141643479466438,Mali,1998
0,0.010248762555420399,0.5509999990463257,6,0.4000000059604645,0.7783107161521912,0.1818000078201294,0.23097242414951324,Mali,1999
0,-0.03407161682844162,1.1740000247955322,-2,0,0.7227722406387329,0.14960002899169922,-0.1695128083229065,Senegal,1981
0,0.004409272223711014,1.1740000247955322,-1,0,0.7227722406387329,0.14960002899169922,0.21750767529010773,Senegal,1982
0,0.05618954077363014,1.1740000247955322,-1,0,0.7227722406387329,0.14960002899169922,-0.08771569281816483,Senegal,1983
0,-0.012468816712498665,1.1740000247955322,-1,0,0.7227722406387329,0.14960002899169922,-0.2514525353908539,Senegal,1984
0,-0.0513467937707901,1.1740000247955322,-1,0,0.7227722406387329,0.14960002899169922,0.16426120698451996,Senegal,1985
0,0.031943224370479584,1.1740000247955322,-1,0,0.7227722406387329,0.14960002899169922,0.13079099357128143,Senegal,1986
0,-0.0068787760101258755,1.1740000247955322,-1,0,0.7227722406387329,0.14960002899169922,0.18587234616279602,Senegal,1987
0,0.013852842152118683,1.1740000247955322,-1,0,0.7227722406387329,0.14960002899169922,0.021486924961209297,Senegal,1988
0,8.540108683519065e-4,1.1740000247955322,-1,0,0.7227722406387329,0.14960002899169922,0.16256040334701538,Senegal,1989
1,-0.028156988322734833,1.1740000247955322,-1,0,0.7227722406387329,0.14960002899169922,-0.0575721450150013,Senegal,1990
0,0.005267710890620947,1.1740000247955322,-1,0,0.7227722406387329,0.14960002899169922,-0.28960710763931274,Senegal,1991
1,-0.02183404006063938,1.1740000247955322,-1,0,0.7227722406387329,0.14960002899169922,0.03114115446805954,Senegal,1992
1,-0.0033008200116455555,1.1740000247955322,-1,0,0.7227722406387329,0.14960002899169922,0.04052354022860527,Senegal,1993
0,-0.04725056514143944,1.1740000247955322,-1,0,0.7227722406387329,0.14960002899169922,0.10939357429742813,Senegal,1994
1,0.002575503895059228,1.1740000247955322,-1,0,0.7227722406387329,0.14960002899169922,0.1398373395204544,Senegal,1995
0,0.024368347600102425,1.1740000247955322,-1,0,0.7227722406387329,0.14960002899169922,-0.1333213895559311,Senegal,1996
1,0.023089267313480377,1.1740000247955322,-1,0,0.7227722406387329,0.14960002899169922,-0.01084576454013586,Senegal,1997
1,0.0217233058065176,1.1740000247955322,-1,0,0.7227722406387329,0.14960002899169922,-0.08991383761167526,Senegal,1998
1,0.028686705976724625,1.1740000247955322,-1,0,0.7227722406387329,0.14960002899169922,0.03448987007141113,Senegal,1999
0,0.05492421239614487,1.055999994277954,-7,0,0.6181775331497192,0.4649999737739563,-0.08152759075164795,Benin,1981
0,0.05655303969979286,1.055999994277954,-7,0,0.6181775331497192,0.4649999737739563,-0.031209763139486313,Benin,1982
0,-0.1350892335176468,1.055999994277954,-7,0,0.6181775331497192,0.4649999737739563,0.038273196667432785,Benin,1983
0,-0.00982317328453064,1.055999994277954,-7,0,0.6181775331497192,0.4649999737739563,-0.1101788803935051,Benin,1984
0,0.02480156347155571,1.055999994277954,-7,0,0.6181775331497192,0.4649999737739563,0.12808705866336823,Benin,1985
0,0.07260411232709885,1.055999994277954,-7,0,0.6181775331497192,0.4649999737739563,0.016300341114401817,Benin,1986
0,-0.04061378538608551,1.055999994277954,-7,0,0.6181775331497192,0.4649999737739563,0.001997046871110797,Benin,1987
0,-0.06396985799074173,1.055999994277954,-7,0,0.6181775331497192,0.4649999737739563,-0.10598073899745941,Benin,1988
0,0,1.055999994277954,-7,0,0.6181775331497192,0.4649999737739563,0.174819216132164,Benin,1989
0,-0.07437185943126678,1.055999994277954,-7,0,0.6181775331497192,0.4649999737739563,0.11288025230169296,Benin,1990
0,-0.0010857624001801014,1.055999994277954,0,0,0.6181775331497192,0.4649999737739563,-0.21179771423339844,Benin,1991
0,0.02826082892715931,1.055999994277954,6,0,0.6181775331497192,0.4649999737739563,0.39833053946495056,Benin,1992
0,0.00995580293238163,1.055999994277954,6,0,0.6181775331497192,0.4649999737739563,-0.14058054983615875,Benin,1993
0,0.006086352281272411,1.055999994277954,6,0,0.6181775331497192,0.4649999737739563,-0.030846552923321724,Benin,1994
0,0.014470779336988926,1.055999994277954,6,0,0.6181775331497192,0.4649999737739563,0.18388999998569489,Benin,1995
0,0.017286263406276703,1.055999994277954,6,0,0.6181775331497192,0.4649999737739563,-0.15752746164798737,Benin,1996
0,0.026479965075850487,1.055999994277954,6,0,0.6181775331497192,0.4649999737739563,0.005324796307832003,Benin,1997
0,0.02861304022371769,1.055999994277954,6,0,0.6181775331497192,0.4649999737739563,-0.029917802661657333,Benin,1998
0,0.01681591011583805,1.055999994277954,6,0,0.6181775331497192,0.4649999737739563,0.12649817764759064,Benin,1999
0,-0.04940924048423767,0.9309999942779541,-7,0,0.3354172706604004,0,-0.07132702320814133,Mauritania,1981
0,0.0033898542169481516,0.9309999942779541,-7,0,0.3354172706604004,0,0.07934360951185226,Mauritania,1982
0,-0.0033784019760787487,0.9309999942779541,-7,0,0.3354172706604004,0,-0.3156113624572754,Mauritania,1983
0,0.06101697310805321,0.9309999942779541,-7,0,0.3354172706604004,0,-0.08554252237081528,Mauritania,1984
0,-0.09797658026218414,0.9309999942779541,-7,0,0.3354172706604004,0,0.1174078956246376,Mauritania,1985
0,-0.02715466544032097,0.9309999942779541,-7,0,0.3354172706604004,0,0.122146837413311,Mauritania,1986
0,0.018203865736722946,0.9309999942779541,-7,0,0.3354172706604004,0,0.007459002081304789,Mauritania,1987
0,-0.03575681895017624,0.9309999942779541,-7,0,0.3354172706604004,0,-0.18843451142311096,Mauritania,1988
0,-0.02595800720155239,0.9309999942779541,-7,0,0.3354172706604004,0,0.35082894563674927,Mauritania,1989
0,0.025380762293934822,0.9309999942779541,-7,0,0.3354172706604004,0,0.13816681504249573,Mauritania,1990
0,-0.021039627492427826,0.9309999942779541,-7,0,0.3354172706604004,0,-0.45541632175445557,Mauritania,1991
0,0.013906419277191162,0.9309999942779541,-6,0,0.3354172706604004,0,0.043565534055233,Mauritania,1992
0,0.04364093020558357,0.9309999942779541,-6,0,0.3354172706604004,0,-0.07810395956039429,Mauritania,1993
0,0.02584192529320717,0.9309999942779541,-6,0,0.3354172706604004,0,0.4248136281967163,Mauritania,1994
0,0.016870472580194473,0.9309999942779541,-6,0,0.3354172706604004,0,0.38386064767837524,Mauritania,1995
0,0.0178671907633543,0.9309999942779541,-6,0,0.3354172706604004,0,-0.06542488932609558,Mauritania,1996
0,0.026182061061263084,0.9309999942779541,-6,0,0.3354172706604004,0,-0.2891479432582855,Mauritania,1997
0,0.003998870495706797,0.9309999942779541,-6,0,0.3354172706604004,0,-0.008038012310862541,Mauritania,1998
0,0.008603695780038834,0.9309999942779541,-6,0,0.3354172706604004,0,0.08996789157390594,Mauritania,1999
0,0.015580790117383003,0.7059999704360962,-7,2.1000001430511475,0.7325880527496338,0.3199999928474426,0.08002728223800659,Niger,1981
0,-0.012552306056022644,0.7059999704360962,-7,2.1000001430511475,0.7325880527496338,0.3199999928474426,-0.24711084365844727,Niger,1982
0,0.008474551141262054,0.7059999704360962,-7,2.1000001430511475,0.7325880527496338,0.3199999928474426,-0.017493845894932747,Niger,1983
0,-0.05462181568145752,0.7059999704360962,-7,2.1000001430511475,0.7325880527496338,0.3199999928474426,-0.1585334688425064,Niger,1984
0,-0.1496296375989914,0.7059999704360962,-7,2.1000001430511475,0.7325880527496338,0.3199999928474426,-0.12238674610853195,Niger,1985
0,-0.026132378727197647,0.7059999704360962,-7,2.1000001430511475,0.7325880527496338,0.3199999928474426,0.2841103971004486,Niger,1986
0,0.01967795565724373,0.7059999704360962,-7,2.1000001430511475,0.7325880527496338,0.3199999928474426,-0.11188191175460815,Niger,1987
0,-0.04736844077706337,0.7059999704360962,-7,2.1000001430511475,0.7325880527496338,0.3199999928474426,-0.32991328835487366,Niger,1988
0,-0.011049691587686539,0.7059999704360962,-7,2.1000001430511475,0.7325880527496338,0.3199999928474426,0.684585690498352,Niger,1989
1,-0.05959032475948334,0.7059999704360962,-7,2.1000001430511475,0.7325880527496338,0.3199999928474426,-0.13312876224517822,Niger,1990
1,-0.04319625347852707,0.7059999704360962,-7,2.1000001430511475,0.7325880527496338,0.3199999928474426,-0.34200429916381836,Niger,1991
1,-0.00693487050011754,0.7059999704360962,1,2.1000001430511475,0.7325880527496338,0.3199999928474426,0.5492855906486511,Niger,1992
0,-0.0965651124715805,0.7059999704360962,8,2.1000001430511475,0.7325880527496338,0.3199999928474426,-0.04756033793091774,Niger,1993
1,-0.020428188145160675,0.7059999704360962,8,2.1000001430511475,0.7325880527496338,0.3199999928474426,-0.11947375535964966,Niger,1994
0,0.005109590478241444,0.7059999704360962,8,2.1000001430511475,0.7325880527496338,0.3199999928474426,0.8739827871322632,Niger,1995
1,-0.008137290365993977,0.7059999704360962,8,2.1000001430511475,0.7325880527496338,0.3199999928474426,-0.3470386862754822,Niger,1996
1,-0.0018369195749983191,0.7059999704360962,-6,2.1000001430511475,0.7325880527496338,0.3199999928474426,-0.06511072814464569,Niger,1997
0,-0.006864679511636496,0.7059999704360962,-6,2.1000001430511475,0.7325880527496338,0.3199999928474426,-0.044658102095127106,Niger,1998
0,0.06711986660957336,0.7059999704360962,-6,2.1000001430511475,0.7325880527496338,0.3199999928474426,0.38467666506767273,Niger,1999
0,-0.19658885896205902,2.2279999256134033,-9,0.4000000059604645,0.8592934608459473,0.5591999888420105,-0.08378946036100388,Ivory Coast,1981
0,0,2.2279999256134033,-9,0.4000000059604645,0.8592934608459473,0.5591999888420105,-0.04916534200310707,Ivory Coast,1982
0,-0.051955271512269974,2.2279999256134033,-9,0.4000000059604645,0.8592934608459473,0.5591999888420105,0.01387098990380764,Ivory Coast,1983
0,-0.046552736312150955,2.2279999256134033,-9,0.4000000059604645,0.8592934608459473,0.5591999888420105,-0.2415829747915268,Ivory Coast,1984
0,-0.0488257072865963,2.2279999256134033,-9,0.4000000059604645,0.8592934608459473,0.5591999888420105,0.3697177469730377,Ivory Coast,1985
0,0.0038985852152109146,2.2279999256134033,-9,0.4000000059604645,0.8592934608459473,0.5591999888420105,-0.004606140311807394,Ivory Coast,1986
0,0.008414247073233128,2.2279999256134033,-9,0.4000000059604645,0.8592934608459473,0.5591999888420105,-0.06418445706367493,Ivory Coast,1987
0,-0.024390235543251038,2.2279999256134033,-9,0.4000000059604645,0.8592934608459473,0.5591999888420105,0.09673984348773956,Ivory Coast,1988
0,-0.06644733995199203,2.2279999256134033,-9,0.4000000059604645,0.8592934608459473,0.5591999888420105,-0.1021464467048645,Ivory Coast,1989
0,-0.058491937816143036,2.2279999256134033,-9,0.4000000059604645,0.8592934608459473,0.5591999888420105,0.11669822782278061,Ivory Coast,1990
0,-0.09206580370664597,2.2279999256134033,-7,0.4000000059604645,0.8592934608459473,0.5591999888420105,-0.15187378227710724,Ivory Coast,1991
0,-0.045342180877923965,2.2279999256134033,-7,0.4000000059604645,0.8592934608459473,0.5591999888420105,0.0976276621222496,Ivory Coast,1992
0,-0.04663214087486267,2.2279999256134033,-7,0.4000000059604645,0.8592934608459473,0.5591999888420105,-0.1166987419128418,Ivory Coast,1993
0,-0.03373676910996437,2.2279999256134033,-7,0.4000000059604645,0.8592934608459473,0.5591999888420105,0.03706369176506996,Ivory Coast,1994
0,-0.012325592339038849,2.2279999256134033,-6,0.4000000059604645,0.8592934608459473,0.5591999888420105,0.04022020474076271,Ivory Coast,1995
0,0.037975624203681946,2.2279999256134033,-6,0.4000000059604645,0.8592934608459473,0.5591999888420105,0.032949671149253845,Ivory Coast,1996
0,0.03750298172235489,2.2279999256134033,-6,0.4000000059604645,0.8592934608459473,0.5591999888420105,-0.10122623294591904,Ivory Coast,1997
0,0.03592148795723915,2.2279999256134033,-6,0.4000000059604645,0.8592934608459473,0.5591999888420105,-0.053973350673913956,Ivory Coast,1998
0,0.016277136281132698,2.2279999256134033,-6,0.4000000059604645,0.8592934608459473,0.5591999888420105,0.007980388589203358,Ivory Coast,1999
0,0.07499997317790985,0.7599999904632568,-9,3.200000286102295,0.749607503414154,0.2662000060081482,-0.0660046935081482,Guinea,1981
0,-0.05752753093838692,0.7599999904632568,-9,3.200000286102295,0.749607503414154,0.2662000060081482,0.12095065414905548,Guinea,1982
0,0.015584447421133518,0.7599999904632568,-9,3.200000286102295,0.749607503414154,0.2662000060081482,-0.12251165509223938,Guinea,1983
0,-0.044757068157196045,0.7599999904632568,-9,3.200000286102295,0.749607503414154,0.2662000060081482,-0.2123887985944748,Guinea,1984
0,-0.06425700336694717,0.7599999904632568,-7,3.200000286102295,0.749607503414154,0.2662000060081482,0.02692912518978119,Guinea,1985
0,0.018598012626171112,0.7599999904632568,-7,3.200000286102295,0.749607503414154,0.2662000060081482,0.07666808366775513,Guinea,1986
0,0.029494335874915123,0.7599999904632568,-7,3.200000286102295,0.749607503414154,0.2662000060081482,0.17772707343101501,Guinea,1987
0,0.013642552308738232,0.7599999904632568,-7,3.200000286102295,0.749607503414154,0.2662000060081482,-0.009513180702924728,Guinea,1988
0,0.04306865110993385,0.7599999904632568,-7,3.200000286102295,0.749607503414154,0.2662000060081482,0.066219262778759,Guinea,1989
0,0,0.7599999904632568,-7,3.200000286102295,0.749607503414154,0.2662000060081482,0.04112539812922478,Guinea,1990
0,-0.010322525165975094,0.7599999904632568,-7,3.200000286102295,0.749607503414154,0.2662000060081482,-0.05193046107888222,Guinea,1991
0,-0.005215134471654892,0.7599999904632568,-5,3.200000286102295,0.749607503414154,0.2662000060081482,0.07408913969993591,Guinea,1992
0,-0.03014416992664337,0.7599999904632568,-5,3.200000286102295,0.749607503414154,0.2662000060081482,-0.014634097926318645,Guinea,1993
0,0.019463010132312775,0.7599999904632568,-5,3.200000286102295,0.749607503414154,0.2662000060081482,-0.07285340130329132,Guinea,1994
0,0.014040134847164154,0.7599999904632568,-5,3.200000286102295,0.749607503414154,0.2662000060081482,0.14537252485752106,Guinea,1995
0,0.01725877821445465,0.7599999904632568,-1,3.200000286102295,0.749607503414154,0.2662000060081482,-0.1737980842590332,Guinea,1996
0,0.02066097781062126,0.7599999904632568,-1,3.200000286102295,0.749607503414154,0.2662000060081482,-0.057774804532527924,Guinea,1997
1,0.02321000210940838,0.7599999904632568,-1,3.200000286102295,0.749607503414154,0.2662000060081482,-0.06298225373029709,Guinea,1998
1,0.021257352083921432,0.7599999904632568,-1,3.200000286102295,0.749607503414154,0.2662000060081482,0.06479764729738235,Guinea,1999
0,-0.008676807396113873,0.460999995470047,-7,0,0.6782554388046265,0.5800000429153442,-0.0669962465763092,Burkina Faso,1981
0,0.019693661481142044,0.460999995470047,-7,0,0.6782554388046265,0.5800000429153442,-0.04020104929804802,Burkina Faso,1982
0,0.09871251881122589,0.460999995470047,-7,0,0.6782554388046265,0.5800000429153442,0.007910395972430706,Burkina Faso,1983
0,-0.01953134685754776,0.460999995470047,-7,0,0.6782554388046265,0.5800000429153442,-0.14046387374401093,Burkina Faso,1984
0,-0.05577683076262474,0.460999995470047,-7,0,0.6782554388046265,0.5800000429153442,0.12234890460968018,Burkina Faso,1985
0,0.04430379346013069,0.460999995470047,-7,0,0.6782554388046265,0.5800000429153442,0.17089208960533142,Burkina Faso,1986
1,0.03232317790389061,0.460999995470047,-7,0,0.6782554388046265,0.5800000429153442,0.008674046024680138,Burkina Faso,1987
0,0,0.460999995470047,-7,0,0.6782554388046265,0.5800000429153442,-0.09106884151697159,Burkina Faso,1988
0,0.02152649313211441,0.460999995470047,-7,0,0.6782554388046265,0.5800000429153442,0.13566488027572632,Burkina Faso,1989
1,-0.005747166462242603,0.460999995470047,-7,0,0.6782554388046265,0.5800000429153442,0.032880667597055435,Burkina Faso,1990
1,-0.015414289198815823,0.460999995470047,-7,0,0.6782554388046265,0.5800000429153442,-0.20111379027366638,Burkina Faso,1991
0,0.02152649313211441,0.460999995470047,-5,0,0.6782554388046265,0.5800000429153442,0.340276300907135,Burkina Faso,1992
0,-0.015325700864195824,0.460999995470047,-5,0,0.6782554388046265,0.5800000429153442,-0.08806280046701431,Burkina Faso,1993
0,-0.03092796914279461,0.460999995470047,-5,0,0.6782554388046265,0.5800000429153442,-0.058146193623542786,Burkina Faso,1994
0,-0.011312315240502357,0.460999995470047,-5,0,0.6782554388046265,0.5800000429153442,0.20209404826164246,Burkina Faso,1995
0,0.016192473471164703,0.460999995470047,-5,0,0.6782554388046265,0.5800000429153442,-0.15621402859687805,Burkina Faso,1996
0,0.035118937492370605,0.460999995470047,-5,0,0.6782554388046265,0.5800000429153442,0.01763654500246048,Burkina Faso,1997
0,0.021777097135782242,0.460999995470047,-4,0,0.6782554388046265,0.5800000429153442,0.01695711351931095,Burkina Faso,1998
0,0.036792293190956116,0.460999995470047,-4,0,0.6782554388046265,0.5800000429153442,0.06234218180179596,Burkina Faso,1999
0,-0.08669950813055038,1.0149999856948853,-7,0.6000000238418579,0.8299122452735901,0.6399999856948853,-0.10251418501138687,Liberia,1981
0,0.03775623068213463,1.0149999856948853,-7,0.6000000238418579,0.8299122452735901,0.6399999856948853,0.05064425244927406,Liberia,1982
0,-0.027027050033211708,1.0149999856948853,-7,0.6000000238418579,0.8299122452735901,0.6399999856948853,-0.045784205198287964,Liberia,1983
0,-0.01602562516927719,1.0149999856948853,-7,0.6000000238418579,0.8299122452735901,0.6399999856948853,-0.23287397623062134,Liberia,1984
0,-0.05646035447716713,1.0149999856948853,-6,0.6000000238418579,0.8299122452735901,0.6399999856948853,0.23614291846752167,Liberia,1985
0,-0.01841200515627861,1.0149999856948853,-6,0.6000000238418579,0.8299122452735901,0.6399999856948853,-0.06540326029062271,Liberia,1986
0,-0.07620164006948471,1.0149999856948853,-6,0.6000000238418579,0.8299122452735901,0.6399999856948853,0.07565705478191376,Liberia,1987
0,0.09644674509763718,1.0149999856948853,-6,0.6000000238418579,0.8299122452735901,0.6399999856948853,0.04223521426320076,Liberia,1988
1,0.008101816289126873,1.0149999856948853,-6,0.6000000238418579,0.8299122452735901,0.6399999856948853,-0.0012388109462335706,Liberia,1989
1,-0.03099886327981949,1.0149999856948853,-6,0.6000000238418579,0.8299122452735901,0.6399999856948853,0.08637913316488266,Liberia,1990
1,-0.0497630275785923,1.0149999856948853,0,0.6000000238418579,0.8299122452735901,0.6399999856948853,-0.23038451373577118,Liberia,1991
0,-0.04285714030265808,1.190000057220459,-7,1.7000000476837158,0.7688465118408203,0.5399999618530273,-0.12036248296499252,Sierra Leone,1981
0,-0.036874499171972275,1.190000057220459,-7,1.7000000476837158,0.7688465118408203,0.5399999618530273,0.1439855396747589,Sierra Leone,1982
0,-0.020966272801160812,1.190000057220459,-7,1.7000000476837158,0.7688465118408203,0.5399999618530273,-0.0879434198141098,Sierra Leone,1983
0,0.05493483692407608,1.190000057220459,-7,1.7000000476837158,0.7688465118408203,0.5399999618530273,-0.1737806499004364,Sierra Leone,1984
0,-0.14827893674373627,1.190000057220459,-7,1.7000000476837158,0.7688465118408203,0.5399999618530273,-0.005722654052078724,Sierra Leone,1985
0,-0.0621761716902256,1.190000057220459,-7,1.7000000476837158,0.7688465118408203,0.5399999618530273,0.04932520166039467,Sierra Leone,1986
0,-0.026519326493144035,1.190000057220459,-7,1.7000000476837158,0.7688465118408203,0.5399999618530273,0.1933070421218872,Sierra Leone,1987
0,-0.014755972661077976,1.190000057220459,-7,1.7000000476837158,0.7688465118408203,0.5399999618530273,0.01481714192777872,Sierra Leone,1988
0,0.02419358119368553,1.190000057220459,-7,1.7000000476837158,0.7688465118408203,0.5399999618530273,-0.07381907105445862,Sierra Leone,1989
0,0.03487066179513931,1.190000057220459,-7,1.7000000476837158,0.7688465118408203,0.5399999618530273,0.07910165935754776,Sierra Leone,1990
1,-0.0206521674990654,1.190000057220459,-7,1.7000000476837158,0.7688465118408203,0.5399999618530273,-0.09549466520547867,Sierra Leone,1991
1,0.02774692140519619,1.190000057220459,-6,1.7000000476837158,0.7688465118408203,0.5399999618530273,0.05843693017959595,Sierra Leone,1992
1,-0.20734338462352753,1.190000057220459,-7,1.7000000476837158,0.7688465118408203,0.5399999618530273,0.05219612643122673,Sierra Leone,1993
1,-0.023229489102959633,1.190000057220459,-7,1.7000000476837158,0.7688465118408203,0.5399999618530273,-0.05041653290390968,Sierra Leone,1994
1,0.009989139623939991,1.190000057220459,-7,1.7000000476837158,0.7688465118408203,0.5399999618530273,-0.013140778057277203,Sierra Leone,1995
1,-0.12219792604446411,1.190000057220459,-7,1.7000000476837158,0.7688465118408203,0.5399999618530273,-0.06835076212882996,Sierra Leone,1996
1,0.022028695791959763,1.190000057220459,4,1.7000000476837158,0.7688465118408203,0.5399999618530273,-0.10109242796897888,Sierra Leone,1997
1,-0.19646580517292023,1.190000057220459,0,1.7000000476837158,0.7688465118408203,0.5399999618530273,-0.1401284784078598,Sierra Leone,1998
1,-0.029258571565151215,1.190000057220459,0,1.7000000476837158,0.7688465118408203,0.5399999618530273,0.03419262543320656,Sierra Leone,1999
1,0.028451012447476387,0.9490000009536743,6,0,0.7061232924461365,0.7015999555587769,-0.10158424824476242,Ghana,1981
0,-0.04098362848162651,0.9490000009536743,-1,0,0.7061232924461365,0.7015999555587769,-0.0633523091673851,Ghana,1982
1,-0.15064099431037903,0.9490000009536743,-7,0,0.7061232924461365,0.7015999555587769,-0.1227516457438469,Ghana,1983
0,-0.031446583569049835,0.9490000009536743,-7,0,0.7061232924461365,0.7015999555587769,-0.14279940724372864,Ghana,1984
0,0.01948057860136032,0.9490000009536743,-7,0,0.7061232924461365,0.7015999555587769,0.3993954360485077,Ghana,1985
0,0.008917158469557762,0.9490000009536743,-7,0,0.7061232924461365,0.7015999555587769,0.07719621807336807,Ghana,1986
0,0.01893937587738037,0.9490000009536743,-7,0,0.7061232924461365,0.7015999555587769,-0.11889942735433578,Ghana,1987
0,0.0012392152566462755,0.9490000009536743,-7,0,0.7061232924461365,0.7015999555587769,0.17586487531661987,Ghana,1988
0,0.0037128233816474676,0.9490000009536743,-7,0,0.7061232924461365,0.7015999555587769,-0.13579590618610382,Ghana,1989
0,0.012330444529652596,0.9490000009536743,-7,0,0.7061232924461365,0.7015999555587769,0.14511236548423767,Ghana,1990
0,0.09866020828485489,0.9490000009536743,-7,0,0.7061232924461365,0.7015999555587769,-0.18107351660728455,Ghana,1991
0,0.014412429183721542,0.9490000009536743,-4,0,0.7061232924461365,0.7015999555587769,0.2953261137008667,Ghana,1992
0,0.04480868577957153,0.9490000009536743,-1,0,0.7061232924461365,0.7015999555587769,-0.30015677213668823,Ghana,1993
0,0.02104249782860279,0.9490000009536743,-1,0,0.7061232924461365,0.7015999555587769,0.0960618332028389,Ghana,1994
0,0.005860309116542339,0.9490000009536743,-1,0,0.7061232924461365,0.7015999555587769,-0.11449295282363892,Ghana,1995
0,0.013188407756388187,0.9490000009536743,-1,0,0.7061232924461365,0.7015999555587769,0.16527141630649567,Ghana,1996
0,0.020081672817468643,0.9490000009536743,2,0,0.7061232924461365,0.7015999555587769,-0.08037985861301422,Ghana,1997
0,0.017016040161252022,0.9490000009536743,2,0,0.7061232924461365,0.7015999555587769,0.04098796099424362,Ghana,1998
0,0.022993532940745354,0.9490000009536743,2,0,0.7061232924461365,0.7015999555587769,-0.19910958409309387,Ghana,1999
0,0.07658318430185318,0.6790000200271606,-7,0,0.7106902599334717,0.4599999785423279,-0.10913632810115814,Togo,1981
0,-0.06566344201564789,0.6790000200271606,-7,0,0.7106902599334717,0.4599999785423279,-0.07091633230447769,Togo,1982
0,-0.042459797114133835,0.6790000200271606,-7,0,0.7106902599334717,0.4599999785423279,-0.1299103945493698,Togo,1983
0,-0.09938837587833405,0.6790000200271606,-7,0,0.7106902599334717,0.4599999785423279,-0.07963059842586517,Togo,1984
0,0.04923596605658531,0.6790000200271606,-7,0,0.7106902599334717,0.4599999785423279,0.340547651052475,Togo,1985
1,0.03074442408978939,0.6790000200271606,-7,0,0.7106902599334717,0.4599999785423279,0.0285195279866457,Togo,1986
0,0.03139714151620865,0.6790000200271606,-7,0,0.7106902599334717,0.4599999785423279,-0.1356404423713684,Togo,1987
0,-0.03652966395020485,0.6790000200271606,-7,0,0.7106902599334717,0.4599999785423279,0.11595145612955093,Togo,1988
0,0.006319127976894379,0.6790000200271606,-7,0,0.7106902599334717,0.4599999785423279,0.07542652636766434,Togo,1989
0,0,0.6790000200271606,-7,0,0.7106902599334717,0.4599999785423279,-0.0037159216590225697,Togo,1990
1,0.006279353983700275,0.6790000200271606,-7,0,0.7106902599334717,0.4599999785423279,-0.15517769753932953,Togo,1991
0,-0.04680182784795761,0.6790000200271606,-5,0,0.7106902599334717,0.4599999785423279,0.2973096966743469,Togo,1992
0,-0.13256961107254028,0.6790000200271606,-3,0,0.7106902599334717,0.4599999785423279,-0.3141483962535858,Togo,1993
0,-0.1772850900888443,0.6790000200271606,-2,0,0.7106902599334717,0.4599999785423279,0.15577751398086548,Togo,1994
0,0.11534237116575241,0.6790000200271606,-2,0,0.7106902599334717,0.4599999785423279,-0.014413556084036827,Togo,1995
0,0.04759369418025017,0.6790000200271606,-2,0,0.7106902599334717,0.4599999785423279,0.13319216668605804,Togo,1996
0,0.06562155485153198,0.6790000200271606,-2,0,0.7106902599334717,0.4599999785423279,-0.09997693449258804,Togo,1997
0,0.015303547494113445,0.6790000200271606,-2,0,0.7106902599334717,0.4599999785423279,0.045556556433439255,Togo,1998
0,-0.04663565009832382,0.6790000200271606,-2,0,0.7106902599334717,0.4599999785423279,-0.18150193989276886,Togo,1999
0,0.11380594968795776,1.0720000267028809,-8,17.700000762939453,0.8918985724449158,0.6399999856948853,0.031963903456926346,Cameroon,1981
0,0.0837521106004715,1.0720000267028809,-8,17.700000762939453,0.8918985724449158,0.6399999856948853,-0.07508383691310883,Cameroon,1982
0,-0.010046376846730709,1.0720000267028809,-7,17.700000762939453,0.8918985724449158,0.6399999856948853,0.08978375047445297,Cameroon,1983
1,0.047619037330150604,1.0720000267028809,-8,17.700000762939453,0.8918985724449158,0.6399999856948853,-0.19897980988025665,Cameroon,1984
0,0.04545453563332558,1.0720000267028809,-8,17.700000762939453,0.8918985724449158,0.6399999856948853,0.13033372163772583,Cameroon,1985
0,0.059871695935726166,1.0720000267028809,-8,17.700000762939453,0.8918985724449158,0.6399999856948853,0.08780679851770401,Cameroon,1986
0,0.008069915696978569,1.0720000267028809,-8,17.700000762939453,0.8918985724449158,0.6399999856948853,-0.09834875911474228,Cameroon,1987
0,-0.040026646107435226,1.0720000267028809,-8,17.700000762939453,0.8918985724449158,0.6399999856948853,-0.05273278057575226,Cameroon,1988
0,-0.07574702054262161,1.0720000267028809,-8,17.700000762939453,0.8918985724449158,0.6399999856948853,0.12180595844984055,Cameroon,1989
0,0.023308193311095238,1.0720000267028809,-8,17.700000762939453,0.8918985724449158,0.6399999856948853,-0.076435387134552,Cameroon,1990
0,-0.09919176995754242,1.0720000267028809,-8,17.700000762939453,0.8918985724449158,0.6399999856948853,0.15196779370307922,Cameroon,1991
0,-0.0946165919303894,1.0720000267028809,-8,17.700000762939453,0.8918985724449158,0.6399999856948853,-0.07731671631336212,Cameroon,1992
0,-0.07297294586896896,1.0720000267028809,-4,17.700000762939453,0.8918985724449158,0.6399999856948853,0.014713346026837826,Cameroon,1993
0,-0.05852897837758064,1.0720000267028809,-4,17.700000762939453,0.8918985724449158,0.6399999856948853,0.059685416519641876,Cameroon,1994
0,-0.0518903024494648,1.0720000267028809,-4,17.700000762939453,0.8918985724449158,0.6399999856948853,-0.033216968178749084,Cameroon,1995
0,0.004491816274821758,1.0720000267028809,-4,17.700000762939453,0.8918985724449158,0.6399999856948853,-0.005104086361825466,Cameroon,1996
0,0.021719275042414665,1.0720000267028809,-4,17.700000762939453,0.8918985724449158,0.6399999856948853,0.005188694689422846,Cameroon,1997
0,0.022842546924948692,1.0720000267028809,-4,17.700000762939453,0.8918985724449158,0.6399999856948853,-0.00573080824688077,Cameroon,1998
0,0.0219558198004961,1.0720000267028809,-4,17.700000762939453,0.8918985724449158,0.6399999856948853,-0.09221296012401581,Cameroon,1999
0,0.032304346561431885,1.3930000066757202,7,2.4000003337860107,0.868931770324707,0.5800000429153442,-0.019400570541620255,Nigeria,1981
0,0.05354660749435425,1.3930000066757202,7,2.4000003337860107,0.868931770324707,0.5800000429153442,-0.12498095631599426,Nigeria,1982
0,-0.06336630880832672,1.3930000066757202,7,2.4000003337860107,0.868931770324707,0.5800000429153442,0.025526927784085274,Nigeria,1983
0,-0.11275552213191986,1.3930000066757202,7,2.4000003337860107,0.868931770324707,0.5800000429153442,-0.15345679223537445,Nigeria,1984
0,-0.1517076939344406,1.3930000066757202,-7,2.4000003337860107,0.868931770324707,0.5800000429153442,0.07261936366558075,Nigeria,1985
0,-0.005617905408143997,1.3930000066757202,-7,2.4000003337860107,0.868931770324707,0.5800000429153442,0.09046207368373871,Nigeria,1986
0,-0.0838041827082634,1.3930000066757202,-7,2.4000003337860107,0.868931770324707,0.5800000429153442,-0.010736308060586452,Nigeria,1987
0,-0.07399791479110718,1.3930000066757202,-7,2.4000003337860107,0.868931770324707,0.5800000429153442,-0.07141906023025513,Nigeria,1988
0,0.04328520968556404,1.3930000066757202,-7,2.4000003337860107,0.868931770324707,0.5800000429153442,0.20738258957862854,Nigeria,1989
0,0.012765983119606972,1.3930000066757202,-5,2.4000003337860107,0.868931770324707,0.5800000429153442,0.008468251675367355,Nigeria,1990
0,0.04516804963350296,1.3930000066757202,-5,2.4000003337860107,0.868931770324707,0.5800000429153442,-0.03551549091935158,Nigeria,1991
0,0.0452260859310627,1.3930000066757202,-5,2.4000003337860107,0.868931770324707,0.5800000429153442,0.047826915979385376,Nigeria,1992
0,-0.0596153661608696,1.3930000066757202,-5,2.4000003337860107,0.868931770324707,0.5800000429153442,-0.034075263887643814,Nigeria,1993
0,-0.007316439878195524,1.3930000066757202,-7,2.4000003337860107,0.868931770324707,0.5800000429153442,-0.004354363773018122,Nigeria,1994
0,-0.02807661145925522,1.3930000066757202,-7,2.4000003337860107,0.868931770324707,0.5800000429153442,0.10494831949472427,Nigeria,1995
0,-0.005283471662551165,1.3930000066757202,-6,2.4000003337860107,0.868931770324707,0.5800000429153442,0.008057849481701851,Nigeria,1996
0,0.013630547560751438,1.3930000066757202,-6,2.4000003337860107,0.868931770324707,0.5800000429153442,-0.05151089280843735,Nigeria,1997
0,-0.0010085206013172865,1.3930000066757202,-6,2.4000003337860107,0.868931770324707,0.5800000429153442,0.01720047928392887,Nigeria,1998
0,-0.008386455476284027,1.3930000066757202,-1,2.4000003337860107,0.868931770324707,0.5800000429153442,-0.08033116906881332,Nigeria,1999
0,-0.009293695911765099,4.8420000076293945,-9,0.07000000029802322,0.6881427764892578,0.45499998331069946,0.2522551715373993,Gabon,1981
0,-0.06107978895306587,4.8420000076293945,-9,0.07000000029802322,0.6881427764892578,0.45499998331069946,-0.03417440503835678,Gabon,1982
0,-0.06172299012541771,4.8420000076293945,-9,0.07000000029802322,0.6881427764892578,0.45499998331069946,0.11521609872579575,Gabon,1983
0,0.017747346311807632,4.8420000076293945,-9,0.07000000029802322,0.6881427764892578,0.45499998331069946,-0.2406219244003296,Gabon,1984
0,0.036503151059150696,4.8420000076293945,-9,0.07000000029802322,0.6881427764892578,0.45499998331069946,0.36966508626937866,Gabon,1985
0,-0.08658594638109207,4.8420000076293945,-9,0.07000000029802322,0.6881427764892578,0.45499998331069946,-0.017698198556900024,Gabon,1986
0,-0.010314296931028366,4.8420000076293945,-9,0.07000000029802322,0.6881427764892578,0.45499998331069946,-0.07416355609893799,Gabon,1987
0,-0.14838716387748718,4.8420000076293945,-9,0.07000000029802322,0.6881427764892578,0.45499998331069946,-0.04220995679497719,Gabon,1988
0,-0.043414898216724396,4.8420000076293945,-9,0.07000000029802322,0.6881427764892578,0.45499998331069946,0.15233498811721802,Gabon,1989
0,0.16752968728542328,4.8420000076293945,-9,0.07000000029802322,0.6881427764892578,0.45499998331069946,-0.09106270968914032,Gabon,1990
0,0.032611530274152756,4.8420000076293945,-6,0.07000000029802322,0.6881427764892578,0.45499998331069946,-0.07525507360696793,Gabon,1991
0,-0.06619501113891602,4.8420000076293945,-4,0.07000000029802322,0.6881427764892578,0.45499998331069946,-0.13440383970737457,Gabon,1992
0,-0.020021677017211914,4.8420000076293945,-4,0.07000000029802322,0.6881427764892578,0.45499998331069946,0.10287933796644211,Gabon,1993
0,-0.0016695224912837148,4.8420000076293945,-4,0.07000000029802322,0.6881427764892578,0.45499998331069946,0.04220813140273094,Gabon,1994
0,0.009318237192928791,4.8420000076293945,-4,0.07000000029802322,0.6881427764892578,0.45499998331069946,-0.01328716054558754,Gabon,1995
0,0.043214574456214905,4.8420000076293945,-4,0.07000000029802322,0.6881427764892578,0.45499998331069946,0.011757596395909786,Gabon,1996
0,0.026294037699699402,4.8420000076293945,-4,0.07000000029802322,0.6881427764892578,0.45499998331069946,-0.0032506787683814764,Gabon,1997
0,0.03230889141559601,4.8420000076293945,-4,0.07000000029802322,0.6881427764892578,0.45499998331069946,-0.11912936717271805,Gabon,1998
0,-0.003198496997356415,4.8420000076293945,-4,0.07000000029802322,0.6881427764892578,0.45499998331069946,0.15647588670253754,Gabon,1999
0,-0.04336044192314148,0.7379999756813049,-7,4.400000095367432,0.6862994432449341,0.782800018787384,0.01641206443309784,Central African Republic,1981
0,-0.08215293288230896,0.7379999756813049,-7,4.400000095367432,0.6862994432449341,0.782800018787384,0.033061206340789795,Central African Republic,1982
0,0.03395064175128937,0.7379999756813049,-7,4.400000095367432,0.6862994432449341,0.782800018787384,0.04042439162731171,Central African Republic,1983
0,-0.12537312507629395,0.7379999756813049,-7,4.400000095367432,0.6862994432449341,0.782800018787384,-0.1201971024274826,Central African Republic,1984
0,0.06143336370587349,0.7379999756813049,-7,4.400000095367432,0.6862994432449341,0.782800018787384,-0.08920365571975708,Central African Republic,1985
0,0.012861763127148151,0.7379999756813049,-7,4.400000095367432,0.6862994432449341,0.782800018787384,0.20097896456718445,Central African Republic,1986
0,-0.019047657027840614,0.7379999756813049,-7,4.400000095367432,0.6862994432449341,0.782800018787384,-0.03536702319979668,Central African Republic,1987
0,-0.053398046642541885,0.7379999756813049,-7,4.400000095367432,0.6862994432449341,0.782800018787384,0.008288317359983921,Central African Republic,1988
0,0.005128241144120693,0.7379999756813049,-7,4.400000095367432,0.6862994432449341,0.782800018787384,0.07973019778728485,Central African Republic,1989
0,-0.005102076567709446,0.7379999756813049,-7,4.400000095367432,0.6862994432449341,0.782800018787384,0.027145251631736755,Central African Republic,1990
0,-0.010256380774080753,0.7379999756813049,-7,4.400000095367432,0.6862994432449341,0.782800018787384,0.003101483453065157,Central African Republic,1991
0,-0.050086330622434616,0.7379999756813049,-6,4.400000095367432,0.6862994432449341,0.782800018787384,3.919487935490906e-4,Central African Republic,1992
0,-0.06545456498861313,0.7379999756813049,-6,4.400000095367432,0.6862994432449341,0.782800018787384,-0.07534245401620865,Central African Republic,1993
0,-0.01871551014482975,0.7379999756813049,6,4.400000095367432,0.6862994432449341,0.782800018787384,-0.03153981268405914,Central African Republic,1994
0,0.02740725502371788,0.7379999756813049,6,4.400000095367432,0.6862994432449341,0.782800018787384,0.06979691237211227,Central African Republic,1995
0,0.04948059841990471,0.7379999756813049,6,4.400000095367432,0.6862994432449341,0.782800018787384,-0.009190117008984089,Central African Republic,1996
0,-0.0595545694231987,0.7379999756813049,6,4.400000095367432,0.6862994432449341,0.782800018787384,0.003328269114717841,Central African Republic,1997
0,0.032447975128889084,0.7379999756813049,6,4.400000095367432,0.6862994432449341,0.782800018787384,-0.0863766223192215,Central African Republic,1998
0,0.027607880532741547,0.7379999756813049,6,4.400000095367432,0.6862994432449341,0.782800018787384,0.12646499276161194,Central African Republic,1999
1,-0.08013937622308731,0.5740000009536743,0,8.5,0.8262728452682495,0.625,0.2073150873184204,Chad,1981
1,-0.11174239963293076,0.5740000009536743,0,8.5,0.8262728452682495,0.625,-0.1459658294916153,Chad,1982
1,-0.2110874354839325,0.5740000009536743,0,8.5,0.8262728452682495,0.625,-0.09009704738855362,Chad,1983
1,-0.18918916583061218,0.5740000009536743,0,8.5,0.8262728452682495,0.625,-0.10410871356725693,Chad,1984
1,0.03333330154418945,0.5740000009536743,-4,8.5,0.8262728452682495,0.625,-0.21867196261882782,Chad,1985
1,0.3193548619747162,0.5740000009536743,-7,8.5,0.8262728452682495,0.625,0.3306414484977722,Chad,1986
1,-0.053789764642715454,0.5740000009536743,-7,8.5,0.8262728452682495,0.625,-0.09824343770742416,Chad,1987
1,-0.04909559339284897,0.5740000009536743,-7,8.5,0.8262728452682495,0.625,-0.09005972743034363,Chad,1988
1,0.08695653825998306,0.5740000009536743,-7,8.5,0.8262728452682495,0.625,0.47365307807922363,Chad,1989
1,0.0299999862909317,0.5740000009536743,-7,8.5,0.8262728452682495,0.625,-0.1813744753599167,Chad,1990
1,-0.03155342489480972,0.5740000009536743,-7,8.5,0.8262728452682495,0.625,-0.30302858352661133,Chad,1991
1,0.07017543166875839,0.5740000009536743,-5,8.5,0.8262728452682495,0.625,0.39137089252471924,Chad,1992
1,-0.04449647292494774,0.5740000009536743,-4,8.5,0.8262728452682495,0.625,0.09809082746505737,Chad,1993
1,-0.18277019262313843,0.5740000009536743,-4,8.5,0.8262728452682495,0.625,-0.2108897715806961,Chad,1994
0,0.0666145458817482,0.5740000009536743,-4,8.5,0.8262728452682495,0.625,0.6323304176330566,Chad,1995
0,-0.026111872866749763,0.5740000009536743,-4,8.5,0.8262728452682495,0.625,-0.1946626603603363,Chad,1996
1,-0.004510659258812666,0.5740000009536743,-2,8.5,0.8262728452682495,0.625,-0.02749316208064556,Chad,1997
1,0.017995057627558708,0.5740000009536743,-2,8.5,0.8262728452682495,0.625,-0.1209726631641388,Chad,1998
1,0.03866570442914963,0.5740000009536743,-2,8.5,0.8262728452682495,0.625,0.18806909024715424,Chad,1999
0,0.11942026764154434,1.725000023841858,-8,0,0.6572123765945435,0.5191999673843384,0.2946709990501404,Congo,1981
0,0.05851886048913002,1.725000023841858,-8,0,0.6572123765945435,0.5191999673843384,-0.024177268147468567,Congo,1982
0,0.23727992177009583,1.725000023841858,-8,0,0.6572123765945435,0.5191999673843384,0.1210034117102623,Congo,1983
0,0.008303641341626644,1.725000023841858,-8,0,0.6572123765945435,0.5191999673843384,-0.21789346635341644,Congo,1984
0,0.06784317642450333,1.725000023841858,-8,0,0.6572123765945435,0.5191999673843384,0.2681157886981964,Congo,1985
0,-0.009548300877213478,1.725000023841858,-8,0,0.6572123765945435,0.5191999673843384,0.05142652243375778,Congo,1986
0,-0.06340378522872925,1.725000023841858,-8,0,0.6572123765945435,0.5191999673843384,-0.16737422347068787,Congo,1987
0,-0.05621534213423729,1.725000023841858,-8,0,0.6572123765945435,0.5191999673843384,0.033922284841537476,Congo,1988
0,-0.018456438556313515,1.725000023841858,-8,0,0.6572123765945435,0.5191999673843384,0.14314143359661102,Congo,1989
0,-0.009829061105847359,1.725000023841858,-8,0,0.6572123765945435,0.5191999673843384,-0.07950390875339508,Congo,1990
0,-0.045748792588710785,1.725000023841858,-8,0,0.6572123765945435,0.5191999673843384,-0.032010555267333984,Congo,1991
0,0.08774310350418091,1.725000023841858,-1,0,0.6572123765945435,0.5191999673843384,-0.17296594381332397,Congo,1992
0,-0.06860705465078354,1.725000023841858,5,0,0.6572123765945435,0.5191999673843384,0.10947560518980026,Congo,1993
0,-0.03790759667754173,1.725000023841858,5,0,0.6572123765945435,0.5191999673843384,0.005035196430981159,Congo,1994
0,-0.08152510225772858,1.725000023841858,5,0,0.6572123765945435,0.5191999673843384,0.020621441304683685,Congo,1995
0,0.011064417660236359,1.725000023841858,5,0,0.6572123765945435,0.5191999673843384,0.04230436310172081,Congo,1996
1,-0.06947202980518341,1.725000023841858,5,0,0.6572123765945435,0.5191999673843384,-0.06130917742848396,Congo,1997
1,-0.03312942758202553,1.725000023841858,-6,0,0.6572123765945435,0.5191999673843384,-0.11705006659030914,Congo,1998
1,0.009217792190611362,1.725000023841858,-6,0,0.6572123765945435,0.5191999673843384,0.1469326615333557,Congo,1999
1,-0.02857142500579357,0.49000000953674316,-9,4.199999809265137,0.9016318321228027,0.6800000071525574,0.03980693221092224,Zaire,1981
1,0.03571426495909691,0.49000000953674316,-9,4.199999809265137,0.9016318321228027,0.6800000071525574,-0.054885510355234146,Zaire,1982
1,-0.022312387824058533,0.49000000953674316,-9,4.199999809265137,0.9016318321228027,0.6800000071525574,0.2234915792942047,Zaire,1983
1,-0.04356846213340759,0.49000000953674316,-9,4.199999809265137,0.9016318321228027,0.6800000071525574,-0.20063602924346924,Zaire,1984
1,-0.0065075731836259365,0.49000000953674316,-9,4.199999809265137,0.9016318321228027,0.6800000071525574,0.030396660789847374,Zaire,1985
1,-0.034934502094984055,0.49000000953674316,-9,4.199999809265137,0.9016318321228027,0.6800000071525574,0.15843524038791656,Zaire,1986
1,0.02714930847287178,0.49000000953674316,-9,4.199999809265137,0.9016318321228027,0.6800000071525574,-0.08438045531511307,Zaire,1987
1,0.019823795184493065,0.49000000953674316,-9,4.199999809265137,0.9016318321228027,0.6800000071525574,0.061545852571725845,Zaire,1988
1,-0.00647946260869503,0.49000000953674316,-9,4.199999809265137,0.9016318321228027,0.6800000071525574,0.1504061073064804,Zaire,1989
0,-0.07826089859008789,0.49000000953674316,-9,4.199999809265137,0.9016318321228027,0.6800000071525574,0.02628900483250618,Zaire,1990
0,-0.09584019333124161,0.49000000953674316,-8,4.199999809265137,0.9016318321228027,0.6800000071525574,-0.08893605321645737,Zaire,1991
0,-0.11269138008356094,0.49000000953674316,-8,4.199999809265137,0.9016318321228027,0.6800000071525574,-0.10341906547546387,Zaire,1992
0,-0.1338358223438263,0.49000000953674316,0,4.199999809265137,0.9016318321228027,0.6800000071525574,-0.15824341773986816,Zaire,1993
0,-0.16053679585456848,0.49000000953674316,0,4.199999809265137,0.9016318321228027,0.6800000071525574,0.05405528470873833,Zaire,1994
0,-0.06977158039808273,0.49000000953674316,0,4.199999809265137,0.9016318321228027,0.6800000071525574,-0.015846693888306618,Zaire,1995
1,-0.02519410476088524,0.49000000953674316,0,4.199999809265137,0.9016318321228027,0.6800000071525574,0.02767527662217617,Zaire,1996
1,-0.038912318646907806,0.49000000953674316,0,4.199999809265137,0.9016318321228027,0.6800000071525574,-0.02197692170739174,Zaire,1997
1,-0.08517704904079437,0.49000000953674316,0,4.199999809265137,0.9016318321228027,0.6800000071525574,-0.11887845396995544,Zaire,1998
1,-0.06643364578485489,0.5720000267028809,3,9.399998664855957,0.8994653224945068,0.7242000102996826,-0.07633646577596664,Uganda,1981
1,0.6704120635986328,0.5720000267028809,3,9.399998664855957,0.8994653224945068,0.7242000102996826,0.12278416007757187,Uganda,1982
1,0.09641251713037491,0.5720000267028809,3,9.399998664855957,0.8994653224945068,0.7242000102996826,0.24964086711406708,Uganda,1983
1,0.11963194608688354,0.5720000267028809,3,9.399998664855957,0.8994653224945068,0.7242000102996826,-0.24608656764030457,Uganda,1984
1,-0.4739726483821869,0.5720000267028809,3,9.399998664855957,0.8994653224945068,0.7242000102996826,-0.14353549480438232,Uganda,1985
1,-0.06249992176890373,0.5720000267028809,0,9.399998664855957,0.8994653224945068,0.7242000102996826,0.3811311423778534,Uganda,1986
1,-0.06481485813856125,0.5720000267028809,-7,9.399998664855957,0.8994653224945068,0.7242000102996826,-0.12339283525943756,Uganda,1987
1,0.007920808158814907,0.5720000267028809,-7,9.399998664855957,0.8994653224945068,0.7242000102996826,0.012560728937387466,Uganda,1988
1,0.035363469272851944,0.5720000267028809,-7,9.399998664855957,0.8994653224945068,0.7242000102996826,0.29947271943092346,Uganda,1989
1,0.03984813764691353,0.5720000267028809,-7,9.399998664855957,0.8994653224945068,0.7242000102996826,-0.16307446360588074,Uganda,1990
1,0.01094898208975792,0.5720000267028809,-7,9.399998664855957,0.8994653224945068,0.7242000102996826,0.033911507576704025,Uganda,1991
0,0.016245493665337563,0.5720000267028809,-7,9.399998664855957,0.8994653224945068,0.7242000102996826,-0.012825741432607174,Uganda,1992
0,-0.028419239446520805,0.5720000267028809,-7,9.399998664855957,0.8994653224945068,0.7242000102996826,-0.10743242502212524,Uganda,1993
1,0.04909701272845268,0.5720000267028809,-4,9.399998664855957,0.8994653224945068,0.7242000102996826,-0.1111895963549614,Uganda,1994
1,0.031215181574225426,0.5720000267028809,-4,9.399998664855957,0.8994653224945068,0.7242000102996826,0.08850312978029251,Uganda,1995
1,0.08199897408485413,0.5720000267028809,-4,9.399998664855957,0.8994653224945068,0.7242000102996826,-0.0322418250143528,Uganda,1996
1,0.05831027030944824,0.5720000267028809,-4,9.399998664855957,0.8994653224945068,0.7242000102996826,0.11201592534780502,Uganda,1997
1,0.018311286345124245,0.5720000267028809,-4,9.399998664855957,0.8994653224945068,0.7242000102996826,-0.01043943502008915,Uganda,1998
1,0.027317585423588753,0.5720000267028809,-4,9.399998664855957,0.8994653224945068,0.7242000102996826,-0.20925256609916687,Uganda,1999
0,-0.021482257172465324,0.9309999942779541,-6,26.299999237060547,0.833253800868988,0.7045999765396118,-0.3185182511806488,Kenya,1981
1,-0.045005496591329575,0.9309999942779541,-6,26.299999237060547,0.833253800868988,0.7045999765396118,0.29520344734191895,Kenya,1982
0,-0.011494241654872894,0.9309999942779541,-7,26.299999237060547,0.833253800868988,0.7045999765396118,0.3220856487751007,Kenya,1983
0,-0.027906963601708412,0.9309999942779541,-7,26.299999237060547,0.833253800868988,0.7045999765396118,-0.37936902046203613,Kenya,1984
0,-0.003588541643694043,0.9309999942779541,-7,26.299999237060547,0.833253800868988,0.7045999765396118,0.008970010094344616,Kenya,1985
0,-0.04681869596242905,0.9309999942779541,-7,26.299999237060547,0.833253800868988,0.7045999765396118,0.16356128454208374,Kenya,1986
0,0.07934504002332687,0.9309999942779541,-7,26.299999237060547,0.833253800868988,0.7045999765396118,-0.09955348074436188,Kenya,1987
0,0.028004655614495277,0.9309999942779541,-7,26.299999237060547,0.833253800868988,0.7045999765396118,-0.15454183518886566,Kenya,1988
0,0.02383658103644848,0.9309999942779541,-7,26.299999237060547,0.833253800868988,0.7045999765396118,0.22639885544776917,Kenya,1989
0,0.013303729705512524,0.9309999942779541,-7,26.299999237060547,0.833253800868988,0.7045999765396118,0.028486421331763268,Kenya,1990
0,-0.0032822336070239544,0.9309999942779541,-7,26.299999237060547,0.833253800868988,0.7045999765396118,-0.04180357977747917,Kenya,1991
0,-0.009879257529973984,0.9309999942779541,-5,26.299999237060547,0.833253800868988,0.7045999765396118,-0.2294423133134842,Kenya,1992
0,0.013303729705512524,0.9309999942779541,-5,26.299999237060547,0.833253800868988,0.7045999765396118,0.06673035770654678,Kenya,1993
0,-0.022938920184969902,0.9309999942779541,-5,26.299999237060547,0.833253800868988,0.7045999765396118,-0.11274029314517975,Kenya,1994
0,0.001134824356995523,0.9309999942779541,-5,26.299999237060547,0.833253800868988,0.7045999765396118,0.23775357007980347,Kenya,1995
0,0.020287448540329933,0.9309999942779541,-5,26.299999237060547,0.833253800868988,0.7045999765396118,-0.08766965568065643,Kenya,1996
0,0.018231244757771492,0.9309999942779541,-5,26.299999237060547,0.833253800868988,0.7045999765396118,-0.13519923388957977,Kenya,1997
0,-0.002014945028349757,0.9309999942779541,-2,26.299999237060547,0.833253800868988,0.7045999765396118,0.8901612758636475,Kenya,1998
0,-0.006018525920808315,0.9309999942779541,-2,26.299999237060547,0.833253800868988,0.7045999765396118,-0.26930737495422363,Kenya,1999
0,-0.1028038039803505,0.5350000262260437,-7,21.700000762939453,0.925034761428833,0.6349999904632568,-0.15025106072425842,"Tanzania, United Republic of",1981
0,-0.039583321660757065,0.5350000262260437,-7,21.700000762939453,0.925034761428833,0.6349999904632568,-0.13849224150180817,"Tanzania, United Republic of",1982
0,0.010845976881682873,0.5350000262260437,-7,21.700000762939453,0.925034761428833,0.6349999904632568,0.3674169182777405,"Tanzania, United Republic of",1983
0,-0.09442060440778732,0.5350000262260437,-7,21.700000762939453,0.925034761428833,0.6349999904632568,-0.19096948206424713,"Tanzania, United Republic of",1984
0,0.09715642035007477,0.5350000262260437,-7,21.700000762939453,0.925034761428833,0.6349999904632568,0.10973787307739258,"Tanzania, United Republic of",1985
0,0.021598251536488533,0.5350000262260437,-7,21.700000762939453,0.925034761428833,0.6349999904632568,0.01752997376024723,"Tanzania, United Republic of",1986
0,0.14164911210536957,0.5350000262260437,-7,21.700000762939453,0.925034761428833,0.6349999904632568,-0.08315493166446686,"Tanzania, United Republic of",1987
0,-0.003703766269609332,0.5350000262260437,-7,21.700000762939453,0.925034761428833,0.6349999904632568,-0.1102219745516777,"Tanzania, United Republic of",1988
0,-0.007434959523379803,0.5350000262260437,-7,21.700000762939453,0.925034761428833,0.6349999904632568,0.09258819371461868,"Tanzania, United Republic of",1989
0,0.005757540930062532,0.5350000262260437,-7,21.700000762939453,0.925034761428833,0.6349999904632568,0.1805052012205124,"Tanzania, United Republic of",1990
0,0.03788702189922333,0.5350000262260437,-7,21.700000762939453,0.925034761428833,0.6349999904632568,-0.18858492374420166,"Tanzania, United Republic of",1991
0,-0.01004033349454403,0.5350000262260437,-7,21.700000762939453,0.925034761428833,0.6349999904632568,-0.04266628250479698,"Tanzania, United Republic of",1992
0,-0.02408308908343315,0.5350000262260437,-6,21.700000762939453,0.925034761428833,0.6349999904632568,-0.05268600210547447,"Tanzania, United Republic of",1993
0,-0.018859442323446274,0.5350000262260437,-6,21.700000762939453,0.925034761428833,0.6349999904632568,-0.14807355403900146,"Tanzania, United Republic of",1994
0,-0.014560014940798283,0.5350000262260437,-6,21.700000762939453,0.925034761428833,0.6349999904632568,0.05243292823433876,"Tanzania, United Republic of",1995
0,0.00650813989341259,0.5350000262260437,-1,21.700000762939453,0.925034761428833,0.6349999904632568,0.10584378987550735,"Tanzania, United Republic of",1996
0,0.017325691878795624,0.5350000262260437,-1,21.700000762939453,0.925034761428833,0.6349999904632568,-0.11289037764072418,"Tanzania, United Republic of",1997
0,0.007902992889285088,0.5350000262260437,-1,21.700000762939453,0.925034761428833,0.6349999904632568,0.21995478868484497,"Tanzania, United Republic of",1998
0,0.0144574623554945,0.5350000262260437,-1,21.700000762939453,0.925034761428833,0.6349999904632568,-0.19603006541728973,"Tanzania, United Republic of",1999
0,-0.014373715966939926,0.4869999885559082,-7,74.49998474121094,0.03551065921783447,0.5501999855041504,-0.11328336596488953,Burundi,1981
0,0.054166652262210846,0.4869999885559082,-7,74.49998474121094,0.03551065921783447,0.5501999855041504,0.060071781277656555,Burundi,1982
0,-0.005928777623921633,0.4869999885559082,-7,74.49998474121094,0.03551065921783447,0.5501999855041504,0.29582273960113525,Burundi,1983
0,-0.031809207051992416,0.4869999885559082,-7,74.49998474121094,0.03551065921783447,0.5501999855041504,-0.2333022505044937,Burundi,1984
0,-0.008213507942855358,0.4869999885559082,-7,74.49998474121094,0.03551065921783447,0.5501999855041504,-0.03641112148761749,Burundi,1985
0,0.09109730273485184,0.4869999885559082,-7,74.49998474121094,0.03551065921783447,0.5501999855041504,0.20109310746192932,Burundi,1986
0,0.04554077610373497,0.4869999885559082,-7,74.49998474121094,0.03551065921783447,0.5501999855041504,-0.10012520104646683,Burundi,1987
0,-0.023593487218022346,0.4869999885559082,-7,74.49998474121094,0.03551065921783447,0.5501999855041504,0.016232695430517197,Burundi,1988
0,0.03903350979089737,0.4869999885559082,-7,74.49998474121094,0.03551065921783447,0.5501999855041504,0.15247130393981934,Burundi,1989
1,-0.04830055311322212,0.4869999885559082,-7,74.49998474121094,0.03551065921783447,0.5501999855041504,0.0019980953074991703,Burundi,1990
1,0.03383459895849228,0.4869999885559082,-7,74.49998474121094,0.03551065921783447,0.5501999855041504,-0.12578216195106506,Burundi,1991
1,0.018181800842285156,0.4869999885559082,-7,74.49998474121094,0.03551065921783447,0.5501999855041504,-0.04671109467744827,Burundi,1992
0,0.016071435064077377,0.4869999885559082,-3,74.49998474121094,0.03551065921783447,0.5501999855041504,-0.07361777126789093,Burundi,1993
0,-0.07957921922206879,0.4869999885559082,0,74.49998474121094,0.03551065921783447,0.5501999855041504,-0.16530217230319977,Burundi,1994
1,-0.06084712967276573,0.4869999885559082,0,74.49998474121094,0.03551065921783447,0.5501999855041504,0.06433334946632385,Burundi,1995
1,-0.09221147000789642,0.4869999885559082,0,74.49998474121094,0.03551065921783447,0.5501999855041504,0.010924946516752243,Burundi,1996
1,-0.10345233231782913,0.4869999885559082,-5,74.49998474121094,0.03551065921783447,0.5501999855041504,0.006873886566609144,Burundi,1997
1,-0.017306677997112274,0.4869999885559082,-5,74.49998474121094,0.03551065921783447,0.5501999855041504,0.07617104053497314,Burundi,1998
1,0.027148554101586342,0.4869999885559082,-1,74.49998474121094,0.03551065921783447,0.5501999855041504,-0.1550050973892212,Burundi,1999
0,0.058741338551044464,0.7149999737739563,-7,73.399993896484375,0.12921082973480225,0.5067999958992004,-0.09449250251054764,Rwanda,1981
0,0.11756932735443115,0.7149999737739563,-7,73.399993896484375,0.12921082973480225,0.5067999958992004,0.03721992298960686,Rwanda,1982
0,-0.029550869017839432,0.7149999737739563,-7,73.399993896484375,0.12921082973480225,0.5067999958992004,0.28242844343185425,Rwanda,1983
0,0.01583436317741871,0.7149999737739563,-7,73.399993896484375,0.12921082973480225,0.5067999958992004,-0.23061230778694153,Rwanda,1984
0,-0.07793764770030975,0.7149999737739563,-7,73.399993896484375,0.12921082973480225,0.5067999958992004,0.02310045249760151,Rwanda,1985
0,0.009102768264710903,0.7149999737739563,-7,73.399993896484375,0.12921082973480225,0.5067999958992004,0.17377638816833496,Rwanda,1986
0,-0.001288719940930605,0.7149999737739563,-7,73.399993896484375,0.12921082973480225,0.5067999958992004,-0.16884441673755646,Rwanda,1987
0,-0.006451606750488281,0.7149999737739563,-7,73.399993896484375,0.12921082973480225,0.5067999958992004,0.12567365169525146,Rwanda,1988
0,-0.02207787148654461,0.7149999737739563,-7,73.399993896484375,0.12921082973480225,0.5067999958992004,0.19645848870277405,Rwanda,1989
1,-0.03054448962211609,0.7149999737739563,-7,73.399993896484375,0.12921082973480225,0.5067999958992004,-0.11572697013616562,Rwanda,1990
1,0.03561638668179512,0.7149999737739563,-7,73.399993896484375,0.12921082973480225,0.5067999958992004,-0.040788523852825165,Rwanda,1991
1,0,0.7149999737739563,-7,73.399993896484375,0.12921082973480225,0.5067999958992004,-0.12671177089214325,Rwanda,1992
1,0.007936563342809677,0.7149999737739563,-7,73.399993896484375,0.12921082973480225,0.5067999958992004,-0.07935501635074615,Rwanda,1993
1,-0.10577274113893509,0.7149999737739563,-6,73.399993896484375,0.12921082973480225,0.5067999958992004,-0.03752462938427925,Rwanda,1994
0,-0.3969290852546692,0.7149999737739563,-6,73.399993896484375,0.12921082973480225,0.5067999958992004,0.09223908931016922,Rwanda,1995
1,0.3073173463344574,0.7149999737739563,-6,73.399993896484375,0.12921082973480225,0.5067999958992004,0.020648587495088577,Rwanda,1996
1,0.10234028846025467,0.7149999737739563,-6,73.399993896484375,0.12921082973480225,0.5067999958992004,0.015454800799489021,Rwanda,1997
1,-0.0389704629778862,0.7149999737739563,-6,73.399993896484375,0.12921082973480225,0.5067999958992004,-0.023753536865115166,Rwanda,1998
1,0.06652077287435532,0.7149999737739563,-6,73.399993896484375,0.12921082973480225,0.5067999958992004,-0.08996574580669403,Rwanda,1999
1,-0.21601684391498566,0.9490000009536743,-7,12.59999942779541,0.07674294710159302,0,-0.35088321566581726,Somalia,1981
1,0.16666659712791443,0.9490000009536743,-7,12.59999942779541,0.07674294710159302,0,0.8241309523582458,Somalia,1982
1,-0.0023041178938001394,0.9490000009536743,-7,12.59999942779541,0.07674294710159302,0,0.2539570927619934,Somalia,1983
1,-0.0715935081243515,0.9490000009536743,-7,12.59999942779541,0.07674294710159302,0,-0.5498713254928589,Somalia,1984
1,-0.03233833611011505,0.9490000009536743,-7,12.59999942779541,0.07674294710159302,0,0.4514080286026001,Somalia,1985
1,-0.16066838800907135,0.9490000009536743,-7,12.59999942779541,0.07674294710159302,0,0.09901129454374313,Somalia,1986
1,0.251148521900177,0.9490000009536743,-7,12.59999942779541,0.07674294710159302,0,-0.5145331621170044,Somalia,1987
1,-0.019583810120821,0.9490000009536743,-7,12.59999942779541,0.07674294710159302,0,0.8880122900009155,Somalia,1988
1,-0.011235958896577358,0.9490000009536743,-7,12.59999942779541,0.07674294710159302,0,-0.14016780257225037,Somalia,1989
1,-0.021464671939611435,0.9490000009536743,-7,12.59999942779541,0.07674294710159302,0,0.30401280522346497,Somalia,1990
1,-0.09290318936109543,0.9490000009536743,-7,12.59999942779541,0.07674294710159302,0,-0.1474267691373825,Somalia,1991
0,-0.0013003733474761248,1.5379999876022339,-8,3.8999998569488525,0.6933391094207764,0.1128000020980835,-0.17451079189777374,Djibouti,1981
0,-0.11197920143604279,1.5379999876022339,-8,3.8999998569488525,0.6933391094207764,0.1128000020980835,0.5046258568763733,Djibouti,1982
0,-0.0014662567991763353,1.5379999876022339,-8,3.8999998569488525,0.6933391094207764,0.1128000020980835,-0.14806753396987915,Djibouti,1983
0,-0.15124814212322235,1.5379999876022339,-8,3.8999998569488525,0.6933391094207764,0.1128000020980835,-0.05661192908883095,Djibouti,1984
0,0.019896194338798523,1.5379999876022339,-8,3.8999998569488525,0.6933391094207764,0.1128000020980835,-0.3133559226989746,Djibouti,1985
0,-0.0356234572827816,1.5379999876022339,-8,3.8999998569488525,0.6933391094207764,0.1128000020980835,0.2842762768268585,Djibouti,1986
0,-0.12840807437896729,1.5379999876022339,-8,3.8999998569488525,0.6933391094207764,0.1128000020980835,-0.07191327959299088,Djibouti,1987
0,0.2139252871274948,1.5379999876022339,-8,3.8999998569488525,0.6933391094207764,0.1128000020980835,-0.02404153160750866,Djibouti,1988
0,0.17373234033584595,1.5379999876022339,-8,3.8999998569488525,0.6933391094207764,0.1128000020980835,0.20213866233825684,Djibouti,1989
0,-0.02124643884599209,1.5379999876022339,-8,3.8999998569488525,0.6933391094207764,0.1128000020980835,0.11303411424160004,Djibouti,1990
1,-0.010853825137019157,1.5379999876022339,-8,3.8999998569488525,0.6933391094207764,0.1128000020980835,-0.33530697226524353,Djibouti,1991
1,0.01898728497326374,0.3160000145435333,-7,70.39998626708984,0.6935932636260986,0.6122000217437744,-0.09161348640918732,Ethiopia,1981
1,0,0.3160000145435333,-7,70.39998626708984,0.6935932636260986,0.6122000217437744,0.232380211353302,Ethiopia,1982
1,0,0.3160000145435333,-7,70.39998626708984,0.6935932636260986,0.6122000217437744,-0.03194037824869156,Ethiopia,1983
1,0.03105587139725685,0.3160000145435333,-7,70.39998626708984,0.6935932636260986,0.6122000217437744,-0.14937053620815277,Ethiopia,1984
1,-0.04216867312788963,0.3160000145435333,-8,70.39998626708984,0.6935932636260986,0.6122000217437744,-0.2030835896730423,Ethiopia,1985
1,-0.05974841117858887,0.3160000145435333,-8,70.39998626708984,0.6935932636260986,0.6122000217437744,0.2674705684185028,Ethiopia,1986
1,0.04347829893231392,0.3160000145435333,-8,70.39998626708984,0.6935932636260986,0.6122000217437744,-0.04083544388413429,Ethiopia,1987
1,0.10554931312799454,0.3160000145435333,-8,70.39998626708984,0.6935932636260986,0.6122000217437744,0.08795949071645737,Ethiopia,1988
1,-0.02878558821976185,0.3160000145435333,-8,70.39998626708984,0.6935932636260986,0.6122000217437744,0.07556813210248947,Ethiopia,1989
1,-0.023085234686732292,0.3160000145435333,-8,70.39998626708984,0.6935932636260986,0.6122000217437744,0.00664354395121336,Ethiopia,1990
1,-0.011555190198123455,0.3160000145435333,-8,70.39998626708984,0.6935932636260986,0.6122000217437744,-0.12210264801979065,Ethiopia,1991
0,-0.07824594527482986,0.3160000145435333,0,70.39998626708984,0.6935932636260986,0.6122000217437744,-0.1027798280119896,Ethiopia,1992
0,-0.08401284366846085,0.3160000145435333,0,70.39998626708984,0.6935932636260986,0.6122000217437744,0.09676051884889603,Ethiopia,1993
0,0.16523171961307526,0.3160000145435333,0,70.39998626708984,0.6935932636260986,0.6122000217437744,0.22829407453536987,Ethiopia,1994
0,0.005182511638849974,0.3160000145435333,1,70.39998626708984,0.6935932636260986,0.6122000217437744,-0.0813739076256752,Ethiopia,1995
1,0.029352400451898575,0.3160000145435333,1,70.39998626708984,0.6935932636260986,0.6122000217437744,-0.05880950763821602,Ethiopia,1996
1,0.07506878674030304,0.3160000145435333,1,70.39998626708984,0.6935932636260986,0.6122000217437744,0.3629395663738251,Ethiopia,1997
1,0.024374764412641525,0.3160000145435333,1,70.39998626708984,0.6935932636260986,0.6122000217437744,-0.14561660587787628,Ethiopia,1998
1,-0.03903816640377045,0.3160000145435333,1,70.39998626708984,0.6935932636260986,0.6122000217437744,-0.15515197813510895,Ethiopia,1999
1,0.01963748037815094,0.6620000004768372,-7,9.700000762939453,0.7832817435264587,0.6122000217437744,-0.10758666694164276,Angola,1981
1,-0.037037089467048645,0.6620000004768372,-7,9.700000762939453,0.7832817435264587,0.6122000217437744,-0.07965317368507385,Angola,1982
1,0.044615454971790314,0.6620000004768372,-7,9.700000762939453,0.7832817435264587,0.6122000217437744,0.1556796431541443,Angola,1983
1,-0.008836586028337479,0.6620000004768372,-7,9.700000762939453,0.7832817435264587,0.6122000217437744,-0.034482065588235855,Angola,1984
1,0.026745924726128578,0.6620000004768372,-7,9.700000762939453,0.7832817435264587,0.6122000217437744,0.05992452800273895,Angola,1985
1,0.0289436187595129,0.6620000004768372,-7,9.700000762939453,0.7832817435264587,0.6122000217437744,-0.018276548013091087,Angola,1986
1,-0.002812986960634589,0.6620000004768372,-7,9.700000762939453,0.7832817435264587,0.6122000217437744,0.21601907908916473,Angola,1987
1,0.011283520609140396,0.6620000004768372,-7,9.700000762939453,0.7832817435264587,0.6122000217437744,-0.10350162535905838,Angola,1988
1,0.022315163165330887,0.6620000004768372,-7,9.700000762939453,0.7832817435264587,0.6122000217437744,0.14791208505630493,Angola,1989
1,-0.04365621507167816,0.6620000004768372,-7,9.700000762939453,0.7832817435264587,0.6122000217437744,-0.11658180505037308,Angola,1990
1,-0.03351065143942833,0.6620000004768372,-7,9.700000762939453,0.7832817435264587,0.6122000217437744,0.05256612226366997,Angola,1991
1,-0.03185543045401573,0.6620000004768372,-3,9.700000762939453,0.7832817435264587,0.6122000217437744,-0.20093896985054016,Angola,1992
1,-0.08411914110183716,0.6620000004768372,0,9.700000762939453,0.7832817435264587,0.6122000217437744,-0.23940172791481018,Angola,1993
1,-0.26336798071861267,0.6620000004768372,-1,9.700000762939453,0.7832817435264587,0.6122000217437744,0.45613327622413635,Angola,1994
1,-0.019394047558307648,0.6620000004768372,-1,9.700000762939453,0.7832817435264587,0.6122000217437744,-0.13509859144687653,Angola,1995
1,0.069228395819664,0.6620000004768372,-2,9.700000762939453,0.7832817435264587,0.6122000217437744,-0.006647316738963127,Angola,1996
1,0.06647016108036041,0.6620000004768372,-2,9.700000762939453,0.7832817435264587,0.6122000217437744,-0.07016658037900925,Angola,1997
1,0.030391987413167953,0.6620000004768372,-3,9.700000762939453,0.7832817435264587,0.6122000217437744,-0.06334932148456573,Angola,1998
1,0.002437596209347248,0.6620000004768372,-3,9.700000762939453,0.7832817435264587,0.6122000217437744,-0.0694902315735817,Angola,1999
1,-0.143784761428833,1.0779999494552612,-8,2.4000003337860107,0.654930055141449,0.6200000047683716,0.10799628496170044,Mozambique,1981
1,0.017334813252091408,1.0779999494552612,-8,2.4000003337860107,0.654930055141449,0.6200000047683716,-0.02588607370853424,Mozambique,1982
1,-0.03620877489447594,1.0779999494552612,-8,2.4000003337860107,0.654930055141449,0.6200000047683716,-0.013338825665414333,Mozambique,1983
1,-0.04309389740228653,1.0779999494552612,-8,2.4000003337860107,0.654930055141449,0.6200000047683716,-0.12334538251161575,Mozambique,1984
1,-0.01963050849735737,1.0779999494552612,-8,2.4000003337860107,0.654930055141449,0.6200000047683716,0.2361457645893097,Mozambique,1985
1,-0.11778558790683746,1.0779999494552612,-8,2.4000003337860107,0.654930055141449,0.6200000047683716,0.06910616904497147,Mozambique,1986
1,0.028037339448928833,1.0779999494552612,-7,2.4000003337860107,0.654930055141449,0.6200000047683716,-0.07475963979959488,Mozambique,1987
1,-0.033766187727451324,1.0779999494552612,-7,2.4000003337860107,0.654930055141449,0.6200000047683716,-0.30437788367271423,Mozambique,1988
1,0.021505339071154594,1.0779999494552612,-7,2.4000003337860107,0.654930055141449,0.6200000047683716,0.4043639600276947,Mozambique,1989
1,0.04078949987888336,1.0779999494552612,-7,2.4000003337860107,0.654930055141449,0.6200000047683716,0.08277996629476547,Mozambique,1990
1,-0.03919092193245888,1.0779999494552612,-7,2.4000003337860107,0.654930055141449,0.6200000047683716,-0.27368026971817017,Mozambique,1991
1,-0.022368447855114937,1.0779999494552612,-6,2.4000003337860107,0.654930055141449,0.6200000047683716,0.06513863056898117,Mozambique,1992
0,-0.04306856915354729,1.0779999494552612,-6,2.4000003337860107,0.654930055141449,0.6200000047683716,-0.27034875750541687,Mozambique,1993
0,0.06418044865131378,1.0779999494552612,-6,2.4000003337860107,0.654930055141449,0.6200000047683716,0.31976616382598877,Mozambique,1994
0,0.045560307800769806,1.0779999494552612,6,2.4000003337860107,0.654930055141449,0.6200000047683716,-0.19726663827896118,Mozambique,1995
0,0.01725693792104721,1.0779999494552612,6,2.4000003337860107,0.654930055141449,0.6200000047683716,0.14451797306537628,Mozambique,1996
0,0.04349102824926376,1.0779999494552612,6,2.4000003337860107,0.654930055141449,0.6200000047683716,0.2242163121700287,Mozambique,1997
0,0.08394725620746613,1.0779999494552612,6,2.4000003337860107,0.654930055141449,0.6200000047683716,0.08588464558124542,Mozambique,1998
0,0.09640393406152725,1.0779999494552612,6,2.4000003337860107,0.654930055141449,0.6200000047683716,-0.2370954304933548,Mozambique,1999
0,0.022105293348431587,0.949999988079071,-9,0.20000000298023224,0.8182163834571838,0.45499998331069946,-0.1250654011964798,Zambia,1981
0,0.05458293855190277,0.949999988079071,-9,0.20000000298023224,0.8182163834571838,0.45499998331069946,-0.05826837569475174,Zambia,1982
0,-0.08203129470348358,0.949999988079071,-9,0.20000000298023224,0.8182163834571838,0.45499998331069946,0.09060222655534744,Zambia,1983
0,-0.10638300329446793,0.949999988079071,-9,0.20000000298023224,0.8182163834571838,0.45499998331069946,-0.1059032529592514,Zambia,1984
0,-0.015476133674383163,0.949999988079071,-9,0.20000000298023224,0.8182163834571838,0.45499998331069946,0.06395860016345978,Zambia,1985
0,-0.02297459915280342,0.949999988079071,-9,0.20000000298023224,0.8182163834571838,0.45499998331069946,0.06065291166305542,Zambia,1986
0,-0.027227740734815598,0.949999988079071,-9,0.20000000298023224,0.8182163834571838,0.45499998331069946,0.07554492354393005,Zambia,1987
0,-0.033078908920288086,0.949999988079071,-9,0.20000000298023224,0.8182163834571838,0.45499998331069946,-0.2574073076248169,Zambia,1988
0,-0.003947317600250244,0.949999988079071,-9,0.20000000298023224,0.8182163834571838,0.45499998331069946,0.19598893821239471,Zambia,1989
0,-0.0013210655888542533,0.949999988079071,-9,0.20000000298023224,0.8182163834571838,0.45499998331069946,0.14767606556415558,Zambia,1990
0,-0.08862430602312088,0.949999988079071,-9,0.20000000298023224,0.8182163834571838,0.45499998331069946,-0.1783711165189743,Zambia,1991
0,0.01451377384364605,0.949999988079071,6,0.20000000298023224,0.8182163834571838,0.45499998331069946,0.031313374638557434,Zambia,1992
0,-0.04593224450945854,0.949999988079071,6,0.20000000298023224,0.8182163834571838,0.45499998331069946,-0.2944280505180359,Zambia,1993
0,0.03790122643113136,0.949999988079071,6,0.20000000298023224,0.8182163834571838,0.45499998331069946,0.44534754753112793,Zambia,1994
0,-0.11165414750576019,0.949999988079071,6,0.20000000298023224,0.8182163834571838,0.45499998331069946,-0.27099210023880005,Zambia,1995
0,-0.051337141543626785,0.949999988079071,6,0.20000000298023224,0.8182163834571838,0.45499998331069946,4.0604725654702634e-5,Zambia,1996
0,0.039556730538606644,0.949999988079071,1,0.20000000298023224,0.8182163834571838,0.45499998331069946,0.10975655168294907,Zambia,1997
0,0.008051741868257523,0.949999988079071,1,0.20000000298023224,0.8182163834571838,0.45499998331069946,0.031669311225414276,Zambia,1998
0,-0.041565705090761185,0.949999988079071,1,0.20000000298023224,0.8182163834571838,0.45499998331069946,-0.15901419520378113,Zambia,1999
0,0.013445304706692696,1.190000057220459,5,2.9000000953674316,0.5439504384994507,0.5097999572753906,0.08327724784612656,Zimbabwe,1981
0,0.062189094722270966,1.190000057220459,5,2.9000000953674316,0.5439504384994507,0.5097999572753906,0.23024864494800568,Zimbabwe,1982
0,0.03981264680624008,1.190000057220459,5,2.9000000953674316,0.5439504384994507,0.5097999572753906,-0.3856205642223358,Zimbabwe,1983
0,0.024023983627557755,1.190000057220459,1,2.9000000953674316,0.5439504384994507,0.5097999572753906,0.014161940664052963,Zimbabwe,1984
0,-0.1151026040315628,1.190000057220459,1,2.9000000953674316,0.5439504384994507,0.5097999572753906,0.1098228469491005,Zimbabwe,1985
0,0.0074564567767083645,1.190000057220459,1,2.9000000953674316,0.5439504384994507,0.5097999572753906,0.37960922718048096,Zimbabwe,1986
0,-0.031249990686774254,1.190000057220459,1,2.9000000953674316,0.5439504384994507,0.5097999572753906,-0.09056276828050613,Zimbabwe,1987
0,0.02207132801413536,1.190000057220459,-6,2.9000000953674316,0.5439504384994507,0.5097999572753906,-0.2845909595489502,Zimbabwe,1988
0,-0.09717606753110886,1.190000057220459,-6,2.9000000953674316,0.5439504384994507,0.5097999572753906,0.39568108320236206,Zimbabwe,1989
0,0.07819690555334091,1.190000057220459,-6,2.9000000953674316,0.5439504384994507,0.5097999572753906,-0.09092306345701218,Zimbabwe,1990
0,0.008532415144145489,1.190000057220459,-6,2.9000000953674316,0.5439504384994507,0.5097999572753906,-0.06477495282888412,Zimbabwe,1991
0,0.05583754926919937,1.190000057220459,-6,2.9000000953674316,0.5439504384994507,0.5097999572753906,-0.15968333184719086,Zimbabwe,1992
0,-0.06891032308340073,1.190000057220459,-6,2.9000000953674316,0.5439504384994507,0.5097999572753906,-0.17316682636737823,Zimbabwe,1993
0,-2.565769827924669e-4,1.190000057220459,-6,2.9000000953674316,0.5439504384994507,0.5097999572753906,0.5465145707130432,Zimbabwe,1994
0,0.030295882374048233,1.190000057220459,-6,2.9000000953674316,0.5439504384994507,0.5097999572753906,-0.3169020414352417,Zimbabwe,1995
0,-0.018779495730996132,1.190000057220459,-6,2.9000000953674316,0.5439504384994507,0.5097999572753906,0.0611792653799057,Zimbabwe,1996
0,0.07848963141441345,1.190000057220459,-6,2.9000000953674316,0.5439504384994507,0.5097999572753906,0.5136418342590332,Zimbabwe,1997
1,0.008136904798448086,1.190000057220459,-6,2.9000000953674316,0.5439504384994507,0.5097999572753906,0.044380128383636475,Zimbabwe,1998
1,0.017494359984993935,1.190000057220459,-6,2.9000000953674316,0.5439504384994507,0.5097999572753906,-0.1814822107553482,Zimbabwe,1999
0,0.0018084028270095587,0.5529999732971191,-9,8.80000114440918,0.6202696561813354,0.6150000095367432,0.006592440418899059,Malawi,1981
0,-0.07581226527690887,0.5529999732971191,-9,8.80000114440918,0.6202696561813354,0.6150000095367432,-0.2824872136116028,Malawi,1982
0,-0.033203162252902985,0.5529999732971191,-9,8.80000114440918,0.6202696561813354,0.6150000095367432,0.33069950342178345,Malawi,1983
0,-0.01616164855659008,0.5529999732971191,-9,8.80000114440918,0.6202696561813354,0.6150000095367432,-0.20658238232135773,Malawi,1984
0,0.043121207505464554,0.5529999732971191,-9,8.80000114440918,0.6202696561813354,0.6150000095367432,0.20691967010498047,Malawi,1985
0,0.01968502067029476,0.5529999732971191,-9,8.80000114440918,0.6202696561813354,0.6150000095367432,0.07188275456428528,Malawi,1986
0,-0.030888093635439873,0.5529999732971191,-9,8.80000114440918,0.6202696561813354,0.6150000095367432,-0.0791558250784874,Malawi,1987
0,-0.017928235232830048,0.5529999732971191,-9,8.80000114440918,0.6202696561813354,0.6150000095367432,-0.29519861936569214,Malawi,1988
0,0,0.5529999732971191,-9,8.80000114440918,0.6202696561813354,0.6150000095367432,0.2859416604042053,Malawi,1989
0,0.06490867584943771,0.5529999732971191,-9,8.80000114440918,0.6202696561813354,0.6150000095367432,0.29138225317001343,Malawi,1990
0,-0.011428538709878922,0.5529999732971191,-9,8.80000114440918,0.6202696561813354,0.6150000095367432,-0.38797152042388916,Malawi,1991
0,0.05394989997148514,0.5529999732971191,-9,8.80000114440918,0.6202696561813354,0.6150000095367432,0.24760712683200836,Malawi,1992
0,-0.09323582798242569,0.5529999732971191,-9,8.80000114440918,0.6202696561813354,0.6150000095367432,-0.35326215624809265,Malawi,1993
0,0.06725062429904938,0.5529999732971191,-8,8.80000114440918,0.6202696561813354,0.6150000095367432,0.40248844027519226,Malawi,1994
0,-0.12609075009822845,0.5529999732971191,7,8.80000114440918,0.6202696561813354,0.6150000095367432,-0.20933470129966736,Malawi,1995
0,0.13645927608013153,0.5529999732971191,7,8.80000114440918,0.6202696561813354,0.6150000095367432,0.13767707347869873,Malawi,1996
0,0.04550366476178169,0.5529999732971191,7,8.80000114440918,0.6202696561813354,0.6150000095367432,0.09638556838035583,Malawi,1997
0,0.011442462913691998,0.5529999732971191,7,8.80000114440918,0.6202696561813354,0.6150000095367432,0.06256306171417236,Malawi,1998
0,-0.004429537802934647,0.5529999732971191,7,8.80000114440918,0.6202696561813354,0.6150000095367432,-0.270378053188324,Malawi,1999
1,0.044517528265714645,3.3469998836517334,4,7.6999993324279785,0.8772270679473877,0.45840001106262207,-0.04323577508330345,South Africa,1981
1,0.051487430930137634,3.3469998836517334,4,7.6999993324279785,0.8772270679473877,0.45840001106262207,0.2690049707889557,South Africa,1982
1,-0.02393907867372036,3.3469998836517334,4,7.6999993324279785,0.8772270679473877,0.45840001106262207,-0.2816818356513977,South Africa,1983
1,-0.06270907074213028,3.3469998836517334,4,7.6999993324279785,0.8772270679473877,0.45840001106262207,-0.00292550609447062,South Africa,1984
1,0.041034795343875885,3.3469998836517334,4,7.6999993324279785,0.8772270679473877,0.45840001106262207,-0.055884554982185364,South Africa,1985
1,-0.05112822353839874,3.3469998836517334,4,7.6999993324279785,0.8772270679473877,0.45840001106262207,0.25224077701568604,South Africa,1986
1,-0.008729694411158562,3.3469998836517334,4,7.6999993324279785,0.8772270679473877,0.45840001106262207,-0.13968390226364136,South Africa,1987
1,0.0018220595084130764,3.3469998836517334,4,7.6999993324279785,0.8772270679473877,0.45840001106262207,0.02592305652797222,South Africa,1988
1,0.018793584778904915,3.3469998836517334,4,7.6999993324279785,0.8772270679473877,0.45840001106262207,0.26378703117370605,South Africa,1989
1,-0.005950604099780321,3.3469998836517334,4,7.6999993324279785,0.8772270679473877,0.45840001106262207,-0.11537699401378632,South Africa,1990
1,-0.02783602848649025,3.3469998836517334,5,7.6999993324279785,0.8772270679473877,0.45840001106262207,-0.23297929763793945,South Africa,1991
1,-0.019088609144091606,3.3469998836517334,5,7.6999993324279785,0.8772270679473877,0.45840001106262207,0.25208035111427307,South Africa,1992
1,-0.037037044763565063,3.3469998836517334,6,7.6999993324279785,0.8772270679473877,0.45840001106262207,-0.3071821630001068,South Africa,1993
0,-0.008818456903100014,3.3469998836517334,8,7.6999993324279785,0.8772270679473877,0.45840001106262207,0.38392382860183716,South Africa,1994
0,0.010494259186089039,3.3469998836517334,9,7.6999993324279785,0.8772270679473877,0.45840001106262207,-0.13566957414150238,South Africa,1995
0,0.009073483757674694,3.3469998836517334,9,7.6999993324279785,0.8772270679473877,0.45840001106262207,0.30827829241752625,South Africa,1996
0,0.020808381959795952,3.3469998836517334,9,7.6999993324279785,0.8772270679473877,0.45840001106262207,0.11761320382356644,South Africa,1997
0,0.005974321160465479,3.3469998836517334,9,7.6999993324279785,0.8772270679473877,0.45840001106262207,-0.1365710347890854,South Africa,1998
0,-0.011544848792254925,3.3469998836517334,9,7.6999993324279785,0.8772270679473877,0.45840001106262207,-0.10500156134366989,South Africa,1999
0,0,2.8540000915527344,6,10.90000057220459,0.676548957824707,0.2549999952316284,0.10132468491792679,Namibia,1991
0,-0.022424712777137756,2.8540000915527344,6,10.90000057220459,0.676548957824707,0.2549999952316284,0.10780268907546997,Namibia,1992
0,-0.005734778940677643,2.8540000915527344,6,10.90000057220459,0.676548957824707,0.2549999952316284,-0.547178328037262,Namibia,1993
0,-0.043025702238082886,2.8540000915527344,6,10.90000057220459,0.676548957824707,0.2549999952316284,1.6769756078720093,Namibia,1994
0,0.03550739586353302,2.8540000915527344,6,10.90000057220459,0.676548957824707,0.2549999952316284,-0.2810862064361572,Namibia,1995
0,0.010196751914918423,2.8540000915527344,6,10.90000057220459,0.676548957824707,0.2549999952316284,-0.25437262654304504,Namibia,1996
0,-0.004364854656159878,2.8540000915527344,6,10.90000057220459,0.676548957824707,0.2549999952316284,0.14142832159996033,Namibia,1997
1,0.0011853671167045832,2.8540000915527344,6,10.90000057220459,0.676548957824707,0.2549999952316284,0.5753085613250732,Namibia,1998
1,-3.862243320327252e-4,2.8540000915527344,6,10.90000057220459,0.676548957824707,0.2549999952316284,-0.5158329606056213,Namibia,1999
0,0.012219984084367752,0.9819999933242798,-7,82.20001220703125,0.22248250246047974,0.3199999928474426,-0.13730651140213013,Lesotho,1981
0,0.02615690417587757,0.9819999933242798,-7,82.20001220703125,0.22248250246047974,0.3199999928474426,0.3220583498477936,Lesotho,1982
0,0.008823591284453869,0.9819999933242798,-7,82.20001220703125,0.22248250246047974,0.3199999928474426,-0.2695964574813843,Lesotho,1983
0,-0.01554910745471716,0.9819999933242798,-7,82.20001220703125,0.22248250246047974,0.3199999928474426,0.12200605869293213,Lesotho,1984
0,0.007897350937128067,0.9819999933242798,-7,82.20001220703125,0.22248250246047974,0.3199999928474426,-0.06599725782871246,Lesotho,1985
0,-0.0450538694858551,0.9819999933242798,-7,82.20001220703125,0.22248250246047974,0.3199999928474426,0.12238378077745438,Lesotho,1986
0,-0.0482051782310009,0.9819999933242798,-7,82.20001220703125,0.22248250246047974,0.3199999928474426,0.07974362373352051,Lesotho,1987
0,0.02262934111058712,0.9819999933242798,-7,82.20001220703125,0.22248250246047974,0.3199999928474426,0.15181955695152283,Lesotho,1988
0,0.11591149866580963,0.9819999933242798,-7,82.20001220703125,0.22248250246047974,0.3199999928474426,0.10989758372306824,Lesotho,1989
0,-0.028328584507107735,0.9819999933242798,-7,82.20001220703125,0.22248250246047974,0.3199999928474426,-0.1370716392993927,Lesotho,1990
0,-0.05539362505078316,0.9819999933242798,-7,82.20001220703125,0.22248250246047974,0.3199999928474426,-0.23924624919891357,Lesotho,1991
0,0.016460876911878586,0.9819999933242798,-7,82.20001220703125,0.22248250246047974,0.3199999928474426,0.22270168364048004,Lesotho,1992
0,-0.036437202244997025,0.9819999933242798,-7,82.20001220703125,0.22248250246047974,0.3199999928474426,-0.2993689179420471,Lesotho,1993
0,0.014782014302909374,0.9819999933242798,8,82.20001220703125,0.22248250246047974,0.3199999928474426,0.4443703591823578,Lesotho,1994
0,0.01193462684750557,0.9819999933242798,8,82.20001220703125,0.22248250246047974,0.3199999928474426,-0.16646695137023926,Lesotho,1995
0,0.0226353220641613,0.9819999933242798,8,82.20001220703125,0.22248250246047974,0.3199999928474426,0.23491938412189484,Lesotho,1996
0,0.07607471942901611,0.9819999933242798,8,82.20001220703125,0.22248250246047974,0.3199999928474426,0.20044603943824768,Lesotho,1997
1,0.05687934160232544,0.9819999933242798,8,82.20001220703125,0.22248250246047974,0.3199999928474426,-0.13940459489822388,Lesotho,1998
0,-0.07082143425941467,0.9819999933242798,0,82.20001220703125,0.22248250246047974,0.3199999928474426,0.0050010280683636665,Lesotho,1999
0,0.11815564334392548,1.7350000143051147,9,0,0.5063918232917786,0.5,0.20698563754558563,Botswana,1981
0,0.01701030507683754,1.7350000143051147,9,0,0.5063918232917786,0.5,0.03197671100497246,Botswana,1982
0,0.003547881031408906,1.7350000143051147,9,0,0.5063918232917786,0.5,-0.279323935508728,Botswana,1983
0,-0.05404039844870567,1.7350000143051147,9,0,0.5063918232917786,0.5,0.05723461136221886,Botswana,1984
0,0.03950880840420723,1.7350000143051147,9,0,0.5063918232917786,0.5,-0.2028287649154663,Botswana,1985
0,0.20030809938907623,1.7350000143051147,9,0,0.5063918232917786,0.5,0.14675281941890717,Botswana,1986
0,0.13906720280647278,1.7350000143051147,9,0,0.5063918232917786,0.5,0.11736343801021576,Botswana,1987
0,-0.1709240972995758,1.7350000143051147,9,0,0.5063918232917786,0.5,-0.20743881165981293,Botswana,1988
0,0.09198009222745895,1.7350000143051147,9,0,0.5063918232917786,0.5,0.8203268647193909,Botswana,1989
0,-0.08796685934066772,1.7350000143051147,9,0,0.5063918232917786,0.5,-0.140552818775177,Botswana,1990
0,0.039055414497852325,1.7350000143051147,9,0,0.5063918232917786,0.5,-0.33362722396850586,Botswana,1991
0,0.04304530844092369,1.7350000143051147,9,0,0.5063918232917786,0.5,0.3634312152862549,Botswana,1992
0,0.0013066979590803385,1.7350000143051147,9,0,0.5063918232917786,0.5,-0.4839121699333191,Botswana,1993
0,-0.007293309550732374,1.7350000143051147,9,0,0.5063918232917786,0.5,0.7478245496749878,Botswana,1994
0,0.009759253822267056,1.7350000143051147,9,0,0.5063918232917786,0.5,-0.0822850689291954,Botswana,1995
0,0.025883521884679794,1.7350000143051147,9,0,0.5063918232917786,0.5,0.09207439422607422,Botswana,1996
0,0.04367219656705856,1.7350000143051147,9,0,0.5063918232917786,0.5,0.16764746606349945,Botswana,1997
0,0.014949589967727661,1.7350000143051147,9,0,0.5063918232917786,0.5,0.05494280904531479,Botswana,1998
0,0.01607242226600647,1.7350000143051147,9,0,0.5063918232917786,0.5,-0.22840853035449982,Botswana,1999
0,-0.04468753933906555,3.200000047683716,-10,15.200000762939453,0.386751651763916,0.48000001907348633,0.08503222465515137,Swaziland,1981
0,0.13575400412082672,3.200000047683716,-10,15.200000762939453,0.386751651763916,0.48000001907348633,0.2156861424446106,Swaziland,1982
0,-0.1805875152349472,3.200000047683716,-10,15.200000762939453,0.386751651763916,0.48000001907348633,-0.39955076575279236,Swaziland,1983
0,-0.16766256093978882,3.200000047683716,-10,15.200000762939453,0.386751651763916,0.48000001907348633,0.3437672555446625,Swaziland,1984
0,0.07812497764825821,3.200000047683716,-10,15.200000762939453,0.386751651763916,0.48000001907348633,0.37923112511634827,Swaziland,1985
0,-0.1390521079301834,3.200000047683716,-10,15.200000762939453,0.386751651763916,0.48000001907348633,-0.3091633915901184,Swaziland,1986
0,0.017288492992520332,3.200000047683716,-10,15.200000762939453,0.386751651763916,0.48000001907348633,-0.2241109013557434,Swaziland,1987
0,0.053667210042476654,3.200000047683716,-10,15.200000762939453,0.386751651763916,0.48000001907348633,0.2790425717830658,Swaziland,1988
0,0.025042451918125153,3.200000047683716,-10,15.200000762939453,0.386751651763916,0.48000001907348633,-0.012699516490101814,Swaziland,1989
0,0.05590061843395233,3.200000047683716,-10,15.200000762939453,0.386751651763916,0.48000001907348633,0.00400172034278512,Swaziland,1990
0,0.05561753734946251,3.200000047683716,-10,15.200000762939453,0.386751651763916,0.48000001907348633,-0.20816628634929657,Swaziland,1991
0,-0.007083653472363949,3.200000047683716,-10,15.200000762939453,0.386751651763916,0.48000001907348633,-0.021160053089261055,Swaziland,1992
0,-0.018417099490761757,3.200000047683716,-10,15.200000762939453,0.386751651763916,0.48000001907348633,-0.31872090697288513,Swaziland,1993
0,8.026637369766831e-4,3.200000047683716,-9,15.200000762939453,0.386751651763916,0.48000001907348633,0.721591055393219,Swaziland,1994
0,0.0028489476535469294,3.200000047683716,-9,15.200000762939453,0.386751651763916,0.48000001907348633,-0.21458473801612854,Swaziland,1995
0,-0.00437493110075593,3.200000047683716,-9,15.200000762939453,0.386751651763916,0.48000001907348633,0.3392292559146881,Swaziland,1996
0,0.0070190210826694965,3.200000047683716,-9,15.200000762939453,0.386751651763916,0.48000001907348633,0.16215908527374268,Swaziland,1997
0,0.004120422527194023,3.200000047683716,-9,15.200000762939453,0.386751651763916,0.48000001907348633,-0.06805869936943054,Swaziland,1998
0,-0.011724435724318027,3.200000047683716,-9,15.200000762939453,0.386751651763916,0.48000001907348633,-0.189147487282753,Swaziland,1999
0,-0.011055253446102142,0.9950000047683716,-6,32.80000305175781,0.06219041347503662,0.5565999746322632,0.03523152694106102,Madagascar,1981
0,-0.13922765851020813,0.9950000047683716,-6,32.80000305175781,0.06219041347503662,0.5565999746322632,0.0568942129611969,Madagascar,1982
0,-0.030696602538228035,0.9950000047683716,-6,32.80000305175781,0.06219041347503662,0.5565999746322632,0.1151496171951294,Madagascar,1983
0,-0.03166865184903145,0.9950000047683716,-6,32.80000305175781,0.06219041347503662,0.5565999746322632,-0.13987965881824493,Madagascar,1984
0,-0.03647804260253906,0.9950000047683716,-6,32.80000305175781,0.06219041347503662,0.5565999746322632,0.08915483206510544,Madagascar,1985
0,0.003916476387530565,0.9950000047683716,-6,32.80000305175781,0.06219041347503662,0.5565999746322632,-0.16764962673187256,Madagascar,1986
0,-0.05071518197655678,0.9950000047683716,-6,32.80000305175781,0.06219041347503662,0.5565999746322632,0.13537494838237762,Madagascar,1987
0,-0.026027388870716095,0.9950000047683716,-6,32.80000305175781,0.06219041347503662,0.5565999746322632,-0.14891253411769867,Madagascar,1988
0,-0.03656824305653572,0.9950000047683716,-6,32.80000305175781,0.06219041347503662,0.5565999746322632,0.06555289775133133,Madagascar,1989
0,-0.007299263030290604,0.9950000047683716,-6,32.80000305175781,0.06219041347503662,0.5565999746322632,0.1909075677394867,Madagascar,1990
0,-0.007352934218943119,0.9950000047683716,-6,32.80000305175781,0.06219041347503662,0.5565999746322632,-0.2824989855289459,Madagascar,1991
0,-0.054814815521240234,0.9950000047683716,2,32.80000305175781,0.06219041347503662,0.5565999746322632,0.142442986369133,Madagascar,1992
0,-0.04702199250459671,0.9950000047683716,9,32.80000305175781,0.06219041347503662,0.5565999746322632,-0.06775912642478943,Madagascar,1993
0,-0.007261669263243675,0.9950000047683716,9,32.80000305175781,0.06219041347503662,0.5565999746322632,0.08351317793130875,Madagascar,1994
0,-0.03002258390188217,0.9950000047683716,9,32.80000305175781,0.06219041347503662,0.5565999746322632,0.0638478547334671,Madagascar,1995
0,-0.013015172444283962,0.9950000047683716,9,32.80000305175781,0.06219041347503662,0.5565999746322632,0.024276165291666985,Madagascar,1996
0,-0.008964723907411098,0.9950000047683716,9,32.80000305175781,0.06219041347503662,0.5565999746322632,-0.061703331768512726,Madagascar,1997
0,0.005023433361202478,0.9950000047683716,8,32.80000305175781,0.06219041347503662,0.5565999746322632,-0.0226629376411438,Madagascar,1998
0,0.007552301976829767,0.9950000047683716,7,32.80000305175781,0.06219041347503662,0.5565999746322632,0.02366180159151554,Madagascar,1999
0,0.018823496997356415,0.8500000238418579,-7,6.500000476837158,0.7350702881813049,0.4449999928474426,0.0431806854903698,Sudan,1981
0,0.0046189469285309315,0.8500000238418579,-7,6.500000476837158,0.7350702881813049,0.4449999928474426,-0.009881113655865192,Sudan,1982
1,0,0.8500000238418579,-7,6.500000476837158,0.7350702881813049,0.4449999928474426,-0.15191687643527985,Sudan,1983
1,0.018390772864222527,0.8500000238418579,-7,6.500000476837158,0.7350702881813049,0.4449999928474426,-0.06653811782598495,Sudan,1984
1,-0.05869073048233986,0.8500000238418579,-7,6.500000476837158,0.7350702881813049,0.4449999928474426,-0.20233874022960663,Sudan,1985
1,-0.051558732986450195,0.8500000238418579,0,6.500000476837158,0.7350702881813049,0.4449999928474426,0.45128393173217773,Sudan,1986
1,0.07711756229400635,0.8500000238418579,7,6.500000476837158,0.7350702881813049,0.4449999928474426,-0.01580926403403282,Sudan,1987
1,-0.041079841554164886,0.8500000238418579,7,6.500000476837158,0.7350702881813049,0.4449999928474426,0.0453791618347168,Sudan,1988
1,-0.06609542667865753,0.8500000238418579,7,6.500000476837158,0.7350702881813049,0.4449999928474426,0.20759744942188263,Sudan,1989
1,0.05897774174809456,0.8500000238418579,-7,6.500000476837158,0.7350702881813049,0.4449999928474426,-0.06436775624752045,Sudan,1990
1,-0.06311880797147751,0.8500000238418579,-7,6.500000476837158,0.7350702881813049,0.4449999928474426,-0.25089606642723083,Sudan,1991
1,-0.027741119265556335,0.8500000238418579,-7,6.500000476837158,0.7350702881813049,0.4449999928474426,0.1291254758834839,Sudan,1992
1,0.027961138635873795,0.8500000238418579,-7,6.500000476837158,0.7350702881813049,0.4449999928474426,0.0656469464302063,Sudan,1993
1,0.021610895171761513,0.8500000238418579,-7,6.500000476837158,0.7350702881813049,0.4449999928474426,0.050411880016326904,Sudan,1994
1,0.020418021827936172,0.8500000238418579,-7,6.500000476837158,0.7350702881813049,0.4449999928474426,0.03620314598083496,Sudan,1995
1,0.2270883470773697,0.8500000238418579,-7,6.500000476837158,0.7350702881813049,0.4449999928474426,0.018468918278813362,Sudan,1996
1,0.01936369016766548,0.8500000238418579,-7,6.500000476837158,0.7350702881813049,0.4449999928474426,0.2045329064130783,Sudan,1997
1,0.044563863426446915,0.8500000238418579,-7,6.500000476837158,0.7350702881813049,0.4449999928474426,-0.24351637065410614,Sudan,1998
