year,lg,franchise,wins,losses,ties,ptsscored,ptsallowed,ptdif,coaches,ScheduleStrength,Tenure,FiredCoach,playoff,finalyearofcoaching,WinPct,NewCoach,LagWinPct
2012,NFL,Jacksonville Jaguars,2,14,0,255,444,-189,Mularkey,-1.100000024,1,1,0,1,12.5,1,NA
2011,NFL,Jacksonville Jaguars,5,11,0,243,329,-86,"Del Rio,Tucker",-0.300000012,9,1,0,1,31.29999936,0,12.5
2010,NFL,Jacksonville Jaguars,8,8,0,353,419,-66,Del Rio,-0.400000006,8,0,0,0,50,0,31.29999936
2009,NFL,Jacksonville Jaguars,7,9,0,290,380,-90,Del Rio,-0.899999976,7,0,0,0,43.79999936,0,50
2008,NFL,Jacksonville Jaguars,5,11,0,302,367,-65,Del Rio,1.600000024,6,0,0,0,31.29999936,0,43.79999936
2007,NFL,Jacksonville Jaguars,11,5,0,411,304,107,Del Rio,0.100000001,5,0,1,0,68.80000234,0,31.29999936
2006,NFL,Jacksonville Jaguars,8,8,0,371,274,97,Del Rio,1.399999976,4,0,0,0,50,0,68.80000234
2005,NFL,Jacksonville Jaguars,12,4,0,361,269,92,Del Rio,-1,3,0,1,0,75,0,50
2004,NFL,Jacksonville Jaguars,9,7,0,261,280,-19,Del Rio,1.899999976,2,0,0,0,56.30000234,0,75
2003,NFL,Jacksonville Jaguars,5,11,0,276,331,-55,Del Rio,1,1,0,0,0,31.29999936,1,56.30000234
2002,NFL,Jacksonville Jaguars,6,10,0,328,315,13,Coughlin,-1,8,1,0,1,37.5,0,31.29999936
2001,NFL,Jacksonville Jaguars,6,10,0,294,286,8,Coughlin,0.400000006,7,0,0,0,37.5,0,37.5
2000,NFL,Jacksonville Jaguars,7,9,0,367,327,40,Coughlin,-1.399999976,6,0,0,0,43.79999936,0,37.5
1999,NFL,Jacksonville Jaguars,14,2,0,396,217,179,Coughlin,-4.800000191,5,0,1,0,87.5,0,43.79999936
1998,NFL,Jacksonville Jaguars,11,5,0,392,338,54,Coughlin,-0.899999976,4,0,1,0,68.80000234,0,87.5
1997,NFL,Jacksonville Jaguars,11,5,0,394,318,76,Coughlin,0.699999988,3,0,1,0,68.80000234,0,68.80000234
1996,NFL,Jacksonville Jaguars,9,7,0,325,335,-10,Coughlin,-0.899999976,2,0,1,0,56.30000234,0,68.80000234
1995,NFL,Jacksonville Jaguars,4,12,0,275,404,-129,Coughlin,0,1,0,0,0,25,0,56.30000234
2012,NFL,Indianapolis Colts,11,5,0,357,387,-30,Pagano,-2.799999952,1,0,1,0,68.80000234,1,NA
2011,NFL,Indianapolis Colts,2,14,0,243,430,-187,Caldwell,0.400000006,3,1,0,1,12.5,0,68.80000234
2010,NFL,Indianapolis Colts,10,6,0,435,388,47,Caldwell,-0.100000001,2,0,1,0,62.5,0,12.5
2009,NFL,Indianapolis Colts,14,2,0,416,307,109,Caldwell,-0.899999976,1,0,1,0,87.5,0,62.5
2008,NFL,Indianapolis Colts,12,4,0,377,298,79,Dungy,1.600000024,7,0,1,1,75,0,87.5
2007,NFL,Indianapolis Colts,13,3,0,450,262,188,Dungy,0.300000012,6,0,1,0,81.30000234,0,75
2006,NFL,Indianapolis Colts,12,4,0,427,360,67,Dungy,1.700000048,5,0,1,0,75,0,81.30000234
2005,NFL,Indianapolis Colts,14,2,0,439,247,192,Dungy,-1.200000048,4,0,1,0,87.5,0,75
2004,NFL,Indianapolis Colts,12,4,0,522,351,171,Dungy,0.699999988,3,0,1,0,75,0,87.5
2003,NFL,Indianapolis Colts,12,4,0,447,336,111,Dungy,0,2,0,1,0,75,0,75
2002,NFL,Indianapolis Colts,10,6,0,349,313,36,Dungy,-1.100000024,1,0,1,0,62.5,1,75
2001,NFL,Indianapolis Colts,6,10,0,413,486,-73,Mora,0.800000012,4,1,0,1,37.5,0,62.5
2000,NFL,Indianapolis Colts,10,6,0,429,326,103,Mora,1.5,3,0,1,0,62.5,0,37.5
1999,NFL,Indianapolis Colts,13,3,0,423,333,90,Mora,0.5,2,0,1,0,81.30000234,0,62.5
1998,NFL,Indianapolis Colts,3,13,0,310,444,-134,Mora,3,1,0,0,0,18.79999936,1,81.30000234
1997,NFL,Indianapolis Colts,3,13,0,313,401,-88,Infante,1.200000048,2,1,0,1,18.79999936,0,18.79999936
1996,NFL,Indianapolis Colts,9,7,0,317,334,-17,Infante,-0.600000024,1,0,1,0,56.30000234,0,18.79999936
1995,NFL,Indianapolis Colts,9,7,0,331,316,15,Marchibroda,-2.299999952,4,0,1,1,56.30000234,0,56.30000234
2012,NFL,Tennessee Titans,6,10,0,330,471,-141,Munchak,-1.200000048,2,0,0,0,37.5,0,NA
2011,NFL,Tennessee Titans,9,7,0,325,317,8,Munchak,-1.5,1,0,0,0,56.30000234,1,37.5
2010,NFL,Tennessee Titans,6,10,0,356,339,17,Fisher,0,16,1,0,1,37.5,0,56.30000234
2009,NFL,Tennessee Titans,8,8,0,354,402,-48,Fisher,0.200000003,15,0,0,0,50,0,37.5
2008,NFL,Tennessee Titans,13,3,0,375,234,141,Fisher,0.100000001,14,0,1,0,81.30000234,0,50
2007,NFL,Tennessee Titans,10,6,0,301,297,4,Fisher,0.5,13,0,1,0,62.5,0,81.30000234
2006,NFL,Tennessee Titans,8,8,0,324,400,-76,Fisher,3.5,12,0,0,0,50,0,62.5
2005,NFL,Tennessee Titans,4,12,0,299,421,-122,Fisher,0.100000001,11,0,0,0,25,0,50
2004,NFL,Tennessee Titans,5,11,0,344,439,-95,Fisher,1.5,10,0,0,0,31.29999936,0,25
2003,NFL,Tennessee Titans,12,4,0,435,324,111,Fisher,-0.5,9,0,1,0,75,0,31.29999936
2002,NFL,Tennessee Titans,11,5,0,367,324,43,Fisher,-0.899999976,8,0,1,0,68.80000234,0,75
2001,NFL,Tennessee Titans,7,9,0,336,388,-52,Fisher,1.200000048,7,0,0,0,43.79999936,0,68.80000234
2000,NFL,Tennessee Titans,13,3,0,346,191,155,Fisher,-1.299999952,6,0,1,0,81.30000234,0,43.79999936
1999,NFL,Tennessee Titans,13,3,0,392,324,68,Fisher,-3.200000048,5,0,1,0,81.30000234,0,81.30000234
1998,NFL,Tennessee Titans,8,8,0,330,320,10,Fisher,-0.600000024,4,0,0,0,50,0,81.30000234
1997,NFL,Tennessee Titans,8,8,0,333,310,23,Fisher,0.200000003,3,0,0,0,50,0,50
1996,NFL,Tennessee Titans,8,8,0,345,319,26,Fisher,-0.699999988,2,0,0,0,50,0,50
1995,NFL,Tennessee Titans,7,9,0,348,324,24,Fisher,-0.699999988,1,0,0,0,43.79999936,0,50
2012,NFL,Houston Texans,12,4,0,416,331,85,Kubiak,-1.799999952,7,0,1,0,75,0,NA
2011,NFL,Houston Texans,10,6,0,381,278,103,Kubiak,-1.899999976,6,0,1,0,62.5,0,75
2010,NFL,Houston Texans,6,10,0,390,427,-37,Kubiak,0.5,5,0,0,0,37.5,0,62.5
2009,NFL,Houston Texans,9,7,0,388,333,55,Kubiak,-1.5,4,0,0,0,56.30000234,0,37.5
2008,NFL,Houston Texans,8,8,0,366,394,-28,Kubiak,1.399999976,3,0,0,0,50,0,56.30000234
2007,NFL,Houston Texans,8,8,0,379,384,-5,Kubiak,0.300000012,2,0,0,0,50,0,50
2006,NFL,Houston Texans,6,10,0,267,366,-99,Kubiak,1.700000048,1,0,0,0,37.5,1,50
2005,NFL,Houston Texans,2,14,0,260,431,-171,Capers,0.699999988,4,1,0,1,12.5,0,37.5
2004,NFL,Houston Texans,7,9,0,309,339,-30,Capers,1.200000048,3,0,0,0,43.79999936,0,12.5
2003,NFL,Houston Texans,5,11,0,255,380,-125,Capers,1.899999976,2,0,0,0,31.29999936,0,43.79999936
2002,NFL,Houston Texans,4,12,0,213,356,-143,Capers,-0.5,1,0,0,0,25,0,31.29999936
2012,NFL,New York Jets,6,10,0,281,375,-94,Ryan,0,4,0,0,0,37.5,0,NA
2011,NFL,New York Jets,8,8,0,377,363,14,Ryan,0,3,0,0,0,50,0,37.5
2010,NFL,New York Jets,11,5,0,367,304,63,Ryan,2.5,2,0,1,0,68.80000234,0,50
2009,NFL,New York Jets,9,7,0,348,236,112,Ryan,1.600000024,1,0,1,0,56.30000234,1,68.80000234
2008,NFL,New York Jets,9,7,0,405,356,49,Mangini,-2.799999952,3,1,0,1,56.30000234,0,56.30000234
2007,NFL,New York Jets,4,12,0,268,355,-87,Mangini,1.700000048,2,0,0,0,25,0,56.30000234
2006,NFL,New York Jets,10,6,0,316,295,21,Mangini,0.699999988,1,0,1,0,62.5,0,25
2005,NFL,New York Jets,4,12,0,240,355,-115,Edwards,0.800000012,5,0,0,1,25,0,62.5
2004,NFL,New York Jets,10,6,0,333,261,72,Edwards,2.099999905,4,0,1,0,62.5,0,25
2003,NFL,New York Jets,6,10,0,283,299,-16,Edwards,0.400000006,3,0,0,0,37.5,0,62.5
2002,NFL,New York Jets,9,7,0,359,336,23,Edwards,1.700000048,2,0,1,0,56.30000234,0,37.5
2001,NFL,New York Jets,10,6,0,308,295,13,Edwards,0,1,0,1,0,62.5,0,56.30000234
2000,NFL,New York Jets,9,7,0,321,321,0,Groh,3.5,1,0,0,1,56.30000234,0,62.5
1999,NFL,New York Jets,8,8,0,308,309,-1,Parcells,3.099999905,3,0,0,1,50,0,56.30000234
1998,NFL,New York Jets,12,4,0,416,266,150,Parcells,1.799999952,2,0,1,0,75,0,50
1997,NFL,New York Jets,9,7,0,348,287,61,Parcells,-0.899999976,1,0,0,0,56.30000234,0,75
1996,NFL,New York Jets,1,15,0,279,454,-175,Kotite,0.800000012,2,0,0,1,6.300000101,0,56.30000234
1995,NFL,New York Jets,3,13,0,233,384,-151,Kotite,-1.700000048,1,0,0,0,18.79999936,1,6.300000101
2012,NFL,Miami Dolphins,7,9,0,288,317,-29,Philbin,-0.800000012,1,0,0,0,43.79999936,1,NA
2011,NFL,Miami Dolphins,6,10,0,329,313,16,"Sparano,Bowles",-0.100000001,4,1,0,1,37.5,0,43.79999936
2010,NFL,Miami Dolphins,7,9,0,273,333,-60,Sparano,4.099999905,3,0,0,0,43.79999936,0,37.5
2009,NFL,Miami Dolphins,7,9,0,360,390,-30,Sparano,3.599999905,2,0,0,0,43.79999936,0,43.79999936
2008,NFL,Miami Dolphins,11,5,0,345,317,28,Sparano,-2.299999952,1,0,1,0,68.80000234,1,43.79999936
2007,NFL,Miami Dolphins,1,15,0,267,437,-170,Cameron,2.299999952,1,1,0,1,6.300000101,0,68.80000234
2006,NFL,Miami Dolphins,6,10,0,260,283,-23,Saban,2.099999905,2,0,0,1,37.5,0,6.300000101
2005,NFL,Miami Dolphins,9,7,0,318,317,1,Saban,-0.800000012,1,0,0,0,56.30000234,1,37.5
2004,NFL,Miami Dolphins,4,12,0,275,354,-79,"Bates,Wannstedt",2.700000048,5,1,0,1,25,0,56.30000234
2003,NFL,Miami Dolphins,10,6,0,311,261,50,Wannstedt,0.300000012,4,0,0,0,62.5,0,25
2002,NFL,Miami Dolphins,9,7,0,378,301,77,Wannstedt,1.200000048,3,0,0,0,56.30000234,0,62.5
2001,NFL,Miami Dolphins,11,5,0,344,290,54,Wannstedt,-0.699999988,2,0,1,0,68.80000234,0,56.30000234
2000,NFL,Miami Dolphins,11,5,0,323,226,97,Wannstedt,1,1,0,1,0,68.80000234,0,68.80000234
1999,NFL,Miami Dolphins,9,7,0,326,336,-10,Johnson,2.5,4,0,1,1,56.30000234,0,68.80000234
1998,NFL,Miami Dolphins,10,6,0,321,265,56,Johnson,2.400000095,3,0,1,0,62.5,0,56.30000234
1997,NFL,Miami Dolphins,9,7,0,339,327,12,Johnson,0.600000024,2,0,1,0,56.30000234,0,62.5
1996,NFL,Miami Dolphins,8,8,0,339,325,14,Johnson,-0.600000024,1,0,0,0,50,0,56.30000234
1995,NFL,Miami Dolphins,9,7,0,398,332,66,Shula,-1.399999976,26,0,1,1,56.30000234,0,50
2012,NFL,New England Patriots,12,4,0,557,331,226,Belichick,-1.399999976,13,0,1,0,75,0,NA
2011,NFL,New England Patriots,13,3,0,513,342,171,Belichick,-1.399999976,12,0,1,0,81.30000234,0,75
2010,NFL,New England Patriots,14,2,0,518,313,205,Belichick,2.599999905,11,0,1,0,87.5,0,81.30000234
2009,NFL,New England Patriots,10,6,0,427,285,142,Belichick,2.299999952,10,0,1,0,62.5,0,87.5
2008,NFL,New England Patriots,11,5,0,410,309,101,Belichick,-2.400000095,9,0,0,0,68.80000234,0,62.5
2007,NFL,New England Patriots,16,0,0,589,274,315,Belichick,0.400000006,8,0,1,0,100,0,68.80000234
2006,NFL,New England Patriots,12,4,0,385,237,148,Belichick,1,7,0,1,0,75,0,100
2005,NFL,New England Patriots,10,6,0,379,338,41,Belichick,0.600000024,6,0,1,0,62.5,0,75
2004,NFL,New England Patriots,14,2,0,437,260,177,Belichick,1.799999952,5,0,1,0,87.5,0,62.5
2003,NFL,New England Patriots,14,2,0,348,238,110,Belichick,0.100000001,4,0,1,0,87.5,0,87.5
2002,NFL,New England Patriots,9,7,0,381,346,35,Belichick,1.799999952,3,0,0,0,56.30000234,0,87.5
2001,NFL,New England Patriots,11,5,0,371,272,99,Belichick,-1.899999976,2,0,1,0,68.80000234,0,56.30000234
2000,NFL,New England Patriots,5,11,0,276,338,-62,Belichick,1.399999976,1,0,0,0,31.29999936,1,68.80000234
1999,NFL,New England Patriots,8,8,0,299,284,15,Carroll,1.299999952,3,1,0,1,50,0,31.29999936
1998,NFL,New England Patriots,9,7,0,337,329,8,Carroll,3.400000095,2,0,1,0,56.30000234,0,50
1997,NFL,New England Patriots,10,6,0,369,289,80,Carroll,0.300000012,1,0,1,0,62.5,0,56.30000234
1996,NFL,New England Patriots,11,5,0,418,313,105,Parcells,-1.5,4,0,1,1,68.80000234,0,62.5
1995,NFL,New England Patriots,6,10,0,294,377,-83,Parcells,-0.200000003,3,0,0,0,37.5,0,68.80000234
2012,NFL,Buffalo Bills,6,10,0,344,435,-91,Gailey,-1,3,1,0,1,37.5,0,NA
2011,NFL,Buffalo Bills,6,10,0,372,434,-62,Gailey,0.5,2,0,0,0,37.5,0,37.5
2010,NFL,Buffalo Bills,4,12,0,283,425,-142,Gailey,4.300000191,1,0,0,0,25,1,37.5
2009,NFL,Buffalo Bills,6,10,0,258,326,-68,"Jauron,Fewell",2.400000095,4,1,0,1,37.5,0,25
2008,NFL,Buffalo Bills,7,9,0,336,342,-6,Jauron,-3,3,0,0,0,43.79999936,0,37.5
2007,NFL,Buffalo Bills,7,9,0,252,354,-102,Jauron,2.299999952,2,0,0,0,43.79999936,0,43.79999936
2006,NFL,Buffalo Bills,7,9,0,300,311,-11,Jauron,2.900000095,1,0,0,0,43.79999936,0,43.79999936
2005,NFL,Buffalo Bills,5,11,0,271,367,-96,Mularkey,0.200000003,2,0,0,1,31.29999936,0,43.79999936
2004,NFL,Buffalo Bills,9,7,0,395,284,111,Mularkey,1.100000024,1,0,0,0,56.30000234,1,31.29999936
2003,NFL,Buffalo Bills,6,10,0,243,279,-36,Williams,1.299999952,3,1,0,1,37.5,0,56.30000234
2002,NFL,Buffalo Bills,8,8,0,379,397,-18,Williams,0.899999976,2,0,0,0,50,0,37.5
2001,NFL,Buffalo Bills,3,13,0,265,420,-155,Williams,0.200000003,1,0,0,0,18.79999936,1,50
2000,NFL,Buffalo Bills,8,8,0,315,350,-35,Phillips,2.200000048,3,1,0,1,50,0,18.79999936
1999,NFL,Buffalo Bills,11,5,0,320,229,91,Phillips,1.5,2,0,1,0,68.80000234,0,50
1998,NFL,Buffalo Bills,10,6,0,400,333,67,Phillips,1,1,0,1,0,62.5,0,68.80000234
1997,NFL,Buffalo Bills,6,10,0,255,367,-112,Levy,2.5,12,0,0,1,37.5,0,62.5
1996,NFL,Buffalo Bills,10,6,0,319,266,53,Levy,-0.400000006,11,0,1,0,62.5,0,37.5
1995,NFL,Buffalo Bills,10,6,0,350,335,15,Levy,-1.799999952,10,0,1,0,62.5,0,62.5
2012,NFL,Pittsburgh Steelers,8,8,0,336,314,22,Tomlin,-2,6,0,0,0,50,0,NA
2011,NFL,Pittsburgh Steelers,12,4,0,325,227,98,Tomlin,-0.800000012,5,0,1,0,75,0,50
2010,NFL,Pittsburgh Steelers,12,4,0,375,232,143,Tomlin,1.299999952,4,0,1,0,75,0,75
2009,NFL,Pittsburgh Steelers,9,7,0,368,324,44,Tomlin,-1.100000024,3,0,0,0,56.30000234,0,75
2008,NFL,Pittsburgh Steelers,12,4,0,347,223,124,Tomlin,2,2,0,1,0,75,0,56.30000234
2007,NFL,Pittsburgh Steelers,10,6,0,393,269,124,Tomlin,-2.5,1,0,1,0,62.5,0,75
2006,NFL,Pittsburgh Steelers,8,8,0,353,315,38,Cowher,1,15,0,0,1,50,0,62.5
2005,NFL,Pittsburgh Steelers,11,5,0,389,258,131,Cowher,-0.400000006,14,0,1,0,68.80000234,0,50
2004,NFL,Pittsburgh Steelers,15,1,0,372,251,121,Cowher,1.399999976,13,0,1,0,93.80000234,0,68.80000234
2003,NFL,Pittsburgh Steelers,6,10,0,300,327,-27,Cowher,0.600000024,12,0,0,0,37.5,0,93.80000234
2002,NFL,Pittsburgh Steelers,10,5,1,390,345,45,Cowher,-0.100000001,11,0,1,0,65.60000181,0,37.5
2001,NFL,Pittsburgh Steelers,13,3,0,352,212,140,Cowher,-1.399999976,10,0,1,0,81.30000234,0,65.60000181
2000,NFL,Pittsburgh Steelers,9,7,0,321,255,66,Cowher,-0.200000003,9,0,0,0,56.30000234,0,81.30000234
1999,NFL,Pittsburgh Steelers,6,10,0,317,320,-3,Cowher,-2.200000048,8,0,0,0,37.5,0,56.30000234
1998,NFL,Pittsburgh Steelers,7,9,0,263,303,-40,Cowher,-1.299999952,7,0,0,0,43.79999936,0,37.5
1997,NFL,Pittsburgh Steelers,11,5,0,372,307,65,Cowher,1.200000048,6,0,1,0,68.80000234,0,43.79999936
1996,NFL,Pittsburgh Steelers,10,6,0,344,257,87,Cowher,-0.300000012,5,0,1,0,62.5,0,68.80000234
1995,NFL,Pittsburgh Steelers,11,5,0,407,327,80,Cowher,-0.400000006,4,0,1,0,68.80000234,0,62.5
2012,NFL,Cleveland Browns,5,11,0,302,368,-66,Shurmur,-1.200000048,2,1,0,1,31.29999936,0,NA
2011,NFL,Cleveland Browns,4,12,0,218,307,-89,Shurmur,0.200000003,1,0,0,0,25,1,31.29999936
2010,NFL,Cleveland Browns,5,11,0,271,332,-61,Mangini,2.299999952,2,1,0,1,31.29999936,0,25
2009,NFL,Cleveland Browns,5,11,0,245,375,-130,Mangini,-0.300000012,1,0,0,0,31.29999936,1,31.29999936
2008,NFL,Cleveland Browns,4,12,0,232,350,-118,Crennel,2.700000048,4,1,0,1,25,0,31.29999936
2007,NFL,Cleveland Browns,10,6,0,402,382,20,Crennel,-2.299999952,3,0,0,0,62.5,0,25
2006,NFL,Cleveland Browns,4,12,0,238,356,-118,Crennel,1.5,2,0,0,0,25,0,62.5
2005,NFL,Cleveland Browns,6,10,0,232,301,-69,Crennel,0.100000001,1,0,0,0,37.5,1,25
2004,NFL,Cleveland Browns,4,12,0,276,390,-114,"Davis,Robiskie",3.700000048,4,1,0,1,25,0,37.5
2003,NFL,Cleveland Browns,5,11,0,254,322,-68,Davis,1.299999952,3,0,0,0,31.29999936,0,25
2002,NFL,Cleveland Browns,9,7,0,344,320,24,Davis,-0.300000012,2,0,1,0,56.30000234,0,31.29999936
2001,NFL,Cleveland Browns,7,9,0,285,319,-34,Davis,1.299999952,1,0,0,0,43.79999936,1,56.30000234
2000,NFL,Cleveland Browns,3,13,0,161,419,-258,Palmer,1.5,2,1,0,1,18.79999936,0,43.79999936
1999,NFL,Cleveland Browns,2,14,0,217,437,-220,Palmer,-0.300000012,1,0,0,0,12.5,0,18.79999936
2012,NFL,Baltimore Ravens,10,6,0,398,344,54,Harbaugh,-0.5,5,0,1,0,62.5,0,NA
2011,NFL,Baltimore Ravens,12,4,0,378,266,112,Harbaugh,-0.899999976,4,0,1,0,75,0,62.5
2010,NFL,Baltimore Ravens,12,4,0,357,270,87,Harbaugh,1,3,0,1,0,75,0,75
2009,NFL,Baltimore Ravens,9,7,0,391,261,130,Harbaugh,-0.600000024,2,0,1,0,56.30000234,0,75
2008,NFL,Baltimore Ravens,11,5,0,385,244,141,Harbaugh,1,1,0,1,0,68.80000234,1,56.30000234
2007,NFL,Baltimore Ravens,5,11,0,275,384,-109,Billick,0.100000001,9,1,0,1,31.29999936,0,68.80000234
2006,NFL,Baltimore Ravens,13,3,0,353,201,152,Billick,-0.200000003,8,0,1,0,81.30000234,0,31.29999936
2005,NFL,Baltimore Ravens,6,10,0,265,299,-34,Billick,0.300000012,7,0,0,0,37.5,0,81.30000234
2004,NFL,Baltimore Ravens,9,7,0,317,268,49,Billick,3.099999905,6,0,0,0,56.30000234,0,37.5
2003,NFL,Baltimore Ravens,10,6,0,391,281,110,Billick,-0.600000024,5,0,1,0,62.5,0,56.30000234
2002,NFL,Baltimore Ravens,7,9,0,316,354,-38,Billick,0.300000012,4,0,0,0,43.79999936,0,62.5
2001,NFL,Baltimore Ravens,10,6,0,303,265,38,Billick,0.800000012,3,0,1,0,62.5,0,43.79999936
2000,NFL,Baltimore Ravens,12,4,0,333,165,168,Billick,-2.5,2,0,1,0,75,0,62.5
1999,NFL,Baltimore Ravens,8,8,0,324,277,47,Billick,-2,1,0,0,0,50,1,75
1998,NFL,Baltimore Ravens,6,10,0,269,335,-66,Marchibroda,-1.299999952,3,1,0,1,37.5,0,50
1997,NFL,Baltimore Ravens,6,9,1,326,345,-19,Marchibroda,0.600000024,2,0,0,0,40.59999883,0,37.5
1996,NFL,Baltimore Ravens,4,12,0,371,441,-70,Marchibroda,1.399999976,1,0,0,0,25,0,40.59999883
2012,NFL,Cincinnati Bengals,10,6,0,391,320,71,Lewis,-2.400000095,10,0,1,0,62.5,0,NA
2011,NFL,Cincinnati Bengals,9,7,0,344,323,21,Lewis,-0.899999976,9,0,1,0,56.30000234,0,62.5
2010,NFL,Cincinnati Bengals,4,12,0,322,395,-73,Lewis,3.099999905,8,0,0,0,25,0,56.30000234
2009,NFL,Cincinnati Bengals,10,6,0,305,291,14,Lewis,-0.200000003,7,0,1,0,62.5,0,25
2008,NFL,Cincinnati Bengals,4,11,1,204,364,-160,Lewis,3,6,0,0,0,28.09999883,0,62.5
2007,NFL,Cincinnati Bengals,7,9,0,380,385,-5,Lewis,-2.099999905,5,0,0,0,43.79999936,0,28.09999883
2006,NFL,Cincinnati Bengals,8,8,0,373,331,42,Lewis,1.5,4,0,0,0,50,0,43.79999936
2005,NFL,Cincinnati Bengals,11,5,0,421,350,71,Lewis,-0.600000024,3,0,1,0,68.80000234,0,50
2004,NFL,Cincinnati Bengals,8,8,0,374,372,2,Lewis,2.5,2,0,0,0,50,0,68.80000234
2003,NFL,Cincinnati Bengals,8,8,0,346,384,-38,Lewis,0,1,0,0,0,50,1,50
2002,NFL,Cincinnati Bengals,2,14,0,279,456,-177,LeBeau,0.600000024,2,1,0,1,12.5,0,50
2001,NFL,Cincinnati Bengals,6,10,0,226,309,-83,LeBeau,1.700000048,1,0,0,0,37.5,0,12.5
2000,NFL,Cincinnati Bengals,4,12,0,185,359,-174,"LeBeau,Coslet",0.400000006,4,0,0,1,25,0,37.5
1999,NFL,Cincinnati Bengals,4,12,0,283,460,-177,Coslet,-0.5,3,0,0,0,25,0,25
1998,NFL,Cincinnati Bengals,3,13,0,268,452,-184,Coslet,0.5,2,0,0,0,18.79999936,0,25
1997,NFL,Cincinnati Bengals,7,9,0,355,405,-50,Coslet,1,1,0,0,0,43.79999936,1,18.79999936
1996,NFL,Cincinnati Bengals,8,8,0,372,369,3,"Coslet,Shula",-0.300000012,5,1,0,1,50,0,43.79999936
1995,NFL,Cincinnati Bengals,7,9,0,349,374,-25,Shula,-0.200000003,4,0,0,0,43.79999936,0,50
2012,NFL,Oakland Raiders,4,12,0,290,443,-153,Allen,-1.299999952,1,0,0,0,25,1,NA
2011,NFL,Oakland Raiders,8,8,0,359,433,-74,Jackson,-0.300000012,1,1,0,1,50,1,25
2010,NFL,Oakland Raiders,8,8,0,410,371,39,Cable,-2.299999952,2,1,0,1,50,0,50
2009,NFL,Oakland Raiders,5,11,0,197,379,-182,Cable,1.100000024,1,0,0,0,31.29999936,1,50
2008,NFL,Oakland Raiders,5,11,0,263,388,-125,"Cable,Kiffin",0.300000012,2,1,0,1,31.29999936,0,31.29999936
2007,NFL,Oakland Raiders,4,12,0,283,398,-115,Kiffin,1.200000048,1,0,0,0,25,1,31.29999936
2006,NFL,Oakland Raiders,2,14,0,168,332,-164,Shell,0.600000024,1,1,0,1,12.5,1,25
2005,NFL,Oakland Raiders,4,12,0,290,383,-93,Turner,3,2,1,0,1,25,0,12.5
2004,NFL,Oakland Raiders,5,11,0,320,442,-122,Turner,3.400000095,1,0,0,0,31.29999936,1,25
2003,NFL,Oakland Raiders,4,12,0,270,379,-109,Callahan,1.299999952,2,1,0,1,25,0,31.29999936
2002,NFL,Oakland Raiders,11,5,0,450,304,146,Callahan,1.5,1,0,1,0,68.80000234,0,25
2001,NFL,Oakland Raiders,10,6,0,399,327,72,Gruden,-0.899999976,4,0,1,1,62.5,0,68.80000234
2000,NFL,Oakland Raiders,12,4,0,479,299,180,Gruden,-1.5,3,0,1,0,75,0,62.5
1999,NFL,Oakland Raiders,8,8,0,390,329,61,Gruden,2.900000095,2,0,0,0,50,0,75
1998,NFL,Oakland Raiders,8,8,0,288,356,-68,Gruden,-1.399999976,1,0,0,0,50,1,50
1997,NFL,Oakland Raiders,4,12,0,324,419,-95,Bugel,0.800000012,1,1,0,1,25,1,50
1996,NFL,Oakland Raiders,7,9,0,340,293,47,White,-0.5,2,1,0,1,43.79999936,0,25
1995,NFL,Oakland Raiders,8,8,0,348,332,16,White,1.100000024,1,0,0,0,50,1,43.79999936
2012,NFL,Denver Broncos,13,3,0,481,289,192,Fox,-1.899999976,2,0,1,0,81.30000234,0,NA
2011,NFL,Denver Broncos,8,8,0,309,390,-81,Fox,-0.200000003,1,0,1,0,50,1,81.30000234
2010,NFL,Denver Broncos,4,12,0,344,471,-127,"McDaniels,Studesville",-1,2,1,0,1,25,0,50
2009,NFL,Denver Broncos,8,8,0,326,324,2,McDaniels,0.200000003,1,0,0,0,50,1,25
2008,NFL,Denver Broncos,8,8,0,370,448,-78,Shanahan,-0.899999976,14,1,0,1,50,0,50
2007,NFL,Denver Broncos,7,9,0,320,409,-89,Shanahan,1.600000024,13,0,0,0,43.79999936,0,50
2006,NFL,Denver Broncos,9,7,0,319,305,14,Shanahan,0.400000006,12,0,0,0,56.30000234,0,43.79999936
2005,NFL,Denver Broncos,13,3,0,395,258,137,Shanahan,2.200000048,11,0,1,0,81.30000234,0,56.30000234
2004,NFL,Denver Broncos,10,6,0,381,304,77,Shanahan,1,10,0,1,0,62.5,0,81.30000234
2003,NFL,Denver Broncos,10,6,0,381,301,80,Shanahan,0.5,9,0,1,0,62.5,0,62.5
2002,NFL,Denver Broncos,9,7,0,392,344,48,Shanahan,1.899999976,8,0,0,0,56.30000234,0,62.5
2001,NFL,Denver Broncos,8,8,0,340,339,1,Shanahan,-0.5,7,0,0,0,50,0,56.30000234
2000,NFL,Denver Broncos,11,5,0,485,369,116,Shanahan,-2.200000048,6,0,1,0,68.80000234,0,50
1999,NFL,Denver Broncos,6,10,0,314,318,-4,Shanahan,3.599999905,5,0,0,0,37.5,0,68.80000234
1998,NFL,Denver Broncos,14,2,0,501,309,192,Shanahan,-3.099999905,4,0,1,0,87.5,0,37.5
1997,NFL,Denver Broncos,12,4,0,472,287,185,Shanahan,-0.899999976,3,0,1,0,75,0,87.5
1996,NFL,Denver Broncos,13,3,0,391,275,116,Shanahan,0.300000012,2,0,1,0,81.30000234,0,75
1995,NFL,Denver Broncos,8,8,0,388,345,43,Shanahan,0.400000006,1,0,0,0,50,1,81.30000234
2012,NFL,Kansas City Chiefs,2,14,0,211,425,-214,Crennel,-0.600000024,1,1,0,1,12.5,1,NA
2011,NFL,Kansas City Chiefs,7,9,0,212,338,-126,"Haley,Crennel",-0.200000003,3,1,0,1,43.79999936,0,12.5
2010,NFL,Kansas City Chiefs,10,6,0,366,326,40,Haley,-3.200000048,2,0,1,0,62.5,0,43.79999936
2009,NFL,Kansas City Chiefs,4,12,0,294,424,-130,Haley,-0.300000012,1,0,0,0,25,1,62.5
2008,NFL,Kansas City Chiefs,2,14,0,291,440,-149,Edwards,0.100000001,3,1,0,1,12.5,0,25
2007,NFL,Kansas City Chiefs,4,12,0,226,335,-109,Edwards,1.399999976,2,0,0,0,25,0,12.5
2006,NFL,Kansas City Chiefs,9,7,0,331,315,16,Edwards,0,1,0,1,0,56.30000234,0,25
2005,NFL,Kansas City Chiefs,10,6,0,403,325,78,Vermeil,2.099999905,5,0,0,1,62.5,0,56.30000234
2004,NFL,Kansas City Chiefs,7,9,0,483,435,48,Vermeil,2.299999952,4,0,0,0,43.79999936,0,62.5
2003,NFL,Kansas City Chiefs,13,3,0,484,332,152,Vermeil,-1.200000048,3,0,1,0,81.30000234,0,43.79999936
2002,NFL,Kansas City Chiefs,8,8,0,467,399,68,Vermeil,1.899999976,2,0,0,0,50,0,81.30000234
2001,NFL,Kansas City Chiefs,6,10,0,320,344,-24,Vermeil,0.300000012,1,0,0,0,37.5,1,50
2000,NFL,Kansas City Chiefs,7,9,0,355,354,1,Cunningham,0.600000024,2,1,0,1,43.79999936,0,37.5
1999,NFL,Kansas City Chiefs,9,7,0,390,322,68,Cunningham,2.599999905,1,0,0,0,56.30000234,0,43.79999936
1998,NFL,Kansas City Chiefs,7,9,0,327,363,-36,Schottenheimer,-0.800000012,10,0,0,1,43.79999936,0,56.30000234
1997,NFL,Kansas City Chiefs,13,3,0,375,232,143,Schottenheimer,-0.5,9,0,1,0,81.30000234,0,43.79999936
1996,NFL,Kansas City Chiefs,9,7,0,297,300,-3,Schottenheimer,2,8,0,0,0,56.30000234,0,81.30000234
1995,NFL,Kansas City Chiefs,13,3,0,358,241,117,Schottenheimer,0.300000012,7,0,1,0,81.30000234,0,56.30000234
2012,NFL,San Diego Chargers,7,9,0,350,350,0,Turner,-2.299999952,6,1,0,1,43.79999936,0,NA
2011,NFL,San Diego Chargers,8,8,0,406,377,29,Turner,-0.899999976,5,0,0,0,50,0,43.79999936
2010,NFL,San Diego Chargers,9,7,0,441,322,119,Turner,-2.599999905,4,0,0,0,56.30000234,0,50
2009,NFL,San Diego Chargers,13,3,0,454,320,134,Turner,-1.700000048,3,0,1,0,81.30000234,0,56.30000234
2008,NFL,San Diego Chargers,8,8,0,439,347,92,Turner,-0.800000012,2,0,1,0,50,0,81.30000234
2007,NFL,San Diego Chargers,11,5,0,412,284,128,Turner,0.800000012,1,0,1,0,68.80000234,1,50
2006,NFL,San Diego Chargers,14,2,0,492,303,189,Schottenheimer,-1.600000024,5,1,1,1,87.5,0,68.80000234
2005,NFL,San Diego Chargers,9,7,0,418,312,106,Schottenheimer,3.299999952,4,0,0,0,56.30000234,0,87.5
2004,NFL,San Diego Chargers,12,4,0,446,313,133,Schottenheimer,0.800000012,3,0,1,0,75,0,56.30000234
2003,NFL,San Diego Chargers,4,12,0,313,441,-128,Schottenheimer,1.200000048,2,0,0,0,25,0,75
2002,NFL,San Diego Chargers,8,8,0,333,367,-34,Schottenheimer,1.399999976,1,0,0,0,50,1,25
2001,NFL,San Diego Chargers,5,11,0,332,321,11,Riley,-1,3,1,0,1,31.29999936,0,50
2000,NFL,San Diego Chargers,1,15,0,269,440,-171,Riley,2.599999905,2,0,0,0,6.300000101,0,31.29999936
1999,NFL,San Diego Chargers,8,8,0,269,316,-47,Riley,2,1,0,0,0,50,1,6.300000101
1998,NFL,San Diego Chargers,5,11,0,241,342,-101,"Jones,Gilbride",-2.099999905,2,1,0,1,31.29999936,0,50
1997,NFL,San Diego Chargers,4,12,0,266,425,-159,Gilbride,1,1,0,0,0,25,1,31.29999936
1996,NFL,San Diego Chargers,8,8,0,310,376,-66,Ross,2.400000095,5,1,0,1,50,0,25
1995,NFL,San Diego Chargers,9,7,0,321,323,-2,Ross,1.600000024,4,0,1,0,56.30000234,0,50
2012,NFL,Philadelphia Eagles,4,12,0,280,444,-164,Reid,1.399999976,14,1,0,1,25,0,NA
2011,NFL,Philadelphia Eagles,8,8,0,396,328,68,Reid,0.5,13,0,0,0,50,0,25
2010,NFL,Philadelphia Eagles,10,6,0,439,377,62,Reid,0.300000012,12,0,1,0,62.5,0,50
2009,NFL,Philadelphia Eagles,11,5,0,429,337,92,Reid,0.200000003,11,0,1,0,68.80000234,0,62.5
2008,NFL,Philadelphia Eagles,9,6,1,416,289,127,Reid,-0.100000001,10,0,1,0,59.39999819,0,68.80000234
2007,NFL,Philadelphia Eagles,8,8,0,336,300,36,Reid,3,9,0,0,0,50,0,59.39999819
2006,NFL,Philadelphia Eagles,10,6,0,398,328,70,Reid,-1,8,0,1,0,62.5,0,50
2005,NFL,Philadelphia Eagles,6,10,0,310,388,-78,Reid,2.599999905,7,0,0,0,37.5,0,62.5
2004,NFL,Philadelphia Eagles,13,3,0,386,260,126,Reid,-2.299999952,6,0,1,0,81.30000234,0,37.5
2003,NFL,Philadelphia Eagles,12,4,0,374,287,87,Reid,-1,5,0,1,0,75,0,81.30000234
2002,NFL,Philadelphia Eagles,12,4,0,415,241,174,Reid,-2.599999905,4,0,1,0,75,0,75
2001,NFL,Philadelphia Eagles,11,5,0,343,208,135,Reid,-0.699999988,3,0,1,0,68.80000234,0,75
2000,NFL,Philadelphia Eagles,11,5,0,351,245,106,Reid,-3.599999905,2,0,1,0,68.80000234,0,68.80000234
1999,NFL,Philadelphia Eagles,5,11,0,272,357,-85,Reid,1.100000024,1,0,0,0,31.29999936,1,68.80000234
1998,NFL,Philadelphia Eagles,3,13,0,161,344,-183,Rhodes,-1.299999952,4,1,0,1,18.79999936,0,31.29999936
1997,NFL,Philadelphia Eagles,6,9,1,317,372,-55,Rhodes,0.5,3,0,0,0,40.59999883,0,18.79999936
1996,NFL,Philadelphia Eagles,10,6,0,363,341,22,Rhodes,-0.800000012,2,0,1,0,62.5,0,40.59999883
1995,NFL,Philadelphia Eagles,10,6,0,318,338,-20,Rhodes,-0.5,1,0,1,0,62.5,1,62.5
2012,NFL,New York Giants,9,7,0,429,344,85,Coughlin,0.899999976,9,0,0,0,56.30000234,0,NA
2011,NFL,New York Giants,9,7,0,394,400,-6,Coughlin,2,8,0,1,0,56.30000234,0,56.30000234
2010,NFL,New York Giants,10,6,0,394,347,47,Coughlin,-0.800000012,7,0,0,0,62.5,0,56.30000234
2009,NFL,New York Giants,8,8,0,402,427,-25,Coughlin,1.600000024,6,0,0,0,50,0,62.5
2008,NFL,New York Giants,12,4,0,427,294,133,Coughlin,0.100000001,5,0,1,0,75,0,50
2007,NFL,New York Giants,10,6,0,373,351,22,Coughlin,1.899999976,4,0,1,0,62.5,0,75
2006,NFL,New York Giants,8,8,0,355,362,-7,Coughlin,0.5,3,0,1,0,50,0,62.5
2005,NFL,New York Giants,11,5,0,422,314,108,Coughlin,0.699999988,2,0,1,0,68.80000234,0,50
2004,NFL,New York Giants,6,10,0,303,347,-44,Coughlin,-1.200000048,1,0,0,0,37.5,1,68.80000234
2003,NFL,New York Giants,4,12,0,243,387,-144,Fassel,0.400000006,7,1,0,1,25,0,37.5
2002,NFL,New York Giants,10,6,0,320,279,41,Fassel,-1.700000048,6,0,1,0,62.5,0,25
2001,NFL,New York Giants,7,9,0,294,321,-27,Fassel,-0.100000001,5,0,0,0,43.79999936,0,62.5
2000,NFL,New York Giants,12,4,0,328,246,82,Fassel,-2.700000048,4,0,1,0,75,0,43.79999936
1999,NFL,New York Giants,7,9,0,299,358,-59,Fassel,0.699999988,3,0,0,0,43.79999936,0,75
1998,NFL,New York Giants,8,8,0,287,309,-22,Fassel,-1.899999976,2,0,0,0,50,0,43.79999936
1997,NFL,New York Giants,10,5,1,307,265,42,Fassel,-1.100000024,1,0,1,0,65.60000181,1,50
1996,NFL,New York Giants,6,10,0,242,297,-55,Reeves,-0.699999988,4,1,0,1,37.5,0,65.60000181
1995,NFL,New York Giants,5,11,0,290,340,-50,Reeves,1.600000024,3,0,0,0,31.29999936,0,37.5
2012,NFL,Washington Redskins,10,6,0,436,388,48,Shanahan,0.400000006,3,0,1,0,62.5,0,NA
2011,NFL,Washington Redskins,5,11,0,288,367,-79,Shanahan,0.800000012,2,0,0,0,31.29999936,0,62.5
2010,NFL,Washington Redskins,6,10,0,302,377,-75,Shanahan,0.899999976,1,0,0,0,37.5,1,31.29999936
2009,NFL,Washington Redskins,4,12,0,266,336,-70,Zorn,-0.200000003,2,1,0,1,25,0,37.5
2008,NFL,Washington Redskins,8,8,0,265,296,-31,Zorn,0.200000003,1,0,0,0,50,0,25
2007,NFL,Washington Redskins,9,7,0,334,310,24,Gibbs,3,4,0,1,1,56.30000234,0,50
2006,NFL,Washington Redskins,5,11,0,307,376,-69,Gibbs,0.300000012,3,0,0,0,31.29999936,0,56.30000234
2005,NFL,Washington Redskins,10,6,0,359,293,66,Gibbs,1.899999976,2,0,1,0,62.5,0,31.29999936
2004,NFL,Washington Redskins,6,10,0,240,265,-25,Gibbs,-1.799999952,1,0,0,0,37.5,0,62.5
2003,NFL,Washington Redskins,5,11,0,287,372,-85,Spurrier,-0.400000006,2,0,0,1,31.29999936,0,37.5
2002,NFL,Washington Redskins,7,9,0,307,365,-58,Spurrier,-0.800000012,1,0,0,0,43.79999936,1,31.29999936
2001,NFL,Washington Redskins,8,8,0,256,303,-47,Schottenheimer,-0.699999988,1,1,0,1,50,1,43.79999936
2000,NFL,Washington Redskins,8,8,0,281,269,12,"Turner,Robiskie",0.200000003,7,1,0,1,50,0,50
1999,NFL,Washington Redskins,10,6,0,443,377,66,Turner,-1.200000048,6,0,1,0,62.5,0,50
1998,NFL,Washington Redskins,6,10,0,319,421,-102,Turner,-1.100000024,5,0,0,0,37.5,0,62.5
1997,NFL,Washington Redskins,8,7,1,327,289,38,Turner,-1.100000024,4,0,0,0,53.10000181,0,37.5
1996,NFL,Washington Redskins,9,7,0,364,312,52,Turner,-1.399999976,3,0,0,0,56.30000234,0,53.10000181
1995,NFL,Washington Redskins,6,10,0,326,359,-33,Turner,0.100000001,2,0,0,0,37.5,0,56.30000234
2012,NFL,Dallas Cowboys,8,8,0,376,400,-24,Garrett,1.799999952,2,0,0,0,50,0,NA
2011,NFL,Dallas Cowboys,8,8,0,369,347,22,Garrett,0.300000012,1,0,0,0,50,1,50
2010,NFL,Dallas Cowboys,6,10,0,394,436,-42,"Garrett,Phillips",0.5,4,1,0,1,37.5,0,50
2009,NFL,Dallas Cowboys,11,5,0,361,250,111,Phillips,0.200000003,3,0,1,0,68.80000234,0,37.5
2008,NFL,Dallas Cowboys,9,7,0,362,365,-3,Phillips,0.800000012,2,0,0,0,56.30000234,0,68.80000234
2007,NFL,Dallas Cowboys,13,3,0,455,325,130,Phillips,1.299999952,1,0,1,0,81.30000234,0,56.30000234
2006,NFL,Dallas Cowboys,9,7,0,425,350,75,Parcells,-1,4,0,1,1,56.30000234,0,81.30000234
2005,NFL,Dallas Cowboys,9,7,0,325,308,17,Parcells,2.099999905,3,0,0,0,56.30000234,0,56.30000234
2004,NFL,Dallas Cowboys,6,10,0,293,405,-112,Parcells,-0.800000012,2,0,0,0,37.5,0,56.30000234
2003,NFL,Dallas Cowboys,10,6,0,289,260,29,Parcells,-2.299999952,1,0,1,0,62.5,1,37.5
2002,NFL,Dallas Cowboys,5,11,0,217,329,-112,Campo,-1.5,3,1,0,1,31.29999936,0,62.5
2001,NFL,Dallas Cowboys,5,11,0,246,338,-92,Campo,-0.200000003,2,0,0,0,31.29999936,0,31.29999936
2000,NFL,Dallas Cowboys,5,11,0,294,361,-67,Campo,-0.400000006,1,0,0,0,31.29999936,1,31.29999936
1999,NFL,Dallas Cowboys,8,8,0,352,276,76,Gailey,-1.600000024,2,1,1,1,50,0,31.29999936
1998,NFL,Dallas Cowboys,10,6,0,381,275,106,Gailey,-3.099999905,1,0,1,0,62.5,0,50
1997,NFL,Dallas Cowboys,6,10,0,304,314,-10,Switzer,-0.100000001,4,0,0,1,37.5,0,62.5
1996,NFL,Dallas Cowboys,10,6,0,286,250,36,Switzer,0.100000001,3,0,1,0,62.5,0,37.5
1995,NFL,Dallas Cowboys,12,4,0,435,291,144,Switzer,0.699999988,2,0,1,0,75,0,62.5
2012,NFL,Green Bay Packers,11,5,0,433,336,97,McCarthy,1.200000048,7,0,1,0,68.80000234,0,NA
2011,NFL,Green Bay Packers,15,1,0,560,359,201,McCarthy,-1.200000048,6,0,1,0,93.80000234,0,68.80000234
2010,NFL,Green Bay Packers,10,6,0,388,240,148,McCarthy,1.700000048,5,0,1,0,62.5,0,93.80000234
2009,NFL,Green Bay Packers,11,5,0,461,297,164,McCarthy,-2.900000095,4,0,1,0,68.80000234,0,62.5
2008,NFL,Green Bay Packers,6,10,0,419,380,39,McCarthy,0.5,3,0,0,0,37.5,0,68.80000234
2007,NFL,Green Bay Packers,13,3,0,435,291,144,McCarthy,0,2,0,1,0,81.30000234,0,37.5
2006,NFL,Green Bay Packers,8,8,0,301,366,-65,McCarthy,-0.400000006,1,0,0,0,50,1,81.30000234
2005,NFL,Green Bay Packers,4,12,0,298,344,-46,Sherman,-0.800000012,6,1,0,1,25,0,50
2004,NFL,Green Bay Packers,10,6,0,424,380,44,Sherman,-2.400000095,5,0,1,0,62.5,0,25
2003,NFL,Green Bay Packers,10,6,0,442,307,135,Sherman,-0.300000012,4,0,1,0,62.5,0,62.5
2002,NFL,Green Bay Packers,12,4,0,398,328,70,Sherman,-0.800000012,3,0,1,0,75,0,62.5
2001,NFL,Green Bay Packers,12,4,0,390,266,124,Sherman,-1.100000024,2,0,1,0,75,0,75
2000,NFL,Green Bay Packers,9,7,0,353,323,30,Sherman,0.600000024,1,0,0,0,56.30000234,1,75
1999,NFL,Green Bay Packers,8,8,0,357,341,16,Rhodes,0.600000024,1,1,0,1,50,0,56.30000234
1998,NFL,Green Bay Packers,11,5,0,408,319,89,Holmgren,-0.5,7,0,1,1,68.80000234,0,50
1997,NFL,Green Bay Packers,13,3,0,422,282,140,Holmgren,-1.100000024,6,0,1,0,81.30000234,0,68.80000234
1996,NFL,Green Bay Packers,13,3,0,456,210,246,Holmgren,-0.100000001,5,0,1,0,81.30000234,0,81.30000234
1995,NFL,Green Bay Packers,11,5,0,404,314,90,Holmgren,0.400000006,4,0,1,0,68.80000234,0,81.30000234
2012,NFL,Minnesota Vikings,10,6,0,379,348,31,Frazier,1.399999976,2,0,1,0,62.5,0,NA
2011,NFL,Minnesota Vikings,3,13,0,340,449,-109,Frazier,1.100000024,1,0,0,0,18.79999936,1,62.5
2010,NFL,Minnesota Vikings,6,10,0,281,348,-67,"Frazier,Childress",2.599999905,5,1,0,1,37.5,0,18.79999936
2009,NFL,Minnesota Vikings,12,4,0,470,312,158,Childress,-2.700000048,4,0,1,0,75,0,37.5
2008,NFL,Minnesota Vikings,10,6,0,379,333,46,Childress,1.200000048,3,0,1,0,62.5,0,75
2007,NFL,Minnesota Vikings,8,8,0,365,311,54,Childress,0.400000006,2,0,0,0,50,0,62.5
2006,NFL,Minnesota Vikings,6,10,0,282,327,-45,Childress,-1.299999952,1,0,0,0,37.5,1,50
2005,NFL,Minnesota Vikings,9,7,0,306,344,-38,Tice,-1.100000024,4,1,0,1,56.30000234,0,37.5
2004,NFL,Minnesota Vikings,8,8,0,405,395,10,Tice,-2.299999952,3,0,1,0,50,0,56.30000234
2003,NFL,Minnesota Vikings,9,7,0,416,353,63,Tice,-1,2,0,0,0,56.30000234,0,50
2002,NFL,Minnesota Vikings,6,10,0,390,442,-52,Tice,0.200000003,1,0,0,0,37.5,1,56.30000234
2001,NFL,Minnesota Vikings,5,11,0,290,390,-100,"Green,Tice",1.5,10,1,0,1,31.29999936,0,37.5
2000,NFL,Minnesota Vikings,11,5,0,397,371,26,Green,0.300000012,9,0,1,0,68.80000234,0,31.29999936
1999,NFL,Minnesota Vikings,10,6,0,399,335,64,Green,0.400000006,8,0,1,0,62.5,0,68.80000234
1998,NFL,Minnesota Vikings,15,1,0,556,296,260,Green,-1.399999976,7,0,1,0,93.80000234,0,62.5
1997,NFL,Minnesota Vikings,9,7,0,354,359,-5,Green,0.200000003,6,0,1,0,56.30000234,0,93.80000234
1996,NFL,Minnesota Vikings,9,7,0,298,315,-17,Green,0.899999976,5,0,1,0,56.30000234,0,56.30000234
1995,NFL,Minnesota Vikings,8,8,0,412,385,27,Green,2,4,0,0,0,50,0,56.30000234
2012,NFL,Chicago Bears,10,6,0,375,277,98,Smith,0.800000012,9,1,0,1,62.5,0,NA
2011,NFL,Chicago Bears,8,8,0,353,341,12,Smith,0.899999976,8,0,0,0,50,0,62.5
2010,NFL,Chicago Bears,11,5,0,334,286,48,Smith,1.100000024,7,0,1,0,68.80000234,0,50
2009,NFL,Chicago Bears,7,9,0,327,375,-48,Smith,-0.899999976,6,0,0,0,43.79999936,0,68.80000234
2008,NFL,Chicago Bears,9,7,0,375,350,25,Smith,0.5,5,0,0,0,56.30000234,0,43.79999936
2007,NFL,Chicago Bears,7,9,0,334,348,-14,Smith,2.099999905,4,0,0,0,43.79999936,0,56.30000234
2006,NFL,Chicago Bears,13,3,0,427,255,172,Smith,-2.900000095,3,0,1,0,81.30000234,0,43.79999936
2005,NFL,Chicago Bears,11,5,0,260,202,58,Smith,-2.200000048,2,0,1,0,68.80000234,0,81.30000234
2004,NFL,Chicago Bears,5,11,0,231,331,-100,Smith,-2,1,0,0,0,31.29999936,1,68.80000234
2003,NFL,Chicago Bears,7,9,0,283,346,-63,Jauron,0.400000006,5,1,0,1,43.79999936,0,31.29999936
2002,NFL,Chicago Bears,4,12,0,281,379,-98,Jauron,0.899999976,4,0,0,0,25,0,43.79999936
2001,NFL,Chicago Bears,13,3,0,338,203,135,Jauron,-0.5,3,0,1,0,81.30000234,0,25
2000,NFL,Chicago Bears,5,11,0,216,355,-139,Jauron,2.400000095,2,0,0,0,31.29999936,0,81.30000234
1999,NFL,Chicago Bears,6,10,0,272,341,-69,Jauron,2.299999952,1,0,0,0,37.5,1,31.29999936
1998,NFL,Chicago Bears,4,12,0,276,368,-92,Wannstedt,2,6,1,0,1,25,0,37.5
1997,NFL,Chicago Bears,4,12,0,263,421,-158,Wannstedt,1.399999976,5,0,0,0,25,0,25
1996,NFL,Chicago Bears,7,9,0,283,305,-22,Wannstedt,1.100000024,4,0,0,0,43.79999936,0,25
1995,NFL,Chicago Bears,9,7,0,392,360,32,Wannstedt,0.300000012,3,0,0,0,56.30000234,0,43.79999936
2012,NFL,Detroit Lions,4,12,0,372,437,-65,Schwartz,1.799999952,4,0,0,0,25,0,NA
2011,NFL,Detroit Lions,10,6,0,474,387,87,Schwartz,0.600000024,3,0,1,0,62.5,0,25
2010,NFL,Detroit Lions,6,10,0,362,369,-7,Schwartz,2.299999952,2,0,0,0,37.5,0,62.5
2009,NFL,Detroit Lions,2,14,0,262,494,-232,Schwartz,0.100000001,1,0,0,0,12.5,1,37.5
2008,NFL,Detroit Lions,0,16,0,268,517,-249,Marinelli,2.5,3,1,0,1,0,0,12.5
2007,NFL,Detroit Lions,7,9,0,346,444,-98,Marinelli,2.599999905,2,0,0,0,43.79999936,0,0
2006,NFL,Detroit Lions,3,13,0,305,398,-93,Marinelli,-0.5,1,0,0,0,18.79999936,1,43.79999936
2005,NFL,Detroit Lions,5,11,0,254,345,-91,"Mariucci,Jauron",-1,3,1,0,1,31.29999936,0,18.79999936
2004,NFL,Detroit Lions,6,10,0,296,350,-54,Mariucci,-1.799999952,2,0,0,0,37.5,0,31.29999936
2003,NFL,Detroit Lions,5,11,0,270,379,-109,Mariucci,1,1,0,0,0,31.29999936,1,37.5
2002,NFL,Detroit Lions,3,13,0,306,451,-145,Mornhinweg,-0.100000001,2,1,0,1,18.79999936,0,31.29999936
2001,NFL,Detroit Lions,2,14,0,270,424,-154,Mornhinweg,2.400000095,1,0,0,0,12.5,1,18.79999936
2000,NFL,Detroit Lions,9,7,0,307,307,0,"Ross,Moeller",1.399999976,4,1,0,1,56.30000234,0,12.5
1999,NFL,Detroit Lions,8,8,0,322,323,-1,Ross,2,3,0,1,0,50,0,56.30000234
1998,NFL,Detroit Lions,5,11,0,306,378,-72,Ross,1.100000024,2,0,0,0,31.29999936,0,50
1997,NFL,Detroit Lions,9,7,0,379,306,73,Ross,-0.600000024,1,0,1,0,56.30000234,1,31.29999936
1996,NFL,Detroit Lions,5,11,0,302,368,-66,Fontes,1.200000048,8,1,0,1,31.29999936,0,56.30000234
1995,NFL,Detroit Lions,10,6,0,436,336,100,Fontes,0.600000024,7,0,1,0,62.5,0,31.29999936
2012,NFL,Tampa Bay Buccaneers,7,9,0,389,394,-5,Schiano,0.300000012,1,0,0,0,43.79999936,1,NA
2011,NFL,Tampa Bay Buccaneers,4,12,0,287,494,-207,Morris,2.299999952,3,1,0,1,25,0,43.79999936
2010,NFL,Tampa Bay Buccaneers,10,6,0,341,318,23,Morris,-2,2,0,0,0,62.5,0,25
2009,NFL,Tampa Bay Buccaneers,3,13,0,244,400,-156,Morris,4.099999905,1,0,0,0,18.79999936,1,62.5
2008,NFL,Tampa Bay Buccaneers,9,7,0,361,323,38,Gruden,-0.100000001,7,1,0,1,56.30000234,0,18.79999936
2007,NFL,Tampa Bay Buccaneers,9,7,0,334,270,64,Gruden,-2.799999952,6,0,1,0,56.30000234,0,56.30000234
2006,NFL,Tampa Bay Buccaneers,4,12,0,211,353,-142,Gruden,0.899999976,5,0,0,0,25,0,56.30000234
2005,NFL,Tampa Bay Buccaneers,11,5,0,300,274,26,Gruden,-2.599999905,4,0,1,0,68.80000234,0,25
2004,NFL,Tampa Bay Buccaneers,5,11,0,301,304,-3,Gruden,-2.5,3,0,0,0,31.29999936,0,68.80000234
2003,NFL,Tampa Bay Buccaneers,7,9,0,301,264,37,Gruden,-0.699999988,2,0,0,0,43.79999936,0,31.29999936
2002,NFL,Tampa Bay Buccaneers,12,4,0,346,196,150,Gruden,-0.600000024,1,0,1,0,75,1,43.79999936
2001,NFL,Tampa Bay Buccaneers,9,7,0,324,280,44,Dungy,1.299999952,6,1,1,1,56.30000234,0,75
2000,NFL,Tampa Bay Buccaneers,10,6,0,388,269,119,Dungy,-0.100000001,5,0,1,0,62.5,0,56.30000234
1999,NFL,Tampa Bay Buccaneers,11,5,0,270,235,35,Dungy,0.400000006,4,0,1,0,68.80000234,0,62.5
1998,NFL,Tampa Bay Buccaneers,8,8,0,314,295,19,Dungy,0.100000001,3,0,0,0,50,0,68.80000234
1997,NFL,Tampa Bay Buccaneers,10,6,0,299,263,36,Dungy,0.5,2,0,1,0,62.5,0,50
1996,NFL,Tampa Bay Buccaneers,6,10,0,221,293,-72,Dungy,1.5,1,0,0,0,37.5,1,62.5
1995,NFL,Tampa Bay Buccaneers,7,9,0,238,335,-97,Wyche,1.100000024,4,1,0,1,43.79999936,0,37.5
2012,NFL,Atlanta Falcons,13,3,0,419,299,120,Smith,-1.100000024,5,0,1,0,81.30000234,0,NA
2011,NFL,Atlanta Falcons,10,6,0,402,350,52,Smith,0.300000012,4,0,1,0,62.5,0,81.30000234
2010,NFL,Atlanta Falcons,13,3,0,414,288,126,Smith,-1.799999952,3,0,1,0,81.30000234,0,62.5
2009,NFL,Atlanta Falcons,9,7,0,363,325,38,Smith,2.700000048,2,0,0,0,56.30000234,0,81.30000234
2008,NFL,Atlanta Falcons,11,5,0,391,325,66,Smith,-0.300000012,1,0,1,0,68.80000234,1,56.30000234
2007,NFL,Atlanta Falcons,4,12,0,259,414,-155,"Petrino,Thomas",-0.899999976,1,1,0,1,25,1,68.80000234
2006,NFL,Atlanta Falcons,7,9,0,292,328,-36,Mora,-0.800000012,3,1,0,1,43.79999936,0,25
2005,NFL,Atlanta Falcons,8,8,0,351,341,10,Mora,-1.899999976,2,0,0,0,50,0,43.79999936
2004,NFL,Atlanta Falcons,11,5,0,340,337,3,Mora,-2.400000095,1,0,1,0,68.80000234,1,50
2003,NFL,Atlanta Falcons,5,11,0,299,422,-123,"Reeves,Phillips",0.300000012,7,1,0,1,31.29999936,0,68.80000234
2002,NFL,Atlanta Falcons,9,6,1,402,314,88,Reeves,-0.400000006,6,0,1,0,59.39999819,0,31.29999936
2001,NFL,Atlanta Falcons,7,9,0,291,377,-86,Reeves,0.699999988,5,0,0,0,43.79999936,0,59.39999819
2000,NFL,Atlanta Falcons,4,12,0,252,413,-161,Reeves,1.5,4,0,0,0,25,0,43.79999936
1999,NFL,Atlanta Falcons,5,11,0,285,380,-95,Reeves,-1.100000024,3,0,0,0,31.29999936,0,25
1998,NFL,Atlanta Falcons,14,2,0,442,289,153,Reeves,0.400000006,2,0,1,0,87.5,0,31.29999936
1997,NFL,Atlanta Falcons,7,9,0,320,361,-41,Reeves,-1.600000024,1,0,0,0,43.79999936,1,87.5
1996,NFL,Atlanta Falcons,3,13,0,309,461,-152,Jones,0.400000006,3,1,0,1,18.79999936,0,43.79999936
1995,NFL,Atlanta Falcons,9,7,0,362,349,13,Jones,-0.699999988,2,0,1,0,56.30000234,0,18.79999936
2012,NFL,New Orleans Saints,7,9,0,461,454,7,"Kromer,Vitt",1,1,0,0,0,43.79999936,0,NA
2011,NFL,New Orleans Saints,13,3,0,547,339,208,Payton,-1.600000024,6,0,1,1,81.30000234,0,43.79999936
2010,NFL,New Orleans Saints,11,5,0,384,307,77,Payton,-2.5,5,0,1,0,68.80000234,0,81.30000234
2009,NFL,New Orleans Saints,13,3,0,510,341,169,Payton,0.200000003,4,0,1,0,81.30000234,0,68.80000234
2008,NFL,New Orleans Saints,8,8,0,463,393,70,Payton,-0.300000012,3,0,0,0,50,0,81.30000234
2007,NFL,New Orleans Saints,7,9,0,379,388,-9,Payton,-2,2,0,0,0,43.79999936,0,50
2006,NFL,New Orleans Saints,10,6,0,413,322,91,Payton,-1.600000024,1,0,1,0,62.5,1,43.79999936
2005,NFL,New Orleans Saints,3,13,0,235,398,-163,Haslett,-0.899999976,6,1,0,1,18.79999936,0,62.5
2004,NFL,New Orleans Saints,8,8,0,348,405,-57,Haslett,-2,5,0,0,0,50,0,18.79999936
2003,NFL,New Orleans Saints,8,8,0,340,326,14,Haslett,-1.100000024,4,0,0,0,50,0,50
2002,NFL,New Orleans Saints,9,7,0,432,388,44,Haslett,-0.300000012,3,0,0,0,56.30000234,0,50
2001,NFL,New Orleans Saints,7,9,0,333,409,-76,Haslett,-0.100000001,2,0,0,0,43.79999936,0,56.30000234
2000,NFL,New Orleans Saints,10,6,0,354,305,49,Haslett,-2.200000048,1,0,1,0,62.5,1,43.79999936
1999,NFL,New Orleans Saints,3,13,0,260,434,-174,Ditka,-1.299999952,3,1,0,1,18.79999936,0,62.5
1998,NFL,New Orleans Saints,6,10,0,305,359,-54,Ditka,3.5,2,0,0,0,37.5,0,18.79999936
1997,NFL,New Orleans Saints,6,10,0,237,327,-90,Ditka,-1.799999952,1,0,0,0,37.5,1,37.5
1996,NFL,New Orleans Saints,3,13,0,229,339,-110,"Mora,Venturi",-1.200000048,11,1,0,1,18.79999936,0,37.5
1995,NFL,New Orleans Saints,7,9,0,319,348,-29,Mora,-0.300000012,10,0,0,0,43.79999936,0,18.79999936
2012,NFL,Carolina Panthers,7,9,0,357,363,-6,Rivera,1.200000048,2,0,0,0,43.79999936,0,NA
2011,NFL,Carolina Panthers,6,10,0,406,429,-23,Rivera,0.100000001,1,0,0,0,37.5,1,43.79999936
2010,NFL,Carolina Panthers,2,14,0,196,408,-212,Fox,0.100000001,9,1,0,1,12.5,0,37.5
2009,NFL,Carolina Panthers,8,8,0,315,308,7,Fox,3.5,8,0,0,0,50,0,12.5
2008,NFL,Carolina Panthers,12,4,0,414,329,85,Fox,0.300000012,7,0,1,0,75,0,50
2007,NFL,Carolina Panthers,7,9,0,267,347,-80,Fox,-0.800000012,6,0,0,0,43.79999936,0,75
2006,NFL,Carolina Panthers,8,8,0,270,305,-35,Fox,-0.5,5,0,0,0,50,0,43.79999936
2005,NFL,Carolina Panthers,11,5,0,391,259,132,Fox,-3.200000048,4,0,1,0,68.80000234,0,50
2004,NFL,Carolina Panthers,7,9,0,355,339,16,Fox,-1.700000048,3,0,0,0,43.79999936,0,68.80000234
2003,NFL,Carolina Panthers,11,5,0,325,304,21,Fox,-2.200000048,2,0,1,0,68.80000234,0,43.79999936
2002,NFL,Carolina Panthers,7,9,0,258,302,-44,Fox,-0.5,1,0,0,0,43.79999936,1,68.80000234
2001,NFL,Carolina Panthers,1,15,0,253,410,-157,Seifert,0.899999976,3,1,0,1,6.300000101,0,43.79999936
2000,NFL,Carolina Panthers,7,9,0,310,310,0,Seifert,-1.100000024,2,0,0,0,43.79999936,0,6.300000101
1999,NFL,Carolina Panthers,8,8,0,421,381,40,Seifert,-3.599999905,1,0,0,0,50,1,43.79999936
1998,NFL,Carolina Panthers,4,12,0,336,413,-77,Capers,3.5,4,1,0,1,25,0,50
1997,NFL,Carolina Panthers,7,9,0,265,314,-49,Capers,-0.5,3,0,0,0,43.79999936,0,25
1996,NFL,Carolina Panthers,12,4,0,367,218,149,Capers,-2.299999952,2,0,1,0,75,0,43.79999936
1995,NFL,Carolina Panthers,7,9,0,289,325,-36,Capers,-1.5,1,0,0,0,43.79999936,0,75
2012,NFL,San Francisco 49ers,11,4,1,397,273,124,Harbaugh,2.5,2,0,1,0,71.89999819,0,NA
2011,NFL,San Francisco 49ers,13,3,0,380,229,151,Harbaugh,-1.100000024,1,0,1,0,81.30000234,1,71.89999819
2010,NFL,San Francisco 49ers,6,10,0,305,346,-41,"Singletary,Tomsula",-3.299999952,2,1,0,1,37.5,0,81.30000234
2009,NFL,San Francisco 49ers,8,8,0,330,281,49,Singletary,-3,1,0,0,0,50,1,37.5
2008,NFL,San Francisco 49ers,7,9,0,339,381,-42,"Singletary,Nolan",-2.700000048,4,1,0,1,43.79999936,0,50
2007,NFL,San Francisco 49ers,5,11,0,219,364,-145,Nolan,-2.900000095,3,0,0,0,31.29999936,0,43.79999936
2006,NFL,San Francisco 49ers,7,9,0,298,412,-114,Nolan,-1.600000024,2,0,0,0,43.79999936,0,31.29999936
2005,NFL,San Francisco 49ers,4,12,0,239,428,-189,Nolan,0.699999988,1,0,0,0,25,1,43.79999936
2004,NFL,San Francisco 49ers,2,14,0,259,452,-193,Erickson,-1.600000024,2,1,0,1,12.5,0,25
2003,NFL,San Francisco 49ers,7,9,0,384,337,47,Erickson,0.100000001,1,0,0,0,43.79999936,1,12.5
2002,NFL,San Francisco 49ers,10,6,0,367,351,16,Mariucci,-0.400000006,6,1,1,1,62.5,0,43.79999936
2001,NFL,San Francisco 49ers,12,4,0,409,282,127,Mariucci,-1.100000024,5,0,1,0,75,0,62.5
2000,NFL,San Francisco 49ers,6,10,0,388,422,-34,Mariucci,-1.700000048,4,0,0,0,37.5,0,75
1999,NFL,San Francisco 49ers,4,12,0,295,453,-158,Mariucci,-1.5,3,0,0,0,25,0,37.5
1998,NFL,San Francisco 49ers,12,4,0,479,328,151,Mariucci,1.200000048,2,0,1,0,75,0,25
1997,NFL,San Francisco 49ers,13,3,0,375,265,110,Mariucci,-1.799999952,1,0,1,0,81.30000234,0,75
1996,NFL,San Francisco 49ers,12,4,0,398,257,141,Seifert,-0.800000012,8,0,1,1,75,0,81.30000234
1995,NFL,San Francisco 49ers,11,5,0,457,258,199,Seifert,-0.699999988,7,0,1,0,68.80000234,0,75
2012,NFL,St. Louis Rams,7,8,1,299,348,-49,Fisher,3.400000095,1,0,0,0,46.90000117,1,NA
2011,NFL,St. Louis Rams,2,14,0,193,407,-214,Spagnuolo,2.900000095,3,1,0,1,12.5,0,46.90000117
2010,NFL,St. Louis Rams,7,9,0,289,328,-39,Spagnuolo,-4.199999809,2,0,0,0,43.79999936,0,12.5
2009,NFL,St. Louis Rams,1,15,0,175,436,-261,Spagnuolo,-1.100000024,1,0,0,0,6.300000101,1,43.79999936
2008,NFL,St. Louis Rams,2,14,0,232,465,-233,"Haslett,Linehan",-0.5,3,1,0,1,12.5,0,6.300000101
2007,NFL,St. Louis Rams,3,13,0,263,438,-175,Linehan,-2,2,0,0,0,18.79999936,0,12.5
2006,NFL,St. Louis Rams,8,8,0,367,381,-14,Linehan,-3.099999905,1,0,0,0,50,1,18.79999936
2005,NFL,St. Louis Rams,6,10,0,363,429,-66,"Vitt,Martz",-1,6,1,0,1,37.5,0,50
2004,NFL,St. Louis Rams,8,8,0,319,392,-73,Martz,-1.399999976,5,0,1,0,50,0,37.5
2003,NFL,St. Louis Rams,12,4,0,447,328,119,Martz,-1.600000024,4,0,1,0,75,0,50
2002,NFL,St. Louis Rams,7,9,0,316,369,-53,Martz,0,3,0,0,0,43.79999936,0,75
2001,NFL,St. Louis Rams,14,2,0,503,273,230,Martz,-1,2,0,1,0,87.5,0,43.79999936
2000,NFL,St. Louis Rams,10,6,0,540,471,69,Martz,-1.200000048,1,0,1,0,62.5,0,87.5
1999,NFL,St. Louis Rams,13,3,0,526,242,284,Vermeil,-5.900000095,3,0,1,1,81.30000234,0,62.5
1998,NFL,St. Louis Rams,4,12,0,285,378,-93,Vermeil,3.5,2,0,0,0,25,0,81.30000234
1997,NFL,St. Louis Rams,5,11,0,299,359,-60,Vermeil,-0.200000003,1,0,0,0,31.29999936,1,25
1996,NFL,St. Louis Rams,6,10,0,303,409,-106,Brooks,0.300000012,2,1,0,1,37.5,0,31.29999936
1995,NFL,St. Louis Rams,7,9,0,309,418,-109,Brooks,0.400000006,1,0,0,0,43.79999936,1,37.5
2012,NFL,Seattle Seahawks,11,5,0,412,245,167,Carroll,1.799999952,3,0,1,0,68.80000234,0,NA
2011,NFL,Seattle Seahawks,7,9,0,321,315,6,Carroll,0.400000006,2,0,0,0,43.79999936,0,68.80000234
2010,NFL,Seattle Seahawks,7,9,0,310,407,-97,Carroll,-3.400000095,1,0,1,0,43.79999936,1,43.79999936
2009,NFL,Seattle Seahawks,5,11,0,280,390,-110,Mora,-2.400000095,1,1,0,1,31.29999936,0,43.79999936
2008,NFL,Seattle Seahawks,4,12,0,294,392,-98,Holmgren,-1.5,10,0,0,1,25,0,31.29999936
2007,NFL,Seattle Seahawks,10,6,0,393,291,102,Holmgren,-4.599999905,9,0,1,0,62.5,0,25
2006,NFL,Seattle Seahawks,9,7,0,335,341,-6,Holmgren,-3.200000048,8,0,1,0,56.30000234,0,62.5
2005,NFL,Seattle Seahawks,13,3,0,452,271,181,Holmgren,-2.200000048,7,0,1,0,81.30000234,0,56.30000234
2004,NFL,Seattle Seahawks,9,7,0,371,373,-2,Holmgren,-2.799999952,6,0,1,0,56.30000234,0,81.30000234
2003,NFL,Seattle Seahawks,10,6,0,404,327,77,Holmgren,-0.699999988,5,0,1,0,62.5,0,56.30000234
2002,NFL,Seattle Seahawks,7,9,0,355,369,-14,Holmgren,-0.400000006,4,0,0,0,43.79999936,0,62.5
2001,NFL,Seattle Seahawks,9,7,0,301,324,-23,Holmgren,-0.400000006,3,0,0,0,56.30000234,0,43.79999936
2000,NFL,Seattle Seahawks,6,10,0,320,405,-85,Holmgren,1.600000024,2,0,0,0,37.5,0,56.30000234
1999,NFL,Seattle Seahawks,9,7,0,338,298,40,Holmgren,2,1,0,1,0,56.30000234,1,37.5
1998,NFL,Seattle Seahawks,8,8,0,372,310,62,Erickson,-2.400000095,4,1,0,1,50,0,56.30000234
1997,NFL,Seattle Seahawks,8,8,0,365,362,3,Erickson,0,3,0,0,0,50,0,50
1996,NFL,Seattle Seahawks,7,9,0,317,376,-59,Erickson,2,2,0,0,0,43.79999936,0,50
1995,NFL,Seattle Seahawks,8,8,0,363,366,-3,Erickson,-0.400000006,1,0,0,0,50,1,43.79999936
2012,NFL,Arizona Cardinals,5,11,0,250,357,-107,Whisenhunt,3.5,6,1,0,1,31.29999936,0,NA
2011,NFL,Arizona Cardinals,8,8,0,312,348,-36,Whisenhunt,0,5,0,0,0,50,0,31.29999936
2010,NFL,Arizona Cardinals,5,11,0,289,434,-145,Whisenhunt,-3.599999905,4,0,0,0,31.29999936,0,50
2009,NFL,Arizona Cardinals,10,6,0,375,325,50,Whisenhunt,-3.400000095,3,0,1,0,62.5,0,31.29999936
2008,NFL,Arizona Cardinals,9,7,0,427,426,1,Whisenhunt,-1.899999976,2,0,1,0,56.30000234,0,62.5
2007,NFL,Arizona Cardinals,8,8,0,404,399,5,Whisenhunt,-4.300000191,1,0,0,0,50,1,56.30000234
2006,NFL,Arizona Cardinals,5,11,0,314,389,-75,Green,-2.200000048,3,1,0,1,31.29999936,0,50
2005,NFL,Arizona Cardinals,5,11,0,311,387,-76,Green,-0.200000003,2,0,0,0,31.29999936,0,31.29999936
2004,NFL,Arizona Cardinals,6,10,0,284,322,-38,Green,-2.5,1,0,0,0,37.5,1,31.29999936
2003,NFL,Arizona Cardinals,4,12,0,225,452,-227,McGinnis,1.600000024,3,1,0,1,25,0,37.5
2002,NFL,Arizona Cardinals,5,11,0,262,417,-155,McGinnis,-0.200000003,2,0,0,0,31.29999936,0,25
2001,NFL,Arizona Cardinals,7,9,0,295,343,-48,McGinnis,-1.200000048,1,0,0,0,43.79999936,1,31.29999936
2000,NFL,Arizona Cardinals,3,13,0,210,443,-233,"Tobin,McGinnis",-0.699999988,5,1,0,1,18.79999936,0,43.79999936
1999,NFL,Arizona Cardinals,6,10,0,245,382,-137,Tobin,-0.200000003,4,0,0,0,37.5,0,18.79999936
1998,NFL,Arizona Cardinals,9,7,0,325,378,-53,Tobin,-4.099999905,3,0,1,0,56.30000234,0,37.5
1997,NFL,Arizona Cardinals,4,12,0,283,379,-96,Tobin,-0.400000006,2,0,0,0,25,0,56.30000234
1996,NFL,Arizona Cardinals,7,9,0,300,397,-97,Tobin,-1.399999976,1,0,0,0,43.79999936,1,25
1995,NFL,Arizona Cardinals,4,12,0,275,422,-147,Ryan,1.700000048,2,1,0,1,25,0,43.79999936