GOP2party2010,Ideology,ChildPoverty,MedianIncome,Obama2008,WhitePct
1,0.46000000834465027,0.27000001072883606,39597,0.38999998569488525,0.6800000071525574
0.5109999775886536,0.4429999887943268,0.28999999165534973,37289,0.36000001430511475,0.6700000166893005
0.5950000286102295,0.4259999990463257,0.25,38079,0.4300000071525574,0.6499999761581421
1,0.46700000762939453,0.25999999046325684,35719,0.23000000417232513,0.8999999761581421
0.5799999833106995,0.796999990940094,0.1899999976158142,43832,0.3799999952316284,0.7799999713897705
1,0.5860000252723694,0.11999999731779099,56552,0.23000000417232513,0.8899999856948853
0.2750000059604645,-0.3059999942779541,0.3700000047683716,31934,0.7200000286102295,0.36000001430511475
0.6930000185966492,0.5109999775886536,0.12999999523162842,64333,0.3799999952316284,0.6800000071525574
0.5320000052452087,0.7260000109672546,0.2800000011920929,42418,0.4399999976158142,0.5799999833106995
0.6759999990463257,0.8550000190734863,0.14000000059604645,52428,0.3799999952316284,0.7799999713897705
0.5590000152587891,0.8240000009536743,0.1899999976158142,57080,0.41999998688697815,0.7900000214576721
0.2919999957084656,-0.45399999618530273,0.41999998688697815,36884,0.6600000262260437,0.28999999165534973
0.5460000038146973,0.8889999985694885,0.15000000596046448,61227,0.4699999988079071,0.7699999809265137
0.6949999928474426,1.0130000114440918,0.15000000596046448,59112,0.3799999952316284,0.7599999904632568
0.46799999475479126,-0.5860000252723694,0.3100000023841858,38675,0.5699999928474426,0.38999998569488525
0.492000013589859,NA,0.1599999964237213,49647,0.46000000834465027,0.7400000095367432
NA,-0.25699999928474426,NA,NA,NA,NA
0.5440000295639038,0.42100000381469727,0.3199999928474426,33607,0.3799999952316284,0.800000011920929
0.6019999980926514,0.5740000009536743,0.23000000417232513,43217,0.4399999976158142,0.7599999904632568
0.7239999771118164,0.41200000047683716,0.25,40714,0.3400000035762787,0.8700000047683716
0.41100001335144043,-0.09000000357627869,0.30000001192092896,34612,0.38999998569488525,0.7099999785423279
0.3310000002384186,-0.4180000126361847,0.18000000715255737,50160,0.6600000262260437,0.7099999785423279
0.5720000267028809,0.7310000061988831,0.20000000298023224,42245,0.4300000071525574,0.7599999904632568
0.5370000004768372,0.7120000123977661,0.12999999523162842,66347,0.49000000953674316,0.7400000095367432
0.6610000133514404,0.9940000176429749,0.10999999940395355,60774,0.4399999976158142,0.8399999737739563
0.25999999046325684,-0.42800000309944153,0.30000001192092896,47868,0.699999988079071,0.4300000071525574
0.3100000023841858,-0.6710000038146973,0.10000000149011612,69039,0.7599999904632568,0.7599999904632568
0.31700000166893005,-0.6570000052452087,0.17000000178813934,62893,0.7200000286102295,0.4300000071525574
0.1589999943971634,-0.39800000190734863,0.15000000596046448,63525,0.8500000238418579,0.4300000071525574
0.11400000005960464,-0.6940000057220459,0.20999999344348907,51878,0.8799999952316284,0.3499999940395355
0.39100000262260437,-0.3840000033378601,0.11999999731779099,79769,0.6499999761581421,0.6499999761581421
0.49399998784065247,-0.22499999403953552,0.10000000149011612,77111,0.5400000214576721,0.6399999856948853
0.22699999809265137,-0.47999998927116394,0.05000000074505806,85303,0.7400000095367432,0.47999998927116394
0.27799999713897705,-0.7149999737739563,0.10000000149011612,76267,0.7400000095367432,0.3799999952316284
0.2879999876022339,-0.36899998784065247,0.10000000149011612,92091,0.7300000190734863,0.6000000238418579
0.3240000009536743,-0.5619999766349792,0.07999999821186066,84814,0.6800000071525574,0.4699999988079071
0.2639999985694885,-0.41999998688697815,0.18000000715255737,73368,0.699999988079071,0.3199999928474426
0.3100000023841858,-0.5070000290870667,0.23999999463558197,58809,0.7200000286102295,0.46000000834465027
0.41499999165534973,-0.2329999953508377,0.33000001311302185,43101,0.5899999737739563,0.38999998569488525
0.6470000147819519,0.5720000267028809,0.23000000417232513,52143,0.46000000834465027,0.6000000238418579
0.4819999933242798,-0.19200000166893005,0.4000000059604645,36021,0.6000000238418579,0.20999999344348907
1,0.7110000252723694,0.28999999165534973,45747,0.41999998688697815,0.46000000834465027
1,0.6520000100135803,0.2199999988079071,56910,0.3799999952316284,0.6700000166893005
0.39399999380111694,-0.45100000500679016,0.20000000298023224,52641,0.6600000262260437,0.49000000953674316
0.6000000238418579,0.5899999737739563,0.11999999731779099,77698,0.5099999904632568,0.6800000071525574
0.6190000176429749,0.6200000047683716,0.23000000417232513,60348,0.49000000953674316,0.5699999928474426
0.5979999899864197,0.5979999899864197,0.07999999821186066,75675,0.5099999904632568,0.5199999809265137
0.3479999899864197,-0.39100000262260437,0.1899999976158142,57218,0.6600000262260437,0.44999998807907104
0.24300000071525574,-0.33899998664855957,0.25999999046325684,51316,0.7599999904632568,0.3100000023841858
0.3310000002384186,-0.3230000138282776,0.14000000059604645,59777,0.6800000071525574,0.38999998569488525
0.33000001311302185,-0.46399998664855957,0.05999999865889549,79149,0.699999988079071,0.7599999904632568
0.16099999845027924,-0.4339999854564667,0.3799999952316284,35244,0.800000011920929,0.10000000149011612
0.289000004529953,-0.5019999742507935,0.23000000417232513,50580,0.6800000071525574,0.15000000596046448
0.13899999856948853,-0.5320000052452087,0.30000001192092896,41967,0.8700000047683716,0.20000000298023224
0.22699999809265137,-0.40700000524520874,0.33000001311302185,37499,0.75,0.10999999940395355
0.20600000023841858,-0.593999981880188,0.30000001192092896,39509,0.8399999737739563,0.10000000149011612
0.36800000071525574,-0.3100000023841858,0.17000000178813934,67257,0.6399999856948853,0.47999998927116394
NA,-0.46000000834465027,NA,NA,NA,NA
0.2529999911785126,-0.32600000500679016,0.28999999165534973,44648,0.800000011920929,0.17000000178813934
0.26499998569488525,-0.5040000081062317,0.20000000298023224,51018,0.7099999785423279,0.12999999523162842
0.3400000035762787,-0.5120000243186951,0.20999999344348907,54516,0.6499999761581421,0.20999999344348907
0.6679999828338623,0.9229999780654907,0.1599999964237213,67947,0.4699999988079071,0.49000000953674316
0.6330000162124634,0.5619999766349792,0.23999999463558197,51850,0.4399999976158142,0.6299999952316284
0.6620000004768372,0.6299999952316284,0.05999999865889549,86642,0.44999998807907104,0.5400000214576721
0.3449999988079071,-0.34599998593330383,0.30000001192092896,50976,0.6800000071525574,0.23000000417232513
0.5569999814033508,0.5649999976158142,0.15000000596046448,71923,0.5,0.5099999904632568
0.550000011920929,0.6909999847412109,0.20999999344348907,55204,0.5199999809265137,0.5
0.6230000257492065,0.9599999785423279,0.10999999940395355,74625,0.47999998927116394,0.6299999952316284
0.4259999990463257,-0.39100000262260437,0.27000001072883606,51453,0.6000000238418579,0.17000000178813934
0.621999979019165,0.984000027179718,0.07999999821186066,89758,0.49000000953674316,0.6800000071525574
0.6660000085830688,0.8320000171661377,0.15000000596046448,60312,0.44999998807907104,0.5799999833106995
0.5920000076293945,0.8420000076293945,0.10999999940395355,75957,0.5099999904632568,0.6600000262260437
0.39899998903274536,-0.6539999842643738,0.23999999463558197,48582,0.6299999952316284,0.20999999344348907
0.6629999876022339,0.6669999957084656,0.14000000059604645,70555,0.44999998807907104,0.7200000286102295
0.3529999852180481,-0.30799999833106995,0.27000001072883606,49680,0.6800000071525574,0.5099999904632568
0.29899999499320984,-0.39500001072883606,0.28999999165534973,44396,0.7400000095367432,0.5400000214576721
0.39800000190734863,-0.3269999921321869,0.12999999523162842,64221,0.6399999856948853,0.7900000214576721
0.5220000147819519,0.6639999747276306,0.20000000298023224,47325,0.4699999988079071,0.75
0.5590000152587891,0.6959999799728394,0.20000000298023224,49804,0.49000000953674316,0.7900000214576721
0.6919999718666077,0.8420000076293945,0.1599999964237213,52378,0.4000000059604645,0.7699999809265137
0.6759999990463257,0.765999972820282,0.05000000074505806,82734,0.46000000834465027,0.8799999952316284
0.4390000104904175,-0.28600001335144043,0.23000000417232513,50218,0.5899999737739563,0.6899999976158142
0.3779999911785126,-0.4339999854564667,0.14000000059604645,59650,0.6600000262260437,0.7200000286102295
0.3930000066757202,-0.3449999988079071,0.09000000357627869,67119,0.5899999737739563,0.8899999856948853
0.3400000035762787,-0.44600000977516174,0.12999999523162842,60501,0.6299999952316284,0.7599999904632568
0.4690000116825104,-0.2240000069141388,0.10999999940395355,84047,0.6000000238418579,0.7099999785423279
0.45899999141693115,-0.28999999165534973,0.14000000059604645,66454,0.5600000023841858,0.800000011920929
0.4189999997615814,-0.20600000023841858,0.1599999964237213,54610,0.6200000047683716,0.7300000190734863
1,0.8140000104904175,0.25999999046325684,45793,0.3199999928474426,0.7799999713897705
0.5640000104904175,0.8029999732971191,0.23999999463558197,46195,0.44999998807907104,0.7200000286102295
0.3499999940395355,-0.36399999260902405,0.3700000047683716,35598,0.7300000190734863,0.3799999952316284
1,0.5059999823570251,0.18000000715255737,53919,0.3799999952316284,0.7799999713897705
0.6740000247955322,0.7179999947547913,0.2199999988079071,46027,0.4300000071525574,0.8799999952316284
1,0.8140000104904175,0.17000000178813934,46772,0.4300000071525574,0.7900000214576721
0.6899999976158142,0.6759999990463257,0.20000000298023224,48977,0.46000000834465027,0.8100000023841858
0.5950000286102295,0.7049999833106995,0.17000000178813934,51053,0.5299999713897705,0.699999988079071
0.7139999866485596,0.5540000200271606,0.14000000059604645,51136,0.4699999988079071,0.8500000238418579
0.6589999794960022,0.5080000162124634,0.15000000596046448,44434,0.5099999904632568,0.8799999952316284
0.40400001406669617,-0.3959999978542328,0.33000001311302185,40219,0.6600000262260437,0.47999998927116394
0.5389999747276306,0.7699999809265137,0.25999999046325684,46452,0.49000000953674316,0.7200000286102295
0.6890000104904175,0.5609999895095825,0.23000000417232513,49105,0.4699999988079071,0.8600000143051147
0.7170000076293945,0.8029999732971191,0.15000000596046448,52109,0.41999998688697815,0.8399999737739563
0.6470000147819519,0.7170000076293945,0.1899999976158142,47986,0.47999998927116394,0.7799999713897705
0.6690000295639038,0.6690000295639038,0.23000000417232513,48265,0.4699999988079071,0.8199999928474426
0,-0.42899999022483826,0.3199999928474426,36759,0.8700000047683716,0.18000000715255737
0.6890000104904175,0.4860000014305115,0.23000000417232513,41274,0.5099999904632568,0.30000001192092896
0.37299999594688416,-0.4050000011920929,0.15000000596046448,49948,0.6499999761581421,0.7799999713897705
0.3880000114440918,-0.3880000114440918,0.10999999940395355,57639,0.6299999952316284,0.6700000166893005
1,0.3619999885559082,0.1599999964237213,48642,0.49000000953674316,0.20999999344348907
0.5440000295639038,0.675000011920929,0.17000000178813934,62338,0.5199999809265137,0.8199999928474426
0.20900000631809235,-0.4950000047683716,0.3499999940395355,37563,0.8299999833106995,0.28999999165534973
0.597000002861023,0.777999997138977,0.11999999731779099,53631,0.49000000953674316,0.800000011920929
0.550000011920929,0.367000013589859,0.20000000298023224,54968,0.49000000953674316,0.23999999463558197
0.7160000205039978,0.7369999885559082,0.25999999046325684,42806,0.36000001430511475,0.6899999976158142
0.4860000014305115,-0.210999995470047,0.36000001430511475,34056,0.5400000214576721,0.47999998927116394
0.6949999928474426,0.7870000004768372,0.15000000596046448,55694,0.3499999940395355,0.7599999904632568
0.2529999911785126,-0.43299999833106995,0.2800000011920929,48327,0.7900000214576721,0.30000001192092896
0.2630000114440918,-0.5820000171661377,0.3100000023841858,48106,0.7900000214576721,0.3400000035762787
1,0.8159999847412109,0.09000000357627869,79575,0.3700000047683716,0.8100000023841858
0.6710000038146973,0.9559999704360962,0.1599999964237213,64882,0.38999998569488525,0.7599999904632568
0.5270000100135803,0.7889999747276306,0.25,42143,0.4300000071525574,0.6299999952316284
1,0.9810000061988831,0.23999999463558197,47829,0.23999999463558197,0.8600000143051147
0.6740000247955322,0.9700000286102295,0.23999999463558197,42440,0.3799999952316284,0.7400000095367432
1,0.7620000243186951,0.15000000596046448,51406,0.33000001311302185,0.800000011920929
0.4339999854564667,-0.0860000029206276,0.2800000011920929,35454,0.5400000214576721,0.5099999904632568
0.3059999942779541,-0.34599998593330383,0.23999999463558197,50008,0.7099999785423279,0.4699999988079071
0.46799999475479126,-0.3409999907016754,0.10999999940395355,62298,0.699999988079071,0.18000000715255737
0.2590000033378601,-0.492000013589859,0.1599999964237213,65482,0.7300000190734863,0.2800000011920929
0.5529999732971191,0.984000027179718,0.20000000298023224,47595,0.36000001430511475,0.8899999856948853
0.7379999756813049,0.4320000112056732,0.1599999964237213,45048,0.36000001430511475,0.8700000047683716
0.16500000655651093,-0.4059999883174896,0.36000001430511475,41145,0.8700000047683716,0.27000001072883606
0.1459999978542328,-0.5249999761581421,0.3100000023841858,43380,0.8999999761581421,0.25999999046325684
0.2590000033378601,-0.257999986410141,0.15000000596046448,55266,0.6399999856948853,0.6800000071525574
0.15600000321865082,-0.5009999871253967,0.28999999165534973,40921,0.8500000238418579,0.1899999976158142
0.26499998569488525,-0.3230000138282776,0.1899999976158142,57318,0.7300000190734863,0.6600000262260437
0.6359999775886536,0.6650000214576721,0.09000000357627869,67946,0.5600000023841858,0.75
0.16500000655651093,-0.4790000021457672,0.36000001430511475,50184,0.8799999952316284,0.27000001072883606
0.5009999871253967,0.9950000047683716,0.10000000149011612,71382,0.5600000023841858,0.7900000214576721
0.3190000057220459,-0.5929999947547913,0.15000000596046448,55673,0.7200000286102295,0.6200000047683716
0.5109999775886536,0.5289999842643738,0.09000000357627869,82069,0.6100000143051147,0.75
0.5730000138282776,0.4480000138282776,0.1599999964237213,55760,0.5299999713897705,0.8399999737739563
0.3790000081062317,-0.40400001406669617,0.27000001072883606,41436,0.5400000214576721,0.800000011920929
0.6380000114440918,0.6460000276565552,0.07000000029802322,80786,0.5400000214576721,0.8199999928474426
0.5329999923706055,0.7329999804496765,0.12999999523162842,66013,0.550000011920929,0.7400000095367432
0.6430000066757202,0.9679999947547913,0.2199999988079071,44352,0.47999998927116394,0.8899999856948853
0.6769999861717224,0.7250000238418579,0.20000000298023224,55382,0.5299999713897705,0.8600000143051147
0.550000011920929,0.6460000276565552,0.23000000417232513,40033,0.5600000023841858,0.8700000047683716
0.7279999852180481,0.5249999761581421,0.1899999976158142,49233,0.47999998927116394,0.8999999761581421
0.7120000123977661,0.6150000095367432,0.17000000178813934,48684,0.4399999976158142,0.9399999976158142
0.3970000147819519,-0.43700000643730164,0.20000000298023224,50366,0.6200000047683716,0.699999988079071
0.49300000071525574,-0.1080000028014183,0.23999999463558197,43453,0.5400000214576721,0.8399999737739563
0.6549999713897705,0.9509999752044678,0.18000000715255737,49651,0.4300000071525574,0.8799999952316284
0.7229999899864197,0.8379999995231628,0.14000000059604645,53369,0.4300000071525574,0.9300000071525574
0.7099999785423279,0.765999972820282,0.12999999523162842,60492,0.4000000059604645,0.9300000071525574
0.6899999976158142,0.8450000286102295,0.20999999344348907,43233,0.46000000834465027,0.9300000071525574
0.39100000262260437,-0.39500001072883606,0.3499999940395355,40443,0.7099999785423279,0.6299999952316284
0.6060000061988831,0.5519999861717224,0.20000000298023224,43252,0.4699999988079071,0.9399999976158142
0.5529999732971191,0.7269999980926514,0.17000000178813934,44325,0.49000000953674316,0.9399999976158142
0.48899999260902405,-0.3529999852180481,0.1599999964237213,44106,0.5799999833106995,0.9200000166893005
0.4740000069141388,-0.30799999833106995,0.17000000178813934,47154,0.6000000238418579,0.9200000166893005
0.4779999852180481,-0.26600000262260437,0.1599999964237213,52239,0.5400000214576721,0.8999999761581421
0.671999990940094,0.4749999940395355,0.10999999940395355,47465,0.5299999713897705,0.949999988079071
0.6700000166893005,0.7200000286102295,0.18000000715255737,44574,0.4399999976158142,0.9399999976158142
0.7639999985694885,0.9660000205039978,0.17000000178813934,41917,0.30000001192092896,0.8500000238418579
0.6610000133514404,0.7509999871253967,0.1899999976158142,44361,0.4300000071525574,0.8700000047683716
0.6019999980926514,0.781000018119812,0.1599999964237213,60713,0.5099999904632568,0.800000011920929
0.6169999837875366,0.8220000267028809,0.18000000715255737,45731,0.4000000059604645,0.8100000023841858
0.7120000123977661,0.5090000033378601,0.25,36655,0.3700000047683716,0.8999999761581421
0.6790000200271606,0.5289999842643738,0.23000000417232513,42952,0.3799999952316284,0.9100000262260437
0.44600000977516174,-0.367000013589859,0.2199999988079071,43181,0.5600000023841858,0.7599999904632568
0.6949999928474426,0.5389999747276306,0.20999999344348907,48223,0.3799999952316284,0.949999988079071
NA,0.9800000190734863,NA,NA,NA,NA
0.7739999890327454,0.531000018119812,0.38999998569488525,26824,0.3100000023841858,0.9700000286102295
0.49799999594688416,-0.18000000715255737,0.25,43961,0.4300000071525574,0.8700000047683716
0.8029999732971191,0.7429999709129333,0.18000000715255737,49935,0.25999999046325684,0.800000011920929
0.3409999907016754,-0.4390000104904175,0.33000001311302185,38637,0.7400000095367432,0.2800000011920929
0.6380000114440918,0.8579999804496765,0.20999999344348907,42779,0.3700000047683716,0.699999988079071
0.6579999923706055,0.7390000224113464,0.25,37544,0.4000000059604645,0.6200000047683716
1,0.5,0.30000001192092896,34384,0.3700000047683716,0.6299999952316284
0.656000018119812,0.7139999866485596,0.20000000298023224,44689,0.4099999964237213,0.6299999952316284
1,0.5770000219345093,0.25,38599,0.3499999940395355,0.7200000286102295
0.4320000112056732,-0.4830000102519989,0.11999999731779099,52004,0.6100000143051147,0.9599999785423279
0.4480000138282776,-0.27799999713897705,0.23000000417232513,40096,0.550000011920929,0.9700000286102295
0.5630000233650208,0.8999999761581421,0.10000000149011612,66802,0.4000000059604645,0.8500000238418579
0.34200000762939453,-0.2669999897480011,0.15000000596046448,55534,0.6000000238418579,0.6600000262260437
0.3709999918937683,-0.4129999876022339,0.14000000059604645,69028,0.5899999737739563,0.7599999904632568
0.164000004529953,-0.5509999990463257,0.09000000357627869,71886,0.8500000238418579,0.2800000011920929
0.3499999940395355,-0.32100000977516174,0.05999999865889549,81179,0.6499999761581421,0.6100000143051147
0.6489999890327454,0.7429999709129333,0.10999999940395355,67041,0.4000000059604645,0.9200000166893005
0.2329999953508377,-0.42100000381469727,0.20000000298023224,51367,0.7900000214576721,0.3400000035762787
0.2540000081062317,-0.3330000042915344,0.10000000149011612,86971,0.7400000095367432,0.5600000023841858
0.36800000071525574,-0.6370000243186951,0.17000000178813934,51853,0.6399999856948853,0.8899999856948853
0.4259999990463257,-0.46799999475479126,0.1899999976158142,55829,0.5899999737739563,0.8199999928474426
0.4090000092983246,-0.5640000104904175,0.11999999731779099,62659,0.5899999737739563,0.8600000143051147
0.44600000977516174,-0.5630000233650208,0.10999999940395355,68236,0.6399999856948853,0.8799999952316284
0.4350000023841858,-0.39800000190734863,0.12999999523162842,70430,0.5899999737739563,0.800000011920929
0.4300000071525574,-0.503000020980835,0.07999999821186066,68759,0.5799999833106995,0.8999999761581421
0.33500000834465027,-0.5649999976158142,0.09000000357627869,68385,0.6499999761581421,0.8299999833106995
0,-0.5630000233650208,0.25,48636,0.8600000143051147,0.49000000953674316
0.2770000100135803,-0.37599998712539673,0.10000000149011612,69579,0.6000000238418579,0.800000011920929
0.4749999940395355,-0.4059999883174896,0.07000000029802322,66969,0.550000011920929,0.9200000166893005
0.5590000152587891,0.8970000147819519,0.20000000298023224,39484,0.5,0.9399999976158142
0.6740000247955322,0.8899999856948853,0.20000000298023224,44749,0.47999998927116394,0.8700000047683716
0.6140000224113464,0.996999979019165,0.20999999344348907,50063,0.49000000953674316,0.8199999928474426
0.6850000023841858,0.6460000276565552,0.23000000417232513,41836,0.5,0.9300000071525574
0.45500001311302185,-0.3659999966621399,0.3100000023841858,41535,0.6399999856948853,0.75
0.6489999890327454,0.6520000100135803,0.2199999988079071,43475,0.5400000214576721,0.8399999737739563
0.5249999761581421,0.6800000071525574,0.20999999344348907,47355,0.5199999809265137,0.8799999952316284
0.6510000228881836,0.6290000081062317,0.14000000059604645,57415,0.5299999713897705,0.8799999952316284
0.4869999885559082,-0.2720000147819519,0.14000000059604645,70078,0.5600000023841858,0.8100000023841858
0.7419999837875366,0.6259999871253967,0.15000000596046448,57242,0.47999998927116394,0.9399999976158142
0.6060000061988831,0.6010000109672546,0.09000000357627869,65449,0.5400000214576721,0.8999999761581421
NA,-0.39800000190734863,NA,NA,NA,NA
0.36399999260902405,-0.3370000123977661,0.1899999976158142,48417,0.6499999761581421,0.8199999928474426
0.1889999955892563,-0.4909999966621399,0.4399999976158142,30842,0.8500000238418579,0.28999999165534973
0.20600000023841858,-0.6100000143051147,0.44999998807907104,35228,0.8600000143051147,0.3199999928474426
0.414000004529953,-0.41200000047683716,0.18000000715255737,52763,0.6600000262260437,0.7900000214576721
0.47200000286102295,-0.2809999883174896,0.11999999731779099,49274,0.5099999904632568,0.9300000071525574
0.6340000033378601,0.7590000033378601,0.09000000357627869,72416,0.47999998927116394,0.9200000166893005
0.6159999966621399,0.6940000057220459,0.09000000357627869,73229,0.5199999809265137,0.8899999856948853
0.36899998784065247,-0.414000004529953,0.23999999463558197,53688,0.6399999856948853,0.7799999713897705
0.2630000114440918,-0.5630000233650208,0.25,48287,0.734000027179718,0.7099999785423279
0.5690000057220459,0.7590000033378601,0.07999999821186066,67832,0.44999998807907104,0.949999988079071
0.4050000011920929,-0.17499999701976776,0.15000000596046448,44311,0.4699999988079071,0.9300000071525574
0.5080000162124634,0.5619999766349792,0.17000000178813934,45108,0.5299999713897705,0.949999988079071
0.574999988079071,0.5879999995231628,0.2800000011920929,38015,0.3799999952316284,0.7099999785423279
0.3790000081062317,-0.44699999690055847,0.4099999964237213,30040,0.6600000262260437,0.3499999940395355
0.6850000023841858,0.5350000262260437,0.28999999165534973,37503,0.3799999952316284,0.6399999856948853
0.5260000228881836,0.5220000147819519,0.25999999046325684,38800,0.3199999928474426,0.7300000190734863
0.24300000071525574,-0.531000018119812,0.3100000023841858,40363,0.800000011920929,0.46000000834465027
0.6990000009536743,0.7459999918937683,0.05999999865889549,70912,0.4399999976158142,0.9300000071525574
0.4880000054836273,-0.3190000057220459,0.18000000715255737,50082,0.6000000238418579,0.8600000143051147
0.527999997138977,0.6499999761581421,0.20999999344348907,41668,0.3799999952316284,0.9200000166893005
0.453000009059906,-0.4320000112056732,0.23999999463558197,42722,0.6399999856948853,0.6600000262260437
0.6949999928474426,0.621999979019165,0.14000000059604645,50330,0.44999998807907104,0.9200000166893005
0.6759999990463257,0.7429999709129333,0.25999999046325684,40686,0.3499999940395355,0.9300000071525574
0.6949999928474426,0.4099999964237213,0.30000001192092896,34360,0.36000001430511475,0.9200000166893005
1,0.6399999856948853,0.1899999976158142,42675,0.4399999976158142,0.9300000071525574
0.640999972820282,0.5120000243186951,0.20999999344348907,43531,0.4699999988079071,0.8999999761581421
0.7129999995231628,0.48899999260902405,0.14000000059604645,48397,0.4399999976158142,0.9100000262260437
0.6079999804496765,0.6700000166893005,0.1599999964237213,52192,0.5,0.800000011920929
0.796999990940094,0.6790000200271606,0.1599999964237213,40942,0.30000001192092896,0.9200000166893005
0.36399999260902405,-0.2759999930858612,0.2199999988079071,50035,0.6399999856948853,0.5099999904632568
0.6589999794960022,0.7509999871253967,0.18000000715255737,52764,0.49000000953674316,0.75
NA,0.6740000247955322,NA,NA,NA,NA
0.503000020980835,0.5400000214576721,0.12999999523162842,61151,0.550000011920929,0.6899999976158142
0.5600000023841858,0.6230000257492065,0.11999999731779099,64680,0.5299999713897705,0.949999988079071
0.5080000162124634,0.6420000195503235,0.09000000357627869,60407,0.5600000023841858,0.949999988079071
0.35499998927116394,-0.3889999985694885,0.17000000178813934,58401,0.6499999761581421,0.7099999785423279
0.6790000200271606,0.44600000977516174,0.17000000178813934,55895,0.5400000214576721,0.7200000286102295
0.5139999985694885,0.38600000739097595,0.09000000357627869,69826,0.5199999809265137,0.8299999833106995
0.7129999995231628,0.38499999046325684,0.11999999731779099,64226,0.4699999988079071,0.8100000023841858
0.6639999747276306,0.9430000185966492,0.05000000074505806,87936,0.44999998807907104,0.8600000143051147
0.4440000057220459,-0.5730000138282776,0.11999999731779099,66675,0.6000000238418579,0.6200000047683716
0.593999981880188,0.6330000162124634,0.05999999865889549,90093,0.5099999904632568,0.7900000214576721
0.36500000953674316,-0.40299999713897705,0.2199999988079071,59702,0.6299999952316284,0.5400000214576721
0.3840000033378601,-0.3580000102519989,0.12999999523162842,63611,0.6100000143051147,0.6100000143051147
0.13099999725818634,-0.5770000219345093,0.25,45093,0.8700000047683716,0.20999999344348907
NA,-0.41999998688697815,NA,NA,NA,NA
0.6880000233650208,0.6240000128746033,0.029999999329447746,97009,0.44999998807907104,0.8299999833106995
0.46399998664855957,-0.515999972820282,0.07000000029802322,86638,0.5799999833106995,0.7200000286102295
0.2370000034570694,-0.3790000081062317,0.27000001072883606,48967,0.75,0.3199999928474426
0.48100000619888306,-0.2619999945163727,0.23999999463558197,44265,0.6000000238418579,0.49000000953674316
0.5540000200271606,0.6579999923706055,0.30000001192092896,35951,0.49000000953674316,0.4399999976158142
0.4300000071525574,-0.34599998593330383,0.2199999988079071,44174,0.6100000143051147,0.4099999964237213
0.49799999594688416,-0.30300000309944153,0.07999999821186066,81221,0.5199999809265137,0.8399999737739563
0.4320000112056732,-0.35100001096725464,0.05999999865889549,89368,0.5600000023841858,0.7099999785423279
0.718999981880188,0.5139999985694885,0.05000000074505806,87490,0.4699999988079071,0.8700000047683716
0.46399998664855957,-0.2840000092983246,0.10000000149011612,82490,0.5799999833106995,0.6200000047683716
0.36500000953674316,-0.3630000054836273,0.11999999731779099,60343,0.6299999952316284,0.4399999976158142
0.12200000137090683,-0.3400000035762787,0.17000000178813934,54759,0.8899999856948853,0.12999999523162842
0.1850000023841858,-0.41200000047683716,0.25,46056,0.7900000214576721,0.2800000011920929
0.24500000476837158,-0.4819999933242798,0.25999999046325684,64316,0.7400000095367432,0.6899999976158142
0.3919999897480011,-0.4099999964237213,0.11999999731779099,54809,0.550000011920929,0.6399999856948853
NA,0.4320000112056732,NA,NA,NA,NA
0.07199999690055847,-0.47099998593330383,0.3700000047683716,38693,0.9100000262260437,0.1599999964237213
0.09399999678134918,-0.5860000252723694,0.2800000011920929,43736,0.9100000262260437,0.20999999344348907
0,-0.5339999794960022,0.36000001430511475,39663,0.8600000143051147,0.23000000417232513
0.5170000195503235,0.4180000126361847,0.15000000596046448,60137,0.49000000953674316,0.7099999785423279
0.23000000417232513,-0.3880000114440918,0.10000000149011612,78843,0.7799999713897705,0.6600000262260437
0.11400000005960464,-0.4230000078678131,0.36000001430511475,37216,0.9300000071525574,0.1599999964237213
0.0430000014603138,-0.5009999871253967,0.49000000953674316,23291,0.949999988079071,0.029999999329447746
0.23800000548362732,-0.3310000002384186,0.25,53443,0.7200000286102295,0.4099999964237213
0.3779999911785126,-0.33500000834465027,0.11999999731779099,84423,0.6200000047683716,0.6700000166893005
0.5270000100135803,0.5799999833106995,0.11999999731779099,79561,0.5099999904632568,0.8299999833106995
0.5490000247955322,0.5609999895095825,0.11999999731779099,55914,0.5099999904632568,0.9300000071525574
0.40700000524520874,-0.4189999997615814,0.1599999964237213,50214,0.5799999833106995,0.8600000143051147
0.4729999899864197,-0.5820000171661377,0.20000000298023224,48427,0.5899999737739563,0.800000011920929
0.49399998784065247,-0.17800000309944153,0.20999999344348907,44222,0.5199999809265137,0.9300000071525574
0.531000018119812,0.5699999928474426,0.1899999976158142,44159,0.5099999904632568,0.9200000166893005
0.5019999742507935,0.7289999723434448,0.17000000178813934,50885,0.5600000023841858,0.8700000047683716
0.7360000014305115,NA,0.10999999940395355,54645,0.46000000834465027,0.9200000166893005
NA,-0.22300000488758087,NA,NA,NA,NA
0.39100000262260437,-0.3179999887943268,0.23999999463558197,42504,0.5400000214576721,0.8899999856948853
0.35100001096725464,-0.5849999785423279,0.3199999928474426,37280,0.6899999976158142,0.6200000047683716
0.5659999847412109,0.6169999837875366,0.15000000596046448,48528,0.47999998927116394,0.9300000071525574
0.40700000524520874,-0.3700000047683716,0.3700000047683716,30441,0.6200000047683716,0.4399999976158142
0.5040000081062317,0.5709999799728394,0.23999999463558197,41044,0.5199999809265137,0.5899999737739563
0.7360000014305115,0.10700000077486038,0.20000000298023224,45999,0.3799999952316284,0.7599999904632568
0.42800000309944153,-0.41200000047683716,0.12999999523162842,62661,0.6299999952316284,0.6899999976158142
0.6589999794960022,0.7649999856948853,0.18000000715255737,45058,0.3799999952316284,0.8799999952316284
0.7519999742507935,0.7860000133514404,0.1899999976158142,49200,0.36000001430511475,0.8500000238418579
0.46299999952316284,-0.1379999965429306,0.3100000023841858,40092,0.4699999988079071,0.6299999952316284
0.4519999921321869,-0.16099999845027924,0.25999999046325684,41798,0.5299999713897705,0.6200000047683716
0.6899999976158142,0.7839999794960022,0.14000000059604645,61757,0.44999998807907104,0.8299999833106995
0.7120000123977661,0.7649999856948853,0.2199999988079071,41657,0.36000001430511475,0.8500000238418579
0.4569999873638153,-0.04800000041723251,0.23999999463558197,41103,0.4699999988079071,0.8999999761581421
0.3479999899864197,-0.4560000002384186,0.3100000023841858,37574,0.699999988079071,0.44999998807907104
0.4449999928474426,-0.3709999918937683,0.20999999344348907,44901,0.5899999737739563,0.6299999952316284
0.5490000247955322,0.4830000102519989,0.12999999523162842,43753,0.44999998807907104,0.9200000166893005
0.527999997138977,0.8100000023841858,0.25,42022,0.550000011920929,0.6899999976158142
0.628000020980835,0.6740000247955322,0.15000000596046448,55271,0.4000000059604645,0.9200000166893005
0.6809999942779541,0.43799999356269836,0.17000000178813934,47213,0.4699999988079071,0.7900000214576721
0.7429999709129333,0.8169999718666077,0.20999999344348907,45975,0.3799999952316284,0.9200000166893005
0.718999981880188,0.6549999713897705,0.1899999976158142,47013,0.44999998807907104,0.9399999976158142
0.5260000228881836,0.6639999747276306,0.23000000417232513,37245,0.47999998927116394,0.949999988079071
0.6579999923706055,0.5370000004768372,0.2199999988079071,48873,0.44999998807907104,0.8899999856948853
0.6840000152587891,NA,0.20000000298023224,48607,0.3799999952316284,0.9200000166893005
0.40700000524520874,-0.39800000190734863,0.23999999463558197,46364,0.6200000047683716,0.800000011920929
0.453000009059906,-0.7789999842643738,0.20999999344348907,47071,0.5899999737739563,0.8700000047683716
0.17100000381469727,-0.5429999828338623,0.38999998569488525,34988,0.8500000238418579,0.38999998569488525
0.5759999752044678,0.6179999709129333,0.20000000298023224,55444,0.5299999713897705,0.7200000286102295
0.4429999887943268,-0.4259999990463257,0.2199999988079071,50174,0.5699999928474426,0.8199999928474426
0.6729999780654907,0.43799999356269836,0.12999999523162842,58163,0.49000000953674316,0.9399999976158142
0.5680000185966492,0.46000000834465027,0.25,50189,0.5400000214576721,0.8500000238418579
0.5580000281333923,0.6650000214576721,0.20999999344348907,47458,0.47999998927116394,0.9200000166893005
0.3580000102519989,-0.41999998688697815,0.27000001072883606,40507,0.6200000047683716,0.8500000238418579
0.5709999799728394,0.5630000233650208,0.25999999046325684,40137,0.44999998807907104,0.9599999785423279
1,0.7009999752044678,0.20999999344348907,46497,0.36000001430511475,0.7400000095367432
0.4350000023841858,-0.07000000029802322,0.28999999165534973,35167,0.3400000035762787,0.699999988079071
0.7799999713897705,0.5120000243186951,0.1899999976158142,41431,0.27000001072883606,0.8100000023841858
1,0.46399998664855957,0.1599999964237213,45346,0.3400000035762787,0.7799999713897705
0.6439999938011169,0.703000009059906,0.25999999046325684,40263,0.4099999964237213,0.6800000071525574
0.4339999854564667,-0.4059999883174896,0.14000000059604645,56304,0.6100000143051147,0.8100000023841858
NA,-0.41200000047683716,NA,NA,NA,NA
0.7400000095367432,0.6129999756813049,0.23999999463558197,44792,0.4300000071525574,0.8600000143051147
0.25999999046325684,-0.5059999823570251,0.1899999976158142,50176,0.7099999785423279,0.7699999809265137
0.4440000057220459,-0.5429999828338623,0.1899999976158142,41714,0.5400000214576721,0.8999999761581421
0.4729999899864197,-0.2329999953508377,0.20999999344348907,51125,0.5400000214576721,0.8399999737739563
0,-0.43700000643730164,0.4000000059604645,32140,0.8799999952316284,0.33000001311302185
0.10700000077486038,-0.37299999594688416,0.3199999928474426,35868,0.8999999761581421,0.30000001192092896
0.5569999814033508,0.40799999237060547,0.18000000715255737,41747,0.49000000953674316,0.9399999976158142
0.492000013589859,-0.13699999451637268,0.10999999940395355,53455,0.4399999976158142,0.9399999976158142
0.7089999914169312,0.4580000042915344,0.2199999988079071,38436,0.4399999976158142,0.9599999785423279
0.5709999799728394,0.47999998927116394,0.09000000357627869,68575,0.5799999833106995,0.8600000143051147
0.5550000071525574,0.35600000619888306,0.07000000029802322,67805,0.5600000023841858,0.8799999952316284
0.5350000262260437,0.4309999942779541,0.029999999329447746,70266,0.5400000214576721,0.9100000262260437
0.7310000061988831,0.5090000033378601,0.18000000715255737,42327,0.3499999940395355,0.9599999785423279
0.5519999861717224,0.47099998593330383,0.17000000178813934,42641,0.44999998807907104,0.9599999785423279
0.546999990940094,0.38100001215934753,0.1899999976158142,44345,0.5699999928474426,0.9300000071525574
0.492000013589859,-0.27799999713897705,0.2199999988079071,37364,0.49000000953674316,0.949999988079071
0.43700000643730164,-0.31299999356269836,0.12999999523162842,58883,0.5899999737739563,0.8600000143051147
0.29100000858306885,-0.40700000524520874,0.3199999928474426,34279,0.699999988079071,0.7300000190734863
0.5789999961853027,0.4480000138282776,0.15000000596046448,56209,0.5600000023841858,0.8600000143051147
0.6539999842643738,0.7829999923706055,0.1599999964237213,54387,0.47999998927116394,0.8500000238418579
0.4449999928474426,-0.23499999940395355,0.15000000596046448,48466,0.47999998927116394,0.8700000047683716
0.6729999780654907,0.3919999897480011,0.10000000149011612,55331,0.4399999976158142,0.949999988079071
0.7549999952316284,0.48399999737739563,0.10000000149011612,55799,0.4300000071525574,0.9200000166893005
0.46799999475479126,-0.4050000011920929,0.20000000298023224,52473,0.6499999761581421,0.8299999833106995
0.34700000286102295,-0.35600000619888306,0.14000000059604645,54358,0.6100000143051147,0.8100000023841858
0.6949999928474426,0.8669999837875366,0.20999999344348907,49565,0.41999998688697815,0.7400000095367432
0.550000011920929,0.796999990940094,0.1599999964237213,50853,0.44999998807907104,0.6800000071525574
0.6549999713897705,0.9190000295639038,0.27000001072883606,40617,0.3499999940395355,0.7599999904632568
0.6880000233650208,0.8920000195503235,0.2199999988079071,44213,0.3799999952316284,0.75
0.5519999861717224,1,0.2800000011920929,41247,0.46000000834465027,0.6399999856948853
0.367000013589859,-0.40400001406669617,0.36000001430511475,33214,0.6399999856948853,0.4000000059604645
0.5120000243186951,0.49300000071525574,0.1899999976158142,43424,0.44999998807907104,0.8799999952316284
0.824999988079071,0.7020000219345093,0.25999999046325684,36058,0.28999999165534973,0.949999988079071
0.8489999771118164,0.9629999995231628,0.1899999976158142,44105,0.3400000035762787,0.8999999761581421
0.6700000166893005,0.6150000095367432,0.25999999046325684,40431,0.3700000047683716,0.8500000238418579
0.597000002861023,0.6610000133514404,0.25,37331,0.3400000035762787,0.9300000071525574
0.42800000309944153,-0.23499999940395355,0.25,46861,0.5600000023841858,0.6800000071525574
0.6949999928474426,0.6850000023841858,0.20000000298023224,44886,0.3700000047683716,0.8899999856948853
0.7450000047683716,0.7919999957084656,0.12999999523162842,61472,0.3400000035762787,0.8299999833106995
0.6029999852180481,0.6980000138282776,0.28999999165534973,37206,0.4300000071525574,0.7400000095367432
0.2529999911785126,-0.41100001335144043,0.3700000047683716,35957,0.7699999809265137,0.3499999940395355
1,0.6819999814033508,0.25999999046325684,40414,0.3100000023841858,0.7099999785423279
1,0.6710000038146973,0.20000000298023224,56441,0.4000000059604645,0.6399999856948853
0.6790000200271606,0.7639999985694885,0.15000000596046448,67359,0.41999998688697815,0.6299999952316284
0.7689999938011169,0.6359999775886536,0.1899999976158142,50725,0.30000001192092896,0.7900000214576721
0.718999981880188,0.8790000081062317,0.20000000298023224,46948,0.36000001430511475,0.7200000286102295
0.6790000200271606,0.7020000219345093,0.20999999344348907,52007,0.4000000059604645,0.6600000262260437
1,0.5830000042915344,0.11999999731779099,69880,0.4099999964237213,0.6700000166893005
0.8230000138282776,0.7450000047683716,0.1899999976158142,51074,0.25999999046325684,0.800000011920929
0.23199999332427979,-0.382999986410141,0.3199999928474426,34934,0.7699999809265137,0.17000000178813934
0.6620000004768372,0.6200000047683716,0.15000000596046448,61927,0.4399999976158142,0.6600000262260437
0.8399999737739563,0.7099999785423279,0.2199999988079071,43974,0.23999999463558197,0.6499999761581421
0.7409999966621399,0.6179999709129333,0.20000000298023224,52246,0.36000001430511475,0.6700000166893005
1,0.7490000128746033,0.1899999976158142,40550,0.23000000417232513,0.7400000095367432
0.7599999904632568,1.2929999828338623,0.1599999964237213,52563,0.33000001311302185,0.6200000047683716
0.4269999861717224,-0.3230000138282776,0.44999998807907104,31952,0.6000000238418579,0.20000000298023224
0.38600000739097595,-0.32100000977516174,0.3199999928474426,35027,0.6600000262260437,0.17000000178813934
0.628000020980835,0.6909999847412109,0.23000000417232513,42936,0.3199999928474426,0.7099999785423279
0.2800000011920929,-0.46799999475479126,0.38999998569488525,34268,0.7699999809265137,0.20000000298023224
0.8029999732971191,0.8029999732971191,0.20999999344348907,39296,0.27000001072883606,0.6299999952316284
0.35100001096725464,-0.30399999022483826,0.3700000047683716,35616,0.6299999952316284,0.23000000417232513
0.7120000123977661,0.6039999723434448,0.10999999940395355,59432,0.4099999964237213,0.6800000071525574
0.6940000057220459,0.6679999828338623,0.14000000059604645,70568,0.4099999964237213,0.6100000143051147
0.5260000228881836,0.6340000033378601,0.25,41326,0.5099999904632568,0.30000001192092896
1,0.7129999995231628,0.14000000059604645,57552,0.4399999976158142,0.6399999856948853
0.45899999141693115,-0.4339999854564667,0.25999999046325684,47004,0.5899999737739563,0.5299999713897705
0.6859999895095825,0.8650000095367432,0.1899999976158142,61387,0.4099999964237213,0.6600000262260437
0.5040000081062317,0.6859999895095825,0.3700000047683716,35721,0.5299999713897705,0.2800000011920929
0.4269999861717224,-0.19200000166893005,0.38999998569488525,36106,0.5600000023841858,0.20000000298023224
0.3449999988079071,-0.32199999690055847,0.3499999940395355,36908,0.6200000047683716,0.2199999988079071
0.22200000286102295,-0.4569999873638153,0.41999998688697815,36727,0.8199999928474426,0.2199999988079071
1,0.5360000133514404,0.15000000596046448,54977,0.41999998688697815,0.6600000262260437
0.6420000195503235,0.7979999780654907,0.25,50008,0.46000000834465027,0.5
0.7429999709129333,0.7450000047683716,0.11999999731779099,54988,0.33000001311302185,0.8299999833106995
0.47699999809265137,-0.08500000089406967,0.11999999731779099,54479,0.38999998569488525,0.8799999952316284
0.7590000033378601,0.9629999995231628,0.11999999731779099,55827,0.28999999165534973,0.8500000238418579
0.3310000002384186,-0.4740000069141388,0.12999999523162842,49907,0.6800000071525574,0.9599999785423279
0.6470000147819519,0.5849999785423279,0.10000000149011612,65395,0.47999998927116394,0.75
0.5550000071525574,0.7310000061988831,0.11999999731779099,56318,0.5099999904632568,0.6700000166893005
0.2800000011920929,-0.4169999957084656,0.30000001192092896,40817,0.7599999904632568,0.3799999952316284
0.6240000128746033,0.5870000123977661,0.14000000059604645,56813,0.5,0.6200000047683716
0.5189999938011169,0.7879999876022339,0.2199999988079071,41367,0.47999998927116394,0.7200000286102295
1,0.7519999742507935,0.18000000715255737,44950,0.41999998688697815,0.8500000238418579
0.6349999904632568,0.7609999775886536,0.09000000357627869,64205,0.46000000834465027,0.7799999713897705
0.3790000081062317,-0.3370000123977661,0.11999999731779099,90662,0.6899999976158142,0.5699999928474426
0.5249999761581421,0.8569999933242798,0.23999999463558197,35081,0.4000000059604645,0.9300000071525574
0.6439999938011169,0.5090000033378601,0.05999999865889549,93701,0.5299999713897705,0.7699999809265137
0.49799999594688416,-0.27000001072883606,0.05999999865889549,103664,0.5699999928474426,0.6700000166893005
0.4230000078678131,-0.3799999952316284,0.10000000149011612,71469,0.6200000047683716,0.8199999928474426
NA,-0.2809999883174896,NA,NA,NA,NA
0.48899999260902405,-0.32899999618530273,0.12999999523162842,54910,0.5600000023841858,0.8600000143051147
0.5299999713897705,0.722000002861023,0.18000000715255737,52726,0.5199999809265137,0.8799999952316284
0.6759999990463257,0.5879999995231628,0.25999999046325684,44541,0.4000000059604645,0.6800000071525574
0.6370000243186951,0.5979999899864197,0.1899999976158142,44147,0.46000000834465027,0.8799999952316284
0.4189999997615814,-0.289000004529953,0.20999999344348907,46614,0.5699999928474426,0.7799999713897705
0,-0.722000002861023,0.10999999940395355,57743,0.8399999737739563,0.6700000166893005
0.5199999809265137,0.47999998927116394,0.07999999821186066,80445,0.5699999928474426,0.8199999928474426
0.4519999921321869,-0.2529999911785126,0.1899999976158142,54255,0.5899999737739563,0.7300000190734863
0.5040000081062317,0.3970000147819519,0.20000000298023224,37143,0.41999998688697815,0.9599999785423279
0.6980000138282776,0.4819999933242798,0.20000000298023224,40847,0.4399999976158142,0.9399999976158142
0.4399999976158142,-0.3230000138282776,0.3100000023841858,32489,0.41999998688697815,0.9399999976158142
0.6940000057220459,0.8730000257492065,0.15000000596046448,55704,0.5099999904632568,0.8799999952316284
0.38199999928474426,-0.5540000200271606,0.12999999523162842,55575,0.6899999976158142,0.8899999856948853
0.47999998927116394,-0.2939999997615814,0.14000000059604645,48639,0.5799999833106995,0.9599999785423279
0.30000001192092896,-0.5379999876022339,0.3799999952316284,36359,0.75,0.5099999904632568
0.7170000076293945,1.2000000476837158,0.07000000029802322,67349,0.4099999964237213,0.9399999976158142
0.7070000171661377,0.7760000228881836,0.12999999523162842,49869,0.5,0.9399999976158142
0.5400000214576721,0.781000018119812,0.17000000178813934,45236,0.5600000023841858,0.949999988079071
0.5490000247955322,0.8859999775886536,0.15000000596046448,49390,0.5400000214576721,0.9200000166893005
0.7419999837875366,0.9319999814033508,0.12999999523162842,51731,0.33000001311302185,0.8899999856948853
