County,Poverty,Mortality
25028,81.5718739,1e-6
18066,81.0996143,1e-6
44214,80.7116453,1e-6
32018,80.2316873,1e-6
25032,79.8385446,10.56
18074,78.9390008,1e-6
1066,78.6558811,6.12
25008,78.2327096,1e-6
25072,77.8152744,7.84
1032,77.78742,8.96
44131,77.3840611,1e-6
43024,76.9974343,8.08
25027,76.9814353,6.37
1043,76.94893400000001,6.39
18119,76.7837421,1e-6
18077,76.66330500000001,1e-6
18060,76.2479,1e-6
18026,75.94624089999999,4.13
25068,75.8412306,1e-6
44254,75.8407955,1e-6
44253,75.6805853,1e-6
11152,75.1511209,1e-6
1053,75.1384108,6.64
25035,74.879034,1e-6
18095,74.8530094,1e-6
18013,74.5398001,1e-6
11004,74.0569584,1e-6
25052,74.0001957,1e-6
25011,73.8836567,1e-6
1060,73.8448159,1e-6
34040,73.68709369999999,6.86
25060,73.6194889,13.03
11019,73.487951,1e-6
25026,73.4614698,1e-6
41031,73.32148480000001,5.36
25047,73.2783024,3.36
11118,73.0770771,1e-6
4051,73.0392591,1e-6
25005,72.92754099999999,1e-6
43025,72.8530864,1e-6
32029,72.77881430000001,1e-6
18061,72.51672190000001,1e-6
41045,72.4608128,2.48
11070,72.4525277,10.19
44124,72.4125342,1e-6
25063,72.3723499,1e-6
18055,72.3201351,1e-6
25006,72.00414819999999,1e-6
18116,71.9976096,1e-6
43034,71.9050352,1e-6
1006,71.8863503,9.04
4039,71.6102736,1e-6
11049,71.529005,7.28
32023,71.3650338,3.03
25067,71.1131041,10.47
41014,71.08739299999999,1e-6
11123,71.0075204,1e-6
1033,70.7583599,1e-6
19018,70.6862776,1e-6
25079,70.6703703,10.33
41009,70.6197791,9.33
25021,70.5445306,10.21
18080,70.1260809,1e-6
11017,70.03188890000001,1e-6
18065,69.74765579999999,1e-6
11098,69.716268,18.97
43076,69.40458459999999,1e-6
25054,69.2994515,3.48
4062,69.1911827,2.97
11128,68.8996027,1e-6
43044,68.68958040000001,1e-6
34089,68.6273782,1e-6
11149,68.579549600000007,1e-6
44162,68.5558526,1e-6
43038,68.5011421,10.1
44064,68.4094368,1e-6
25010,68.30982730000001,1e-6
34022,68.27009360000001,1e-6
11002,68.2638757,16.36
34048,68.0815713,1e-6
25069,68.06474850000001,1e-6
18102,67.8445105,1e-6
43004,67.68736050000001,1e-6
4069,67.597631,1e-6
43049,67.58764430000001,1e-6
25045,67.5865303,7.26
34093,67.36313390000001,7.39
18027,67.3560463,1e-6
47052,67.34869169999999,1e-6
4009,67.3449687,1e-6
43035,67.2921656,1e-6
4048,67.1009116,29.9
11130,67.0952736,1e-6
34066,67.0445917,1e-6
11131,67.04118890000001,1e-6
25033,66.9194923,1e-6
11090,66.8867855,15.82
25017,66.88126129999999,1e-6
11077,66.870176,1e-6
11135,66.79275319999999,8.56
43048,66.7727564,13.94
19054,66.7029016,11.61
41027,66.5629326,1e-6
43013,66.5169124,1e-6
44145,66.417387,1e-6
11079,66.4151285,1e-6
18064,66.3791327,1e-6
43014,66.3478832,1e-6
11095,66.3391779,1e-6
4074,66.2766854,9.77
37001,66.1171166,1e-6
41003,66.0891013,1e-6
3001,66.0555015,4.76
11081,66.0427759,10.99
34078,65.980833,3.84
43065,65.8660333,1e-6
44204,65.7985668,1e-6
11159,65.7944469,5.81
25012,65.7398127,1e-6
11120,65.7386832,1e-6
19013,65.6899009,1e-6
1003,65.6472449,4.11
43031,65.6115322,1e-6
44203,65.5744915,1e-6
25040,65.49059849999999,5.82
11046,65.4245047,9.44
19033,65.4216055,5.89
43061,65.3810404,1e-6
42060,65.2493493,1e-6
25078,65.134481,1e-6
19063,65.0915275,1e-6
44108,65.048971,2.19
44113,65.0289897,1e-6
11014,64.9191795,1e-6
1021,64.90971909999999,8.39
11030,64.90410370000001,1e-6
44142,64.9005489,1e-6
34008,64.8798273,1e-6
18007,64.7630136,1e-6
25014,64.6860252,1e-6
11039,64.6106545,1e-6
18023,64.5713858,1e-6
18104,64.5646189,1e-6
34059,64.496458,1e-6
41034,64.4899498,6.07
25003,64.4792305,1e-6
4065,64.4528942,1e-6
41025,64.4065605,5.52
19046,64.39912960000001,1e-6
11096,64.3721823,1e-6
11153,64.3478219,1e-6
11133,64.3436102,1e-6
47015,64.3345927,1e-6
18088,64.29468320000001,1e-6
18118,64.1641138,1e-6
25042,64.1462074,2.29
43067,64.0951668,1e-6
1034,64.0583856,7.29
43018,63.9775635,4.1
19041,63.9441354,1e-6
41035,63.831388200000006,1e-6
44245,63.8278405,1e-6
49051,63.7515999,8.49
47025,63.7241952,1e-6
11032,63.7171303,13.98
11103,63.6800669,1e-6
11140,63.661985200000004,1e-6
43088,63.6568428,1e-6
49008,63.6166055,1e-6
19021,63.5849397,1e-6
11144,63.5787867,1e-6
42056,63.48455200000001,6.29
34052,63.401529000000004,1e-6
4018,63.3974968,1.87
47091,63.3606814,1e-6
34047,63.3294962,1e-6
4025,63.322122199999995,1e-6
35043,63.317197400000005,20.5
1007,63.273141499999994,4.96
18086,63.2636277,1e-6
11156,63.246034200000004,1e-6
1046,63.186052000000004,1e-6
25015,63.1816537,4.05
41005,63.07385789999999,1e-6
26078,62.97949390000001,1e-6
11100,62.971082499999994,1e-6
1018,62.962942,1e-6
41019,62.9453064,12.37
18029,62.9299484,1e-6
18083,62.823549,20.53
4071,62.791635199999995,1e-6
43046,62.73040159999999,8.46
11125,62.72900179999999,1e-6
41020,62.727002899999995,1e-6
4054,62.6568581,2.63
26072,62.5966166,1e-6
34009,62.59257660000001,7.29
4068,62.54211589999999,1e-6
19020,62.5212608,3
19004,62.474107599999996,8.49
19039,62.443692799999994,1e-6
4040,62.44280800000001,1e-6
25049,62.414491299999995,1e-6
41038,62.4024711,7.83
34071,62.3899667,5.28
34031,62.38281020000001,1e-6
1050,62.3705576,1e-6
11091,62.3534258,1e-6
44082,62.3364006,6.21
44093,62.30271320000001,1e-6
10030,62.1433656,1e-6
11042,62.1327035,1e-6
1012,62.1108223,1e-6
4053,62.1023498,15.09
18067,62.0544259,1e-6
41015,62.053666799999995,3.37
25082,62.0351694,7.23
25031,61.9720132,5.83
43069,61.9711931,1e-6
1055,61.9223,1e-6
6012,61.8683259,1e-6
11134,61.8666245,9.46
19049,61.7766206,5.86
34072,61.7433144,14.21
11150,61.7009409,1e-6
11001,61.6667116,6.3
34087,61.6165368,1e-6
34037,61.6117684,1e-6
11062,61.5741364,1e-6
41033,61.53108,13.25
41017,61.4911592,1e-6
18097,61.45828410000001,1e-6
11021,61.446321299999994,14.87
34007,61.4103105,1e-6
19035,61.3980654,1e-6
19019,61.295785599999995,1e-6
42008,61.27209260000001,1e-6
4044,61.2234095,1e-6
25004,61.22200169999999,1e-6
34042,61.1793192,3.92
11124,61.17717150000001,1e-6
25077,61.1472566,1e-6
37012,61.130067499999996,1e-6
18031,61.0514276,1e-6
32021,61.02093669999999,1e-6
19042,60.9646471,4.61
11086,60.914380800000004,1e-6
19050,60.8778664,1e-6
25062,60.849515600000004,4.18
19011,60.7770212,1e-6
11088,60.767965000000004,8.87
34082,60.761598299999996,1e-6
37064,60.7487389,1e-6
4019,60.7456529,1e-6
4038,60.563371499999995,1e-6
1044,60.518834899999995,4.33
4033,60.491163,1e-6
19016,60.47683120000001,4.44
18032,60.4545609,1e-6
11050,60.3732735,1e-6
18036,60.3709924,8.83
11142,60.2732484,1e-6
4064,60.257139,1e-6
47013,60.2431924,1e-6
10065,60.2324121,1e-6
10020,60.1614816,2.49
25058,60.1430833,1e-6
26112,60.093721099999996,1e-6
44240,60.026082800000005,0.88
18058,60.0188539,1e-6
37046,59.9919794,1e-6
10033,59.9875276,9.94
25056,59.899270699999995,1e-6
25081,59.869817499999996,1e-6
18098,59.7963044,1e-6
34083,59.767083799999995,1e-6
34035,59.7451265,1e-6
32025,59.7044008,1e-6
19005,59.6805589,1e-6
25074,59.6484849,1e-6
4021,59.623735200000006,1e-6
37045,59.609369,2.8
34010,59.547124600000004,1e-6
43042,59.5104043,1e-6
18001,59.463803999999996,1e-6
44198,59.423742000000004,1e-6
43036,59.3677919,5.56
34074,59.364473100000005,1e-6
18063,59.35009169999999,1e-6
11015,59.327089,1e-6
34004,59.31712890000001,1e-6
4037,59.29966519999999,1e-6
25059,59.2676027,4.69
43007,59.200013799999994,1e-6
4047,59.1906488,1.64
34046,59.1482866,9.87
47065,59.1322877,1e-6
47014,59.088071600000006,10.29
44031,59.038305,1.28
10024,59.032323600000005,11.1
25065,58.9425409,1e-6
1054,58.9171731,1e-6
10040,58.9063852,14.17
10019,58.8959024,1e-6
44158,58.8563439,1e-6
4007,58.800874400000005,1e-6
18099,58.7975328,1e-6
25016,58.76498959999999,6.62
11109,58.7593782,1e-6
25007,58.746293800000004,1e-6
25073,58.71364380000001,1e-6
19007,58.7088411,1e-6
44176,58.681764300000005,7.89
34020,58.671346400000004,1e-6
43055,58.5909631,1e-6
18100,58.5446412,1e-6
19062,58.506108999999995,1e-6
43084,58.50298860000001,1e-6
1013,58.467775,10.56
25039,58.4646356,1e-6
11061,58.411187899999994,1e-6
4056,58.403543199999994,1e-6
34058,58.387655,7.96
37068,58.355275799999994,3.7
25050,58.3317964,4.29
11082,58.329622,1e-6
43015,58.2435014,3.9
10067,58.232091600000004,15.99
1024,58.210954400000006,3.45
18085,58.1688821,1e-6
11066,58.160035799999996,1e-6
11018,58.15689630000001,1e-6
11003,58.1522767,10.8
4013,58.14834,1e-6
34100,58.145635299999995,1e-6
43068,58.106336400000004,1e-6
25064,58.1045586,8.88
49045,58.065027,8.39
37003,57.9844758,1e-6
18016,57.9510171,1e-6
47045,57.944638999999995,65.06
34033,57.9442231,5.71
25019,57.9395349,1e-6
43091,57.9133585,1e-6
18006,57.902582,1e-6
19022,57.871865899999996,1e-6
4050,57.8348252,10.43
47039,57.662339900000006,1e-6
37031,57.5959146,1e-6
4020,57.59084490000001,1e-6
41022,57.5665262,2.41
11065,57.5085389,1e-6
44194,57.4699724,1e-6
26091,57.4456766,1e-6
34024,57.425325199999996,4.33
44073,57.4133317,7.68
49012,57.370206499999995,11.05
34021,57.3236367,1e-6
34057,57.249772799999995,1e-6
34006,57.2451456,1e-6
10007,57.2389543,1e-6
4012,57.212579500000004,8.69
43017,57.2109659,1e-6
11117,57.155996099999996,1e-6
44202,57.119539100000004,1e-6
44193,57.1027657,1e-6
34051,56.982351099999995,1e-6
47011,56.8981531,1e-6
25013,56.840852500000004,1e-6
44081,56.7982118,1e-6
1040,56.772790699999995,6.58
25009,56.7666757,5.68
41013,56.722062799999996,5.56
47004,56.717035,1e-6
25080,56.5427758,1e-6
47040,56.429475399999994,7.15
37054,56.427819899999996,1e-6
25051,56.427678900000004,1e-6
18033,56.413946,7.3
49022,56.3750969,4.38
26018,56.369184100000005,1e-6
44066,56.3414399,1e-6
25053,56.3093431,1e-6
11099,56.3056694,1e-6
26102,56.291639,14.2
11054,56.290864799999994,1e-6
1004,56.2721498,1e-6
34038,56.2353454,1e-6
43056,56.2270029,1e-6
11132,56.2184809,1e-6
26067,56.156759099999995,6.61
43081,56.1373688,1e-6
47026,55.957769,1e-6
4022,55.92362,1e-6
4032,55.9152506,4.22
11040,55.8710916,1e-6
44187,55.852365299999995,5.31
18111,55.84800490000001,1e-6
19064,55.82417469999999,6.61
11139,55.807450800000005,1e-6
25022,55.787401,9.61
49011,55.71514680000001,1e-6
44011,55.6449221,1e-6
34005,55.6013925,1e-6
19043,55.585836,1e-6
37035,55.49465730000001,1e-6
43029,55.4935129,6.7
34095,55.4725741,1e-6
44157,55.449247199999995,31.88
43062,55.4315506,3.97
34017,55.4170282,1e-6
11010,55.397813500000005,1e-6
43087,55.358320000000006,1e-6
44228,55.349336400000006,1e-6
34015,55.3140466,1e-6
43039,55.3018318,5.76
4045,55.3015192,1e-6
41018,55.2793558,9.23
11101,55.2631889,4.45
4043,55.2539803,1e-6
4041,55.2464311,1e-6
44128,55.21953739999999,8.46
47058,55.2153565,1e-6
25070,55.2135293,1e-6
11129,55.16616210000001,7.11
11034,55.1396118,3.85
25076,55.0920655,1.22
44147,55.069753399999996,7.14
4042,55.06102550000001,1e-6
43051,55.0520228,1e-6
41008,55.050470100000005,1.04
44089,55.034185199999996,13.42
11072,54.996083799999994,1e-6
11097,54.898507699999996,1e-6
37039,54.893830799999996,1e-6
49004,54.8892037,1e-6
11074,54.8540704,1e-6
19058,54.801027000000005,7.15
18048,54.668165,1e-6
26034,54.6506516,1e-6
11053,54.6480919,15.18
47019,54.6344201,1e-6
34064,54.62758049999999,1e-6
44229,54.62211,16.38
43093,54.6052109,1e-6
47059,54.583082000000005,1e-6
11113,54.555680900000006,9.02
34098,54.546232100000005,5.46
11143,54.5233057,1e-6
47087,54.5045565,8.28
11114,54.495611,1e-6
44210,54.489495899999994,5.39
18101,54.4855247,1e-6
10021,54.4843577,1e-6
44007,54.4291054,8.3
47090,54.3925761,1e-6
34091,54.3746583,2.99
18110,54.340799,20.66
11037,54.2764412,1e-6
34069,54.2534195,1e-6
42047,54.2420824,1e-6
1065,54.225282500000006,1e-6
37021,54.2209147,5.52
44028,54.192166799999995,1e-6
47095,54.1667495,1e-6
43021,54.1571979,1e-6
11104,54.1160981,1e-6
18043,54.062844899999995,1e-6
19024,54.038186499999995,3.18
47001,54.0328424,1e-6
18022,54.01308219999999,8.57
49036,53.9694534,17.3
37011,53.880055999999996,1e-6
4055,53.856473400000006,1e-6
1031,53.811101699999995,4.76
34061,53.692628600000006,1e-6
25036,53.6848239,4.58
43020,53.6682682,1e-6
19053,53.6493473,1.33
25071,53.614454099999996,1e-6
4061,53.5610561,14.88
25046,53.551580099999995,1e-6
44143,53.5306643,1e-6
18002,53.5162102,1e-6
37040,53.497296999999996,8.89
44144,53.4436469,1e-6
44236,53.440408500000004,1e-6
4036,53.4335689,7.18
41016,53.4006707,1.66
35033,53.3941398,1e-6
44026,53.363534599999994,1e-6
11016,53.259546,3.34
47041,53.2240425,6.81
41006,53.2026915,1e-6
44247,53.172510100000004,1e-6
11043,53.106252399999995,4.05
25057,53.0800418,1e-6
44024,53.07415949999999,1e-6
44190,53.0328689,1e-6
4075,53.01905970000001,13.35
47078,52.991513999999995,3.26
6011,52.988427699999995,1e-6
34096,52.9692779,2.31
1001,52.960882,1e-6
44060,52.9458599,1e-6
37015,52.8980498,20.58
44189,52.8854351,1e-6
41041,52.8793464,6.97
32010,52.8667579,1e-6
19014,52.83939170000001,6.67
11137,52.8388266,3.21
49007,52.8313194,1e-6
11080,52.78574150000001,1e-6
1047,52.761502699999994,3.83
19034,52.7364634,5.93
18050,52.7203576,1e-6
14030,52.6143776,1e-6
42030,52.582582099999996,1e-6
34039,52.56202089999999,3.55
41043,52.5399987,2.29
10032,52.51618729999999,1e-6
1029,52.5151495,1e-6
11094,52.502580099999996,5.92
44075,52.5016002,1e-6
43012,52.488370399999994,1e-6
11157,52.418813500000006,1e-6
19056,52.4091278,5.64
26077,52.3908786,1e-6
4029,52.3794798,5.14
44205,52.3699508,1e-6
49001,52.349748399999996,1e-6
10060,52.2883205,1e-6
34043,52.2600607,4.09
1011,52.2306077,1e-6
19001,52.219323900000006,5.43
4015,52.2179584,11.73
1015,52.2013072,1e-6
11087,52.106393399999995,1e-6
1036,52.1017437,4.36
10038,52.088998399999994,1e-6
42015,52.0601062,1e-6
19047,52.0412497,4.59
43072,52.0262579,1e-6
3009,52.0020424,1.26
49016,51.9859443,1e-6
47056,51.9604967,1e-6
18068,51.960222,6.87
26075,51.9330577,1e-6
49030,51.9264655,5.09
11013,51.881433,1e-6
44088,51.870347699999996,1e-6
11138,51.8170868,1e-6
44239,51.8087022,6.08
41026,51.80421630000001,2.33
14077,51.7901359,13.42
43023,51.771016599999996,1e-6
43077,51.768502999999995,1e-6
34094,51.763475400000004,1e-6
10061,51.7627351,1e-6
44136,51.756356800000006,1e-6
1019,51.7003725,1e-6
18103,51.6834543,7.21
41021,51.6261612,0.97
47032,51.584981500000005,25.54
26086,51.5647827,1e-6
26035,51.547502099999996,1e-6
47084,51.507978300000005,1e-6
26009,51.480954700000005,1e-6
11158,51.39286560000001,10.18
19015,51.300939199999995,4.26
44062,51.2873362,1e-6
10066,51.259561,6.39
10002,51.256398999999995,1e-6
11089,51.197202600000004,3.57
34050,51.17449739999999,5.52
4049,51.057477399999996,1e-6
18069,51.021413599999995,5.91
4006,50.9949319,1e-6
11045,50.907330900000005,6.15
49014,50.849057900000005,1e-6
49032,50.8285384,1e-6
43028,50.813092999999995,1e-6
34054,50.7892971,1.91
35040,50.7734696,13.66
35042,50.7349334,1e-6
1056,50.722425400000006,1e-6
4059,50.709146100000005,10.72
1016,50.685670800000004,5.76
44125,50.685579000000004,2.63
11102,50.5855195,1e-6
1067,50.5453281,1e-6
11009,50.5245761,1e-6
11093,50.5057387,1e-6
47054,50.4561822,1e-6
49024,50.3501718,5.82
18092,50.338983400000004,5.17
26060,50.3357331,7.86
18035,50.3327922,1e-6
41028,50.331788499999995,1e-6
34097,50.279310200000005,5.91
25002,50.231454799999995,1e-6
4024,50.2203159,1e-6
44105,50.2046411,1e-6
47083,50.1902632,1e-6
37032,50.1801966,1e-6
26043,50.114617800000005,26.14
11084,50.0996493,6.43
47066,50.0814073,8.77
1057,49.9994866,2.2
18014,49.984453200000004,6.98
43078,49.9784832,3.04
44149,49.9687783,1e-6
47037,49.929292600000004,1e-6
26090,49.8850952,1e-6
1030,49.8756008,1e-6
43009,49.8514114,1e-6
37043,49.849572599999995,1e-6
47020,49.8153929,9.31
42001,49.8016409,1e-6
43071,49.793321299999995,1e-6
1014,49.767079800000005,1e-6
4028,49.7555099,1e-6
44037,49.7548233,1e-6
49047,49.6987246,1e-6
1025,49.6303157,1e-6
11083,49.6076183,1e-6
25048,49.601091000000004,1e-6
26012,49.5874266,3.24
25066,49.5668159,23.04
11119,49.5558946,1e-6
49039,49.5279102,7.44
18028,49.517282099999996,1e-6
43085,49.516164499999995,1e-6
4011,49.4779907,6.24
44237,49.3529908,1e-6
34003,49.3383346,13.64
25023,49.301301699999996,4.72
47055,49.2799167,1e-6
41007,49.2006014,5.64
47096,49.1733829,1e-6
44163,49.0859465,1e-6
44166,49.0712945,1e-6
1042,49.0694599,1e-6
47062,49.0482502,1e-6
25029,49.018114000000004,1e-6
35024,48.9514021,33.7
10039,48.870946599999996,1e-6
19006,48.8507168,1e-6
11112,48.7974827,10.1
11151,48.754487499999996,5.14
43027,48.7543385,2.44
32028,48.7461178,1e-6
26030,48.687185500000005,1e-6
26115,48.6836712,1e-6
44109,48.6485152,1e-6
14002,48.6348705,1e-6
26029,48.6287479,1e-6
28008,48.5935835,1e-6
43037,48.5928552,1e-6
32017,48.587064000000005,4.44
43058,48.4873061,1e-6
11012,48.4762136,1e-6
47097,48.458532500000004,5.16
43041,48.392976999999995,1e-6
44174,48.3444302,6.18
26104,48.2269649,1e-6
10015,48.1497471,1e-6
19002,48.139462900000005,1e-6
19048,48.1137256,1e-6
37007,48.104894599999994,1e-6
1022,48.0829374,3.78
25043,48.0664305,3.49
44032,48.0575459,1e-6
11059,48.0256633,1e-6
6055,47.972707,1e-6
32030,47.969823299999995,1e-6
1026,47.934015200000005,1e-6
44074,47.929574699999996,1e-6
4035,47.891080800000005,6.12
44051,47.8616158,1e-6
6004,47.8577058,1e-6
26093,47.8307096,1e-6
14076,47.7896516,1e-6
18046,47.7851347,12.99
4057,47.7622966,1e-6
11111,47.6786975,5.88
11055,47.6690344,1e-6
26113,47.657167099999995,11.12
11024,47.5797407,1e-6
11073,47.4841253,5.9
25037,47.4572317,1e-6
11035,47.4354224,2.96
49034,47.4191265,3.81
25075,47.283910899999995,3.99
1027,47.2474079,1e-6
11136,47.2448103,5.59
18005,47.2404305,1e-6
4002,47.213972,3.84
1010,47.2075252,12.56
44107,47.1599977,9.94
4010,47.1372931,1e-6
47018,47.1009199,1e-6
43080,47.1005229,8.41
36001,47.100027,1e-6
34073,47.0586447,4.01
49038,47.037214500000005,1e-6
47038,47.0301144,6.45
1038,46.947137500000004,1e-6
4058,46.9456462,1e-6
26099,46.9325726,1e-6
47079,46.8968443,1e-6
47028,46.8960087,1e-6
4073,46.8746011,1e-6
44008,46.7968421,7.72
11052,46.7651038,1e-6
41012,46.7548041,3.47
34062,46.7455844,1e-6
49044,46.7295055,7.81
44232,46.7234365,4.58
41036,46.7208426,1e-6
47071,46.711739699999995,1e-6
26107,46.6851704,1e-6
47027,46.6818444,2.53
4034,46.6081445,5.29
43089,46.6070227,1e-6
18107,46.6018312,1e-6
49009,46.5976231,1e-6
11036,46.555940299999996,1e-6
4027,46.54056,1e-6
4031,46.530004000000005,1e-6
35004,46.5165345,1e-6
47073,46.502798,1e-6
4046,46.455038,1e-6
18091,46.4516239,1e-6
44013,46.4500515,4.1
42036,46.4437382,1e-6
35026,46.3862173,1e-6
49049,46.384797500000005,1e-6
42004,46.3835041,1e-6
42011,46.3474254,1e-6
44001,46.3306789,7.15
1020,46.310857999999996,3.4
25055,46.309373799999996,1e-6
18078,46.300142199999996,5.99
10018,46.240385,15.81
11075,46.2193887,3.16
28039,46.2065141,1e-6
4014,46.1641364,1e-6
44080,46.1327259,1e-6
25020,46.125024999999994,1e-6
36082,46.1079769,9.7
19031,46.1049132,1e-6
4017,46.0916416,1e-6
44102,46.0808615,4.37
10012,46.0357146,1e-6
24006,46.0357074,1e-6
1035,46.0342876,2.87
44139,46.003445799999994,1e-6
26111,45.9540121,1e-6
42054,45.9300594,1e-6
35022,45.9257643,1e-6
43052,45.9122483,4.77
4001,45.904622499999995,1e-6
18038,45.9043018,13.55
4008,45.9000723,8.97
42048,45.8669679,1e-6
26047,45.8460025,1e-6
47092,45.834841,4.36
47017,45.8241479,6.04
44213,45.8105676,1e-6
44175,45.772786599999996,3.66
24077,45.7539694,4.49
19061,45.6846754,5.07
49053,45.6487135,1e-6
18071,45.6380252,4.92
44097,45.631483,1e-6
1005,45.626057800000005,1e-6
43008,45.5763607,1e-6
44034,45.570699399999995,4.11
47048,45.566434099999995,1e-6
44246,45.5616085,1.55
43092,45.5267767,1e-6
47051,45.526646799999995,1e-6
19030,45.4866008,6.98
19025,45.4670767,1e-6
11108,45.4469089,9.19
42033,45.427209600000005,13.33
26041,45.421315899999996,1e-6
35019,45.4096846,1e-6
4023,45.3836958,2.79
37073,45.3798573,1e-6
18076,45.362524199999996,2.61
18070,45.3525631,1e-6
1061,45.3443162,4.21
26046,45.329686800000005,4.31
11041,45.3196923,1e-6
34075,45.289487099999995,1e-6
49013,45.2430479,3.37
44156,45.2070789,1e-6
44241,45.1661472,5.66
4003,45.1619808,1e-6
25044,45.1311509,1e-6
1059,45.085367399999996,1e-6
43057,45.0222568,1e-6
44121,45.003183299999996,1e-6
44022,44.9605004,1e-6
25001,44.9324934,2.74
11105,44.9283044,1e-6
10009,44.9138813,1e-6
44183,44.8672537,1e-6
11038,44.8457424,1e-6
47046,44.7915213,10.86
34070,44.7894458,1e-6
44079,44.782068,0.82
4052,44.6752254,1e-6
42024,44.6596663,1e-6
1064,44.6583311,1e-6
11154,44.614443,1e-6
49042,44.5771269,1e-6
42028,44.5472006,1e-6
32011,44.518880100000004,114.16
42020,44.5146732,1e-6
34025,44.4632618,4.68
18053,44.4351248,1e-6
18089,44.4287698,3.64
1058,44.421678,2.71
47067,44.4040386,1e-6
41001,44.3879108,1e-6
37061,44.3692486,1e-6
43043,44.3288974,1e-6
47070,44.2828886,4.09
42044,44.2787067,1e-6
21020,44.225587100000006,7.02
44233,44.186650900000004,1e-6
44129,44.1772859,3.03
43054,44.097898400000005,5.57
11147,44.0953342,6.7
19027,44.0935914,1e-6
16080,44.0861265,1e-6
4005,44.084238199999994,1e-6
49041,44.0507595,1e-6
10042,44.0381901,1e-6
18087,44.0300803,1e-6
42021,44.0279059,1e-6
47072,44.0267579,8.61
10027,43.9700453,4.05
44164,43.9674012,1e-6
41011,43.965379399999996,1e-6
10025,43.9623086,5.2
47094,43.9570407,2.42
44146,43.9546184,2.41
47063,43.9329044,1e-6
26084,43.9301161,7.02
37017,43.917356000000005,1e-6
34027,43.8850383,1e-6
14035,43.881071,23.61
19057,43.8771228,2.21
47023,43.8718276,1e-6
11051,43.8528232,11.32
11116,43.849828699999996,1e-6
11056,43.8482229,1e-6
44170,43.775839,0.89
43030,43.7620108,4.43
18115,43.7308101,10.28
44137,43.716775600000005,3.16
34077,43.6412863,1e-6
10062,43.6139004,1e-6
34028,43.5986034,1e-6
11006,43.5522024,1e-6
23043,43.5438244,1e-6
24044,43.4565179,1e-6
10014,43.445436199999996,6.91
21012,43.4217922,1e-6
19003,43.4049742,3.9
19059,43.398637,4.97
44112,43.2912235,5.01
28067,43.2613127,1e-6
34063,43.2436041,2.64
26033,43.204309200000004,1e-6
37008,43.1780605,1e-6
43064,43.1753592,1e-6
49010,43.1599943,2.01
4067,43.1416945,1e-6
6028,43.1351606,1e-6
43040,43.1045012,1e-6
25061,43.0608384,1.61
26108,43.0143253,1e-6
11085,42.9705755,1e-6
49046,42.963769899999996,7.07
19052,42.9483394,2.02
25041,42.9473476,1e-6
43074,42.9169361,1e-6
49003,42.8742163,1e-6
11064,42.8340046,1e-6
1009,42.779977800000005,2.76
19040,42.7692692,4.09
43022,42.7687625,1e-6
37071,42.737046899999996,1e-6
42012,42.7251069,1e-6
18044,42.7238171,1e-6
44222,42.7103214,1e-6
26105,42.69877,19.63
18075,42.6938264,11.43
43050,42.675405,1e-6
18117,42.6540808,1e-6
44094,42.6068668,4.88
44206,42.5837223,1e-6
43059,42.5717632,1e-6
26063,42.5131504,1e-6
1041,42.5123302,1.77
24001,42.4891226,1e-6
47024,42.4514715,1e-6
42018,42.4296133,1e-6
28049,42.407259200000006,1e-6
47036,42.3180751,6.49
18017,42.3145239,1e-6
42003,42.3036329,1e-6
10063,42.2769444,1e-6
43026,42.2738211,3.69
26005,42.2640435,1e-6
43066,42.2572569,1e-6
44063,42.2429792,1e-6
18040,42.1879904,1e-6
25038,42.177380799999995,1e-6
15013,42.1636979,1e-6
26053,42.1449487,1e-6
24078,42.1095638,1e-6
37067,42.074014399999996,8.76
44201,42.0513014,1e-6
28087,42.0457975,1e-6
47006,42.035794700000004,1e-6
47031,42.0329074,11.8
44047,42.022656600000005,1e-6
10004,42.010881100000006,1e-6
24011,41.9773726,6.3
49033,41.9204955,1e-6
14005,41.9091622,1e-6
49043,41.890196,1e-6
44045,41.8516557,1e-6
37048,41.8444197,1e-6
19032,41.8412344,1e-6
44167,41.8145923,36.44
43070,41.8081145,1e-6
44230,41.778127399999995,4.31
49021,41.7769222,1e-6
26065,41.7498533,1e-6
10054,41.7431347,1e-6
37034,41.7387335,1e-6
37050,41.6949825,1e-6
24037,41.6786139,1e-6
1002,41.6726129,1e-6
11058,41.6601042,1e-6
4016,41.6323905,1e-6
26015,41.6303579,1e-6
44199,41.5783636,8.89
44122,41.5544407,1e-6
44018,41.3831656,1e-6
35013,41.3660483,1e-6
42057,41.3547759,12.99
44196,41.344198399999996,1e-6
43003,41.3379113,1e-6
11078,41.3279395,9.01
47050,41.2999968,13.07
24041,41.2815837,1e-6
34081,41.247286,2.19
35015,41.175996500000004,1e-6
49050,41.1655323,1e-6
34026,41.1623399,0.86
1048,41.1392765,1.77
44161,41.1051385,3.15
47068,41.0818843,1e-6
16087,41.0450606,1e-6
44160,41.0220091,1e-6
26114,40.9789519,47.15
32027,40.9433381,1e-6
28014,40.9409539,1e-6
43083,40.937715000000004,1.27
34019,40.9298377,1e-6
11092,40.9126143,1.58
44234,40.8954672,4.28
43094,40.8830277,3.9
26020,40.8528034,1e-6
14044,40.8076803,1e-6
44055,40.7813696,1e-6
43010,40.7781116,1e-6
6036,40.7295208,1e-6
44078,40.7118086,1e-6
1023,40.6804292,1e-6
1062,40.673894100000005,1e-6
47033,40.657537399999995,3.63
44141,40.6338934,1e-6
11068,40.633302199999996,1e-6
47009,40.581586800000004,1e-6
26038,40.5813114,1e-6
1063,40.571122599999995,3.67
47057,40.5536787,1e-6
11007,40.526853,1e-6
28045,40.526232,1e-6
47117,40.516263699999996,2.3
16003,40.5060522,7.44
11141,40.5044035,2.22
11005,40.4683511,3.69
36066,40.4632585,1e-6
43045,40.4214184,1e-6
26071,40.4141287,1e-6
44138,40.410116099999996,1e-6
28070,40.371415999999996,1e-6
11008,40.3600173,1e-6
44250,40.2880268,1e-6
26031,40.2671329,1e-6
34067,40.2559332,4.35
42043,40.2503149,1e-6
42034,40.2421896,1e-6
47069,40.239896,1e-6
41010,40.2384512,4.69
34056,40.2165238,1e-6
41037,40.2164165,2.38
28002,40.2071743,1e-6
34090,40.1759009,1e-6
11107,40.1727001,1e-6
21024,40.1626293,4.52
11122,40.1504497,1e-6
18062,40.1319782,1e-6
44096,40.102918599999995,1e-6
49048,40.0961248,1e-6
26069,40.0843601,1e-6
42062,40.0800113,14.52
26013,40.0016002,1e-6
11115,39.9950497,3.39
11028,39.991902499999995,1e-6
20015,39.9709754,1e-6
44042,39.9658029,1e-6
44048,39.937013799999995,1e-6
41030,39.9166088,2.24
47022,39.8868422,1e-6
11127,39.8856525,5.4
14083,39.867181,4.88
18114,39.8627715,1e-6
25018,39.820882499999996,3.59
44010,39.7618155,1e-6
34023,39.7325532,5.41
26006,39.7072117,1e-6
10051,39.6822493,4.45
49028,39.6818785,1e-6
26106,39.6440451,1e-6
11071,39.623334799999995,6.01
10049,39.6132175,1e-6
44021,39.5568637,1.66
24015,39.5510082,1e-6
16045,39.5300428,10.81
44154,39.516546000000005,1e-6
18021,39.515237,1e-6
18094,39.4643073,1e-6
25034,39.4230442,14.68
21010,39.4124429,4.38
4004,39.4063274,3.4
41044,39.3921296,3.66
18052,39.3799798,1e-6
49055,39.3793122,5.3
19060,39.3727283,1e-6
44070,39.3493323,3.81
34085,39.322442200000005,1e-6
35041,39.318216299999996,1e-6
44120,39.2198126,1e-6
44054,39.1538875,11.55
42022,39.1484015,1e-6
42037,39.143835700000004,1e-6
10034,39.0968077,1e-6
42067,39.093558,1e-6
43095,39.0873591,8.42
24004,39.0492599,3.86
44067,39.0252559,1e-6
18113,39.0152065,6.84
4026,39.002720499999995,6.15
26021,39.001599999999996,1e-6
3011,38.9958636,2.22
36053,38.9870731,1e-6
41046,38.984956,1.06
34088,38.9843313,1e-6
44135,38.973409399999994,1e-6
37044,38.9706389,1e-6
18004,38.9699118,1e-6
28082,38.944169699999996,1e-6
18090,38.9275233,1e-6
18009,38.9249246,6.05
18024,38.890721,1.67
11022,38.8723962,5.8
24049,38.8722174,1e-6
32016,38.8586871,1e-6
44019,38.8488357,1e-6
37056,38.8107364,6.53
37041,38.7963645,4.54
44099,38.7901084,1e-6
42025,38.7897245,1e-6
49023,38.7879269,1e-6
37051,38.781511,1e-6
47030,38.7544791,1e-6
10022,38.7305324,1e-6
6053,38.7286274,10.01
16027,38.682832,1e-6
16093,38.672758800000004,1e-6
44044,38.66244,1e-6
24087,38.6582891,1e-6
32006,38.642508199999995,1e-6
35017,38.5905354,1e-6
42029,38.5879271,1e-6
26008,38.5516064,1e-6
14033,38.5437862,1e-6
35003,38.533899,1e-6
43002,38.5169808,4.28
19037,38.4373824,4.67
10035,38.4075682,1.52
47130,38.3893148,1e-6
47035,38.3879225,1e-6
42045,38.274285,1e-6
26028,38.2162754,1e-6
44016,38.2094066,1e-6
37006,38.1943409,1e-6
43011,38.1931464,5.2
44153,38.172005799999994,1e-6
18020,38.158559,22.61
26062,38.1383006,1e-6
44195,38.1279628,1e-6
28084,38.1136648,1e-6
24026,38.0715649,1e-6
24029,38.0035679,1e-6
19051,37.992963,4.43
26066,37.9473822,1e-6
28047,37.889603799999996,1e-6
18057,37.8869526,1e-6
6013,37.816530900000004,1e-6
41029,37.787477200000005,4.13
26101,37.7628295,1e-6
18012,37.7475039,1e-6
32002,37.7105109,1e-6
43086,37.6908319,1e-6
34053,37.6705305,6.5
37042,37.669328899999996,1e-6
18108,37.6547138,1e-6
11069,37.6020829,1e-6
44115,37.591597300000004,1e-6
26074,37.5815908,1e-6
41040,37.5414173,2.89
17066,37.5085656,10.71
43060,37.4912898,1e-6
10045,37.4202363,6.66
28006,37.4160401,1e-6
17016,37.3916451,1e-6
17101,37.386125799999995,1e-6
27043,37.3726909,9.14
35028,37.3610942,1e-6
28031,37.3570649,33.01
28063,37.3518722,1e-6
16074,37.3355691,9.25
44050,37.297460300000004,1e-6
18011,37.289284900000006,1e-6
19023,37.2764651,4.58
21005,37.266141600000005,3.27
11048,37.254399500000005,3.76
18054,37.2490017,2.54
28054,37.2385685,1e-6
43006,37.227994599999995,1.7
17010,37.226118299999996,1e-6
17025,37.195498199999996,1e-6
37049,37.174906,1e-6
11148,37.1732871,8.72
4030,37.151047399999996,4.55
44225,37.1491758,1e-6
45016,37.1426336,1e-6
26076,37.1423785,1e-6
10055,37.139117,1e-6
11121,37.124993,2.04
26022,37.0914928,5.21
18045,37.0730106,1e-6
23040,37.051622099999996,10.67
44104,37.0459692,1e-6
18072,37.0165269,29.31
44200,37.003247,1e-6
20002,36.990277,1e-6
50007,36.9661586,10.93
34016,36.953953899999995,1e-6
18084,36.9131152,1e-6
16028,36.912881600000006,5.37
44069,36.899995000000004,1e-6
47010,36.877753,3.17
44172,36.8755047,7.94
28052,36.8369619,1e-6
26068,36.829868999999995,1e-6
46007,36.8258111,1e-6
37018,36.8161647,1e-6
11027,36.7997615,4.98
45012,36.793450500000006,1e-6
1051,36.7581646,5.04
44178,36.7385618,1.13
21018,36.734341799999996,1e-6
25025,36.701113400000004,2.23
49019,36.6938345,1e-6
32014,36.6828792,1e-6
18109,36.678640099999996,1e-6
34055,36.6738598,1e-6
18081,36.6588871,1e-6
37022,36.6406719,1e-6
26052,36.624104200000005,22.27
42026,36.6204159,1e-6
24075,36.614102599999995,1e-6
4070,36.604897199999996,1e-6
44025,36.585447,1e-6
44168,36.561486,12.52
44023,36.5554134,1e-6
39029,36.5550487,8.54
26059,36.546866099999995,8.14
32004,36.5334599,1e-6
43075,36.5062205,1e-6
47086,36.4982931,1e-6
45014,36.4943711,1e-6
26079,36.4897506,7.18
1052,36.462969,3.7
27018,36.447278700000005,18.25
24003,36.444081499999996,1e-6
43063,36.426026099999994,1e-6
34065,36.4234106,4.54
37066,36.408414099999995,2.45
26032,36.3895576,1e-6
28012,36.3770263,1e-6
42042,36.376733,1e-6
16004,36.375970099999996,1e-6
11047,36.343023,4.91
50001,36.3361756,1e-6
44140,36.3138978,1e-6
47003,36.301080400000004,1e-6
18039,36.2773578,1e-6
24047,36.2229053,1e-6
28005,36.2023179,1e-6
41042,36.2015478,2.85
28088,36.1884276,1e-6
23065,36.1658422,7.67
41024,36.1426751,3.99
44116,36.1317412,4.67
24080,36.125387399999994,7.95
34086,36.1076872,2.04
44150,36.06198,1e-6
19028,36.0405867,1.49
42041,36.0327212,1e-6
44169,36.021177,1e-6
43053,35.9869592,4.42
26070,35.977586900000006,1e-6
35025,35.960535199999995,1e-6
44235,35.929216600000004,1.59
47081,35.914828,1e-6
35031,35.9023301,1e-6
44004,35.8829467,1e-6
24076,35.877286600000005,1e-6
11110,35.8655326,12.01
10010,35.8406846,1e-6
3005,35.832242199999996,4.53
26040,35.830170300000006,1e-6
1028,35.8283488,1e-6
44173,35.771328600000004,73.53
47077,35.7649295,22.11
44072,35.7594816,1e-6
3012,35.749940099999996,4.71
43073,35.7371203,1e-6
45028,35.7197849,1e-6
27055,35.7069675,1e-6
19029,35.691846999999996,1.23
50060,35.6823508,1.15
43090,35.6710331,1e-6
28064,35.6708209,1e-6
26058,35.6554811,1e-6
26017,35.65046,1e-6
26044,35.6261198,1e-6
10026,35.6257407,1e-6
26045,35.623595,1e-6
36038,35.617467600000005,3.05
34014,35.6003515,1.68
44134,35.5927913,1e-6
42019,35.5831973,1e-6
16060,35.5597274,8.45
16039,35.5460755,1e-6
44059,35.5388538,1e-6
26082,35.4694907,6.48
37065,35.4679577,1e-6
28085,35.4618971,1e-6
19009,35.4602186,3.49
37058,35.4382865,1e-6
37029,35.4025595,1e-6
26061,35.3619329,7.97
50057,35.3541843,5.37
36027,35.332295099999996,1e-6
1017,35.3282229,1e-6
10028,35.322310200000004,6.73
35029,35.3191154,1e-6
37028,35.314022699999995,1e-6
16022,35.3039829,5.42
1039,35.301705999999996,6.04
43032,35.252408200000005,1e-6
24061,35.2302258,1e-6
18018,35.1929061,1e-6
41004,35.1869337,6.25
47118,35.1802914,1e-6
32009,35.1604168,1e-6
37038,35.120763,1e-6
45020,35.075082,6.61
16089,35.0349514,1e-6
11029,35.019642499999996,6.08
32020,35.0195329,10.17
44058,34.99211,1e-6
37059,34.9727003,8.62
44003,34.9658839,6.83
42050,34.9353735,1e-6
37010,34.9292271,2.76
44130,34.9102418,1e-6
34002,34.898106299999995,1e-6
43016,34.8978202,1e-6
47012,34.8939673,5.34
37062,34.8790447,4.2
44100,34.8689715,2.68
16083,34.8049609,1e-6
47109,34.7925465,1e-6
3003,34.777127899999996,2.76
44015,34.7634952,2.22
36036,34.7493331,1e-6
26023,34.745988100000005,1e-6
36056,34.7398011,1e-6
10023,34.7053115,1e-6
4072,34.6711413,2.69
27003,34.653558000000004,1e-6
34068,34.6419994,1e-6
24059,34.6375172,1e-6
27002,34.6207778,1e-6
26001,34.6143286,1e-6
6014,34.607991399999996,1e-6
14064,34.605829,8.46
18025,34.5919125,1e-6
37019,34.5753996,3.81
42038,34.531037,1e-6
24021,34.4936912,1e-6
41002,34.4689385,4.18
26100,34.452912000000005,1e-6
24039,34.452253999999996,1e-6
49018,34.4436996,1e-6
29009,34.4211523,1e-6
50058,34.4124548,1e-6
11020,34.401203800000005,7.62
19055,34.399554,5.12
28061,34.398202100000006,12.35
24064,34.381582,11.79
10001,34.3388431,2.92
24032,34.3202607,1e-6
24058,34.3112247,6.01
44065,34.3034045,1e-6
21006,34.2970531,5.21
23057,34.283994899999996,11.49
28080,34.277607599999996,1e-6
18112,34.275793300000004,17.39
16001,34.2472856,1e-6
44076,34.2390148,1e-6
45019,34.224537999999995,1e-6
24068,34.2048399,8.64
44086,34.2032115,1e-6
26103,34.2019026,1e-6
14075,34.18667,12.98
44029,34.1748302,1e-6
28036,34.144353100000004,1e-6
18042,34.101557,3.9
27044,34.0817897,1e-6
11126,34.0780704,1e-6
1008,34.064680800000005,3.06
13017,34.0352146,1e-6
44111,34.0318815,1e-6
16005,34.006196700000004,1e-6
47100,33.999997799999996,1e-6
26055,33.9772503,4.31
34099,33.9640324,1e-6
34079,33.9552896,1e-6
26007,33.9247577,1e-6
42059,33.901745500000004,1e-6
26003,33.8865487,1e-6
19012,33.8849394,11.72
34030,33.8789765,4.85
47002,33.8574879,1.94
18105,33.7966506,1e-6
17007,33.7580053,1e-6
16067,33.7492053,1e-6
34045,33.744692,4.66
18003,33.7338798,1e-6
50004,33.7051455,1e-6
44014,33.7047903,4.46
26085,33.6400287,1e-6
35012,33.6384527,1e-6
47088,33.6384146,1e-6
24051,33.5943477,1e-6
44043,33.589739,1.48
37026,33.5604636,3.03
18051,33.5579936,1e-6
44027,33.5430614,1e-6
18049,33.5366981,1e-6
44038,33.5135047,1e-6
26042,33.5078518,6.57
36040,33.5053508,3.63
50027,33.4757368,1e-6
39031,33.4534089,1e-6
50050,33.4437243,2.15
28021,33.441502299999996,1e-6
10059,33.422815,1.39
21019,33.4060184,1.7
23005,33.3996026,1e-6
41032,33.3990256,2.37
19045,33.369929,2.68
47053,33.3416955,1e-6
19038,33.3392541,1e-6
26109,33.314720799999996,1e-6
37005,33.314294100000005,1e-6
39026,33.3076422,3.02
23060,33.3058707,1e-6
47085,33.3012454,11.01
16096,33.2915322,1e-6
44035,33.276345,1e-6
17045,33.2455699,1e-6
19008,33.2258288,2.57
11145,33.2207767,4.66
25024,33.2167832,4.24
15024,33.2096426,1e-6
45017,33.1821148,1e-6
47005,33.147694300000005,13.13
50012,33.1401412,1e-6
49027,33.1273429,4.37
35007,33.1147282,1e-6
47060,33.0859534,2.2
6015,33.0849664,1e-6
44218,33.0120723,1e-6
35030,33.0088894,1e-6
35011,32.9982726,1e-6
43079,32.9788558,2.62
28020,32.976986600000004,9.44
28019,32.9664962,1e-6
27019,32.9406373,1e-6
18047,32.9386966,1e-6
32031,32.9362361,1e-6
16020,32.933751799999996,1e-6
14040,32.921952399999995,1e-6
44182,32.8733031,5.02
24065,32.8506867,5.82
24056,32.8417603,1e-6
46008,32.8191964,6.87
36061,32.7966849,1e-6
44030,32.776929599999995,1e-6
16002,32.770261,1e-6
50025,32.7691619,16.55
49037,32.7609603,1e-6
39056,32.749623500000006,1e-6
5002,32.7143638,136.05
47034,32.6993505,1e-6
21015,32.6895039,1e-6
17090,32.6871125,1e-6
27028,32.6527349,1e-6
50021,32.639455,1e-6
44212,32.6304833,1.87
44095,32.6139776,2.74
50069,32.6079146,1e-6
23045,32.601510700000006,1e-6
26081,32.5832049,1e-6
17006,32.5655429,1e-6
50052,32.5622694,0.63
23016,32.5621383,1e-6
50062,32.5469534,4.37
42055,32.5290744,1e-6
18106,32.512711700000004,1e-6
28029,32.512685499999996,1e-6
28091,32.5095384,1e-6
16072,32.5025694,1e-6
17079,32.4816482,1e-6
44009,32.4750273,1e-6
35021,32.4420325,1e-6
17104,32.413472399999996,1e-6
43005,32.398843,1.66
15059,32.3953716,1e-6
36005,32.3917596,5.25
37063,32.385484399999996,2.25
32026,32.3535673,1.52
10056,32.3262231,1e-6
26002,32.2776501,1e-6
50019,32.268425699999995,1e-6
34049,32.263905199999996,1.39
37053,32.263821799999995,1e-6
14085,32.2592942,1e-6
37033,32.2485988,1e-6
18096,32.2459738,1e-6
44046,32.1216552,1e-6
35052,32.1190969,1e-6
28026,32.1161859,1e-6
10041,32.1028201,1.19
47047,32.0958607,1e-6
35023,32.0684878,1e-6
45008,32.0657627,1e-6
35014,32.0229213,1e-6
27017,32.021066399999995,1e-6
1049,31.984106699999998,2.11
24053,31.9809501,1e-6
32007,31.9651262,2.23
14024,31.959191999999998,1e-6
26037,31.957260799999997,1e-6
26073,31.9493,3.04
21021,31.947151899999998,1e-6
6019,31.913003200000002,1e-6
17099,31.8950908,19.35
35039,31.8871252,1e-6
11011,31.860095700000002,1.47
14028,31.8155066,1e-6
28018,31.7950789,1e-6
44244,31.7939035,1e-6
36008,31.779579400000003,1e-6
15074,31.7626659,1e-6
17050,31.7568795,1e-6
47116,31.7334859,2.34
10037,31.731423600000003,1.81
11067,31.7185227,2
11155,31.709205299999997,9.61
26025,31.700207400000004,1e-6
14086,31.695162500000002,1e-6
24012,31.6910712,1e-6
35045,31.6838901,1e-6
13030,31.666857399999998,1e-6
17064,31.649319399999996,1e-6
44036,31.620487400000002,12.17
34092,31.610953000000002,1.29
17059,31.6107957,1e-6
47082,31.6045825,4.89
37025,31.5976684,4.49
34044,31.583198699999997,5.49
28030,31.5822212,1e-6
42005,31.5603892,1e-6
23007,31.5593307,1e-6
11063,31.537081399999998,4.1
17092,31.5236156,1e-6
32012,31.517817199999996,1e-6
47044,31.513051199999996,6.72
20008,31.4773027,1e-6
34011,31.4660232,1.63
47016,31.4647858,2.93
44110,31.463467299999998,1e-6
34012,31.4600913,1e-6
47119,31.438528700000003,1e-6
23018,31.4292042,1e-6
44133,31.423079199999997,1e-6
14018,31.4123098,1e-6
10047,31.4016621,1e-6
15072,31.3888638,5.05
16088,31.3828723,1e-6
24042,31.3825004,9.46
16041,31.344372500000002,8.5
24023,31.3427131,1e-6
35010,31.304964299999998,1e-6
45009,31.299518799999998,1e-6
16018,31.283292000000003,1e-6
19036,31.250209,2.49
44127,31.2336175,1e-6
44040,31.195561100000003,1e-6
16084,31.161677100000002,1e-6
10053,31.1594622,1.6
4066,31.1488215,2.35
17001,31.126035899999998,1e-6
11025,31.084179099999997,2.28
15063,31.0611407,1e-6
16019,31.049663300000002,1e-6
18041,31.0433332,1e-6
16024,31.027557099999996,1e-6
32032,30.952998799999996,1.73
10011,30.9504573,7.8
28075,30.950338100000003,1e-6
26056,30.9213464,1e-6
35034,30.890628500000002,1e-6
44155,30.880743700000004,2.28
16030,30.8746593,8.79
17054,30.8732693,1e-6
28058,30.8700435,1e-6
5016,30.865256000000002,2.76
23032,30.856825500000003,3.05
24083,30.846892999999998,1e-6
1037,30.8424823,1.48
23042,30.773925000000002,1e-6
17043,30.773090600000003,1e-6
10003,30.750757899999996,1.18
35035,30.746685699999997,1e-6
27040,30.7227342,1e-6
24017,30.699331,8.04
6005,30.6976048,1e-6
44207,30.6735889,1e-6
49029,30.672051099999997,1e-6
46001,30.644754600000002,1e-6
50054,30.632473700000002,0.78
36024,30.629483899999997,1e-6
44092,30.6263725,1e-6
46006,30.6251804,3
44077,30.6141774,1e-6
14031,30.610043199999996,7.03
24033,30.595051499999997,1e-6
26088,30.580868,1e-6
10031,30.5722157,1e-6
16055,30.5655853,1e-6
16036,30.5472629,1e-6
50034,30.534831699999998,1e-6
10057,30.5170266,1e-6
27024,30.513760299999998,1e-6
24072,30.507163199999997,1e-6
33017,30.5043427,2.49
11146,30.4836838,2
20014,30.4811279,1e-6
28033,30.4699485,1e-6
14003,30.4699437,1e-6
23077,30.4663531,13.08
44091,30.4600231,2.89
10036,30.457813,4.18
15088,30.435897499999996,1e-6
23020,30.4099409,13.34
34084,30.405248800000003,1e-6
16075,30.3582184,1e-6
11106,30.3467338,2.64
23068,30.3420631,1e-6
42010,30.314799999999998,1e-6
18120,30.312437199999998,6.26
16059,30.309929099999998,1e-6
17011,30.301088500000002,1e-6
39034,30.2665846,1e-6
26057,30.227133499999997,5.51
15060,30.2159039,7.38
28074,30.209175799999997,1e-6
46010,30.1858036,4.75
16066,30.184547099999996,1e-6
47123,30.166107800000002,1e-6
44226,30.1376192,2.92
47008,30.1006929,3.37
16026,30.088762499999998,1e-6
28011,30.083765200000002,1e-6
50010,30.067216600000002,1e-6
36073,30.0484221,4.01
36058,29.9983613,7.91
27010,29.9935596,1e-6
13044,29.980916200000003,1e-6
39066,29.919409,1e-6
10064,29.9173681,2.65
6002,29.9112145,1e-6
6045,29.907716899999997,1e-6
23067,29.9001758,1e-6
15051,29.898215999999998,1e-6
27041,29.8595731,1e-6
24005,29.8385112,4.17
49040,29.8185102,1e-6
24048,29.807953100000002,1e-6
44049,29.803685400000003,1e-6
15028,29.803024999999998,1e-6
14012,29.7846739,1e-6
41039,29.7699992,1e-6
28032,29.761347,1e-6
6020,29.734863499999996,1e-6
44132,29.734684700000003,1e-6
49031,29.7324435,1e-6
32024,29.7198479,1.18
41023,29.7009389,2.07
50063,29.700028099999997,1e-6
50022,29.6966402,1e-6
44249,29.696375600000003,1e-6
5020,29.6730034,1.85
14087,29.671699200000003,1e-6
24022,29.6671788,1e-6
42052,29.653326699999997,1e-6
50017,29.6270482,1e-6
39030,29.6220891,1e-6
14096,29.6111457,1e-6
18079,29.6096079,1e-6
44186,29.5575635,1e-6
39005,29.5461003,1e-6
47114,29.543768599999996,1e-6
17017,29.5428841,1e-6
23006,29.527951899999998,1e-6
18082,29.5252101,3.86
26094,29.5247952,5.8
28009,29.5183126,28.8
28042,29.515349099999998,1e-6
44071,29.5065658,2
34032,29.496061,0.86
14091,29.4940273,1e-6
6056,29.4690554,1e-6
11057,29.4432323,1e-6
43047,29.4298236,0.42
16043,29.401137100000003,1e-6
28043,29.4007413,1e-6
24073,29.398869700000002,3.14
1045,29.3930952,2.85
16049,29.3875854,4.79
6050,29.3853418,1e-6
37047,29.372317,1e-6
16068,29.351155000000002,13.4
23001,29.3457834,1e-6
17070,29.341932999999997,1e-6
34036,29.3321316,2.66
29006,29.3259232,1e-6
24031,29.3188684,1e-6
44227,29.310774000000002,1.89
35037,29.3049304,1e-6
26049,29.2981188,9.89
43082,29.293553100000004,1e-6
23048,29.2900269,1e-6
23049,29.269425100000003,11.73
28072,29.268202,1e-6
16053,29.2589561,1e-6
26027,29.241520599999998,8.97
23031,29.237055,1e-6
16054,29.2281501,1e-6
3004,29.2198889,1e-6
15062,29.2167251,5.92
21009,29.1884105,2.71
12001,29.1685431,2.55
18015,29.1579978,1e-6
24028,29.151767899999996,1e-6
45027,29.147941300000003,3.74
4063,29.1231267,1e-6
11060,29.118384600000002,2.08
17071,29.1124408,1e-6
17035,29.1108148,1e-6
26051,29.0710132,3.66
17002,29.062832999999998,1e-6
16073,29.053513199999998,6.9
24054,29.019219099999997,1e-6
6006,28.9783732,1e-6
50046,28.975638599999996,1.64
23055,28.9582316,1e-6
44184,28.9413278,1e-6
23054,28.928694,1e-6
44217,28.922313900000002,1e-6
36037,28.9192335,1e-6
35027,28.902606199999997,1e-6
50042,28.8966267,3.26
47121,28.894171,1e-6
42061,28.893698899999997,1e-6
47101,28.8879673,0.94
15044,28.8514797,1e-6
50065,28.813347099999998,1e-6
14073,28.812875,1e-6
16047,28.7924067,1e-6
44012,28.7757484,30.28
17022,28.752125899999996,1e-6
14026,28.737954300000002,1e-6
28090,28.7363641,15.12
28076,28.735808600000002,10.67
17009,28.721763300000003,1e-6
15078,28.718177499999996,1e-6
42066,28.7088744,1e-6
28092,28.7022583,1e-6
42053,28.6545436,1e-6
28086,28.653814,1e-6
44223,28.6379902,6.82
14023,28.6215441,5.71
47074,28.5969297,1.69
15061,28.5937826,14.49
20005,28.591982599999998,1e-6
17024,28.5843246,32.06
17067,28.5576837,1e-6
37060,28.5490386,2.66
50006,28.536035300000002,1e-6
46009,28.5206429,1e-6
28065,28.5072653,1e-6
24084,28.5069625,1e-6
34080,28.5020654,2.64
28048,28.486813700000003,29.46
16065,28.4798591,1e-6
32005,28.479138999999996,1e-6
4060,28.4769241,2
24040,28.462142200000002,1e-6
14039,28.4619395,5.35
36044,28.450202200000003,1.72
16061,28.4371535,1e-6
17102,28.4340326,1e-6
23002,28.3762853,1e-6
16033,28.371571699999997,4.57
5054,28.371536000000003,4.91
14097,28.3643405,1e-6
37075,28.335506199999998,8.9
17068,28.321627799999998,1e-6
28078,28.3025209,1e-6
43033,28.288709400000002,0.43
10043,28.279499200000004,2.83
17103,28.277141300000004,1e-6
26080,28.2683436,7.2
42063,28.2638995,1e-6
14100,28.246697599999997,1e-6
18030,28.244363500000002,3.85
24045,28.2285397,1e-6
37057,28.2242934,3.29
42013,28.206202200000003,1e-6
45007,28.191639600000002,1e-6
37052,28.186928500000004,1e-6
16076,28.1764738,1e-6
17019,28.161226900000003,1e-6
47106,28.1224315,1e-6
26087,28.1153457,1e-6
47049,28.070317900000003,10.76
42039,28.0664103,1e-6
36064,28.055722,1e-6
47042,28.049167800000003,4.87
10029,27.957031,1.35
17075,27.8771536,1e-6
15065,27.851728599999998,4.39
20007,27.8410785,1e-6
50061,27.838751499999997,1e-6
18010,27.811452599999996,1e-6
14007,27.7676455,1e-6
50033,27.7569,1e-6
16037,27.755595900000003,1e-6
34029,27.753428600000003,1e-6
50002,27.7430789,1e-6
50029,27.7406494,1e-6
27049,27.7381198,1e-6
14041,27.7352445,6.67
32022,27.7251307,1e-6
26098,27.672437900000002,5.36
10050,27.659107900000002,2.01
15014,27.6511995,1e-6
8003,27.6415507,1.28
34076,27.618653,1.31
39053,27.6152293,1e-6
27006,27.5921123,1e-6
49052,27.5654666,1e-6
16015,27.560076,1e-6
25030,27.5448291,2.46
10017,27.5339405,2.98
18093,27.524284599999998,1e-6
43001,27.523113900000002,3.75
13019,27.5137274,1e-6
19010,27.48614,1.3
26054,27.4720113,1e-6
47103,27.4681632,1e-6
14013,27.464639400000003,1e-6
13041,27.464608400000003,1e-6
18073,27.450641799999996,4.07
27036,27.4483745,1e-6
24008,27.399503400000004,1e-6
28034,27.3872106,10.93
14051,27.3871319,1e-6
49002,27.3731677,2.5
39057,27.3584334,1e-6
14061,27.354780899999998,1e-6
23024,27.3305575,1e-6
44219,27.3194353,1e-6
44017,27.3015992,1e-6
21023,27.2620837,1e-6
35020,27.2614018,1e-6
37037,27.2558109,1e-6
26014,27.2419898,1e-6
15087,27.2379653,1e-6
26016,27.193230800000002,2.4
16010,27.192970900000002,8.76
26064,27.190098000000003,12.63
16016,27.175268400000004,1e-6
15075,27.1735255,1e-6
28010,27.141729999999995,3.66
6042,27.1238105,12.83
15066,27.1149365,1e-6
17030,27.0962612,1e-6
42014,27.076870600000003,1e-6
36033,27.076718,3.55
37002,27.0759432,21.2
28066,27.0492665,1e-6
46003,27.049047199999997,1e-6
24020,27.0349447,1e-6
27029,27.0333664,1e-6
23069,27.031778499999998,1e-6
34013,27.012380800000003,4.3
39017,26.956438300000002,1.37
42007,26.956021000000003,1e-6
16069,26.928436,1e-6
37023,26.9219653,1e-6
15077,26.9033448,1e-6
50039,26.8943636,1e-6
24034,26.884412,1e-6
50003,26.8188779,6.21
11076,26.8144743,2.66
44242,26.809150399999996,1e-6
23072,26.7853086,1e-6
33048,26.781615399999996,4.14
37020,26.771928499999998,1e-6
35001,26.7586629,1e-6
15081,26.7338244,1e-6
17013,26.7020766,1e-6
24063,26.6926424,1e-6
49017,26.6921751,1.56
14036,26.6731374,1e-6
16086,26.6704409,1e-6
14068,26.644121799999997,3.82
36034,26.634878299999997,1e-6
39033,26.6273252,5.14
14066,26.616965999999998,1e-6
17063,26.5834586,1e-6
5024,26.5834372,1e-6
17031,26.575083,4.18
15007,26.5729038,1e-6
17069,26.561109300000002,1e-6
33025,26.549267,4.18
14009,26.5372436,1e-6
23010,26.5280764,11.52
35032,26.494814599999998,26.41
37076,26.479613,1e-6
27042,26.469702,1e-6
14080,26.438309399999998,1e-6
47093,26.4366667,1e-6
16062,26.4360969,1e-6
16012,26.4299695,1e-6
47076,26.420988299999998,22.16
15016,26.417457300000002,4.26
42035,26.4166944,1e-6
16079,26.398538799999997,1e-6
35016,26.3794796,1e-6
17015,26.3679997,1e-6
19017,26.3605611,2.51
24035,26.334110900000002,1e-6
16014,26.322361700000002,1e-6
28037,26.319507800000004,1e-6
24046,26.3124411,1e-6
13024,26.308514300000002,1e-6
37009,26.286184000000002,1.89
10016,26.251804099999998,2.04
42002,26.2474315,6.36
6043,26.242927700000003,9.52
16048,26.236767,1e-6
39032,26.2293283,1.4
15069,26.2236897,1e-6
48033,26.2174766,1e-6
16081,26.217283400000003,1e-6
44053,26.2081758,1e-6
5013,26.1791889,3.24
26110,26.176726099999996,1e-6
35047,26.176566299999998,1e-6
47125,26.1588256,1e-6
44061,26.142219700000002,3.48
26097,26.1243169,7.67
15042,26.101004300000003,1e-6
23062,26.0964458,1e-6
47129,26.0615437,1e-6
44084,26.0499517,2.96
24086,26.044139100000002,1.76
35038,26.0208098,1e-6
24079,25.9957401,1e-6
42016,25.9889953,22.2
14034,25.9135501,1e-6
15039,25.911964599999997,1e-6
43019,25.9084956,1.4
17062,25.876998099999998,16.9
28015,25.860552,1e-6
23027,25.8588593,1e-6
47064,25.8578245,8.53
42027,25.845267,1e-6
17056,25.820750399999998,3.89
15031,25.813204499999998,1e-6
33016,25.800446700000002,1e-6
15026,25.7985727,3.72
37016,25.7972853,0.99
44056,25.7861106,1e-6
17044,25.7523577,1e-6
6063,25.742441799999998,1e-6
27022,25.7329432,1e-6
17053,25.7289569,1e-6
28062,25.719165,1e-6
44159,25.694348,1e-6
36084,25.688807200000003,3.65
13038,25.6858437,6.94
28035,25.6753175,1e-6
16092,25.668899299999996,5.94
26089,25.6346099,5.46
16011,25.629083299999998,1e-6
39011,25.627221300000002,1.98
11023,25.5999724,1e-6
10008,25.5957644,1e-6
44085,25.589105299999996,1e-6
39049,25.568150699999997,2.53
23035,25.557984500000003,1e-6
35044,25.5147974,1e-6
16071,25.4881255,1e-6
16021,25.446197199999997,1e-6
15004,25.4429643,1e-6
24081,25.4428498,1e-6
47111,25.424207900000003,1e-6
23066,25.422589000000002,1e-6
15058,25.4158251,1e-6
20013,25.415398300000003,1e-6
12005,25.412603999999998,3.48
26019,25.3964631,2.04
42017,25.359002800000003,1e-6
44185,25.354267800000002,8.19
20004,25.3426616,4.32
6046,25.3388445,1e-6
36030,25.3041427,1e-6
32003,25.3025882,1e-6
50056,25.2864329,1e-6
28023,25.2815501,1e-6
48028,25.2643744,1e-6
36014,25.221859600000002,6.64
23015,25.217999600000002,1e-6
28024,25.217293899999998,5.12
15040,25.2131836,1e-6
13011,25.1724617,1e-6
44177,25.170580599999997,1e-6
23071,25.1416127,1e-6
15086,25.1298658,12.36
44152,25.107247100000002,1.67
47122,25.095927,5.05
44126,25.0952546,1e-6
42046,25.092930000000003,1e-6
47115,25.0844852,1e-6
44215,25.054160800000002,25.94
30002,25.048090600000002,1e-6
16013,25.017437199999996,1e-6
27052,24.9813239,1e-6
36071,24.9699466,5.42
10044,24.9613635,1e-6
38023,24.959716,1e-6
17020,24.954342099999998,1e-6
17037,24.9471251,1e-6
47089,24.938048600000002,1e-6
28093,24.9344365,1e-6
6034,24.9234097,1e-6
3014,24.9098818,1e-6
6022,24.9033682,1e-6
14043,24.893404699999998,1e-6
44119,24.8906676,1e-6
3002,24.8722808,2.59
50048,24.8698871,3.78
5022,24.8572104,1e-6
24043,24.8494617,1e-6
28013,24.8477499,5.29
6062,24.8477356,1.98
42064,24.824823600000002,1e-6
50026,24.820575,1e-6
15047,24.8070995,2.66
16098,24.7968189,1e-6
17074,24.794608800000002,1e-6
42006,24.781252600000002,1e-6
40003,24.7581236,1e-6
37069,24.7343032,1e-6
36069,24.7195308,1e-6
48025,24.7003142,8.11
26004,24.6930067,1e-6
34060,24.6827666,1.17
14095,24.679953299999998,1e-6
17012,24.6729414,1e-6
3008,24.6640555,1e-6
16032,24.6531503,1e-6
34018,24.6321003,2.16
39050,24.616214499999998,1e-6
26096,24.6012132,3.49
16095,24.5940988,1e-6
20011,24.593278599999998,1e-6
24030,24.5930545,1e-6
26039,24.545573400000002,2.16
17014,24.5438973,1e-6
10052,24.5435397,2.07
15070,24.5358722,1e-6
23064,24.5167105,1e-6
39064,24.5161979,1e-6
47098,24.5158069,1e-6
27037,24.4701235,1e-6
6026,24.454600000000003,18.1
17072,24.43947,1e-6
39055,24.431483,3.59
44209,24.4193499,1e-6
14059,24.4178359,5.02
14079,24.4098894,1e-6
33002,24.4041626,2.27
50038,24.3901484,1e-6
36065,24.3591349,1e-6
22004,24.3507831,1e-6
24057,24.3365995,1e-6
13014,24.3160264,2.56
27004,24.2992465,1e-6
8001,24.2815439,3.4
16006,24.256419400000002,1e-6
24067,24.2485492,1e-6
47108,24.2445437,1e-6
49025,24.2407076,3.82
14008,24.2382018,6.27
16035,24.2174499,1e-6
39016,24.2124907,2.89
23076,24.208986,1e-6
50041,24.1973369,2.28
14014,24.195694200000002,1e-6
16058,24.175933999999998,1e-6
35002,24.156305,1e-6
49006,24.1542117,1e-6
14088,24.1274325,1e-6
39044,24.0926616,1e-6
13027,24.0812532,1e-6
10006,24.0566365,1.83
33031,24.051234,3.21
12004,24.0490715,1e-6
36011,24.0461318,1e-6
44039,24.026018800000003,1e-6
39054,24.025666,1.67
23026,24.02337,12.38
14055,24.0192286,1e-6
16038,24.0010373,1e-6
18034,23.9718954,1.9
46005,23.9361374,1e-6
14025,23.9280598,1e-6
17003,23.917381,1e-6
5010,23.9150111,2.71
51012,23.9015691,1e-6
45021,23.8899796,1e-6
45024,23.8673274,4
28016,23.858532099999998,1e-6
17033,23.8543384,1e-6
44216,23.8333766,1e-6
32008,23.8096253,4.58
27030,23.7786643,1e-6
24007,23.7495963,1e-6
28044,23.727289900000002,1e-6
27014,23.720106299999998,1e-6
44181,23.7146394,1.26
17060,23.6924617,1e-6
28071,23.6678211,1e-6
17032,23.6614434,1e-6
36016,23.659064,3.12
28041,23.6523406,1e-6
48039,23.5845534,2
15056,23.571593,1e-6
13037,23.5669796,1e-6
10058,23.5612003,2.17
49020,23.5515253,2.78
44118,23.5405604,1e-6
15011,23.539089399999998,1e-6
39003,23.522917500000002,7.85
50009,23.516124899999998,2.05
17061,23.5063402,1e-6
35036,23.4921519,9.08
15019,23.4849517,3.25
21011,23.468350599999997,1e-6
23083,23.466848600000002,1e-6
33010,23.460947700000002,1.47
15021,23.4571831,1e-6
28060,23.456167399999998,8.03
37030,23.4351031,1e-6
6008,23.4103529,1e-6
34001,23.3965747,1.25
23022,23.3904998,1e-6
33062,23.3897178,5.38
17098,23.3687989,1e-6
46011,23.366832000000002,2.09
23059,23.3661906,1e-6
24018,23.344728200000002,11.94
35006,23.3239047,25.89
15083,23.3187453,1e-6
39027,23.3174364,1e-6
36007,23.312732399999998,1.49
39008,23.3060519,1e-6
23021,23.30326,2.83
37024,23.2753388,1e-6
3013,23.269135199999997,2.31
28079,23.249737500000002,2.91
27005,23.2474224,1e-6
39040,23.244985800000002,1.6
44252,23.2429783,1e-6
33013,23.2291023,2.62
34041,23.2254855,3.91
14070,23.198074499999997,1e-6
39058,23.1976621,2.98
27046,23.1936948,1e-6
14011,23.1875484,3.21
21004,23.1677787,2.14
17100,23.1674282,1e-6
28081,23.1514637,1e-6
13009,23.140901799999998,1e-6
16063,23.140672900000002,1e-6
51002,23.1342499,8.7
33021,23.133816,1e-6
24085,23.1098167,1e-6
28068,23.08026,1e-6
10048,23.020529,1.95
28057,23.010451,1e-6
28089,23.0102245,1e-6
17093,23.005584900000002,1e-6
44083,22.9790751,1e-6
13021,22.943460199999997,1e-6
13020,22.9384677,1e-6
33039,22.9382507,2.35
34034,22.9342811,1.56
3006,22.9259388,7.59
17081,22.923371,1e-6
14094,22.8948109,1e-6
51007,22.8596179,5.74
50047,22.8226583,1e-6
38036,22.8023521,2.24
44020,22.8021256,2.07
23017,22.7987353,3.55
27013,22.7940528,1e-6
6054,22.786840599999998,1e-6
33045,22.7839081,1e-6
31001,22.7748935,1.33
17083,22.7615134,31.73
17026,22.7540843,1e-6
51008,22.739574100000002,1e-6
16009,22.7338855,1e-6
21022,22.7188246,2.25
48007,22.6772873,1e-6
15076,22.669397999999997,4.97
21001,22.668775699999998,1e-6
47113,22.659456,1e-6
6044,22.624117599999998,1e-6
5035,22.617058,1e-6
50068,22.5736491,0.8
14063,22.5717036,1e-6
48035,22.562577,1e-6
47128,22.5293509,1e-6
24066,22.5212805,1e-6
44148,22.5126783,1e-6
16034,22.5121753,1e-6
36046,22.4984233,5.76
44123,22.4858491,2.93
37027,22.454568599999998,1e-6
24070,22.452666,1e-6
16051,22.4475019,1e-6
13036,22.4317758,1e-6
24060,22.43174,1e-6
35050,22.4305551,7.73
50035,22.396127399999997,1e-6
11026,22.375356399999998,20.07
5050,22.3583381,1.79
42031,22.357470199999998,1e-6
5017,22.3278515,5.02
44151,22.3230283,1e-6
50049,22.3079841,1e-6
23037,22.302705500000002,1e-6
16044,22.2939817,1e-6
39059,22.290739300000002,2.75
10046,22.2899453,2.98
45026,22.2866456,1e-6
10013,22.278272299999998,2.34
35049,22.2559635,1e-6
47120,22.2484247,1e-6
36049,22.2265498,6.82
14017,22.2227447,1e-6
21008,22.198530899999998,1.81
33058,22.1899311,1e-6
44224,22.187980800000002,1e-6
9001,22.1780817,2.39
13005,22.1668117,1e-6
27035,22.1625702,1e-6
28040,22.1597616,1e-6
26036,22.150472800000003,1.53
24024,22.1411197,3.29
39052,22.1382682,1e-6
17051,22.1263878,1e-6
16046,22.0675413,1e-6
16042,22.0560758,1e-6
27023,22.0505969,1e-6
5006,22.0475165,9.15
31005,22.0382802,1e-6
13008,21.944533999999997,1e-6
28051,21.8953125,1e-6
50015,21.8933098,1e-6
17021,21.8397109,1e-6
26010,21.8328635,1.53
27033,21.77864,1e-6
15037,21.770684000000003,4.35
14001,21.7641274,1e-6
36063,21.7635982,1e-6
15052,21.7437307,5.18
16040,21.741163,1e-6
28038,21.719748199999998,1e-6
17028,21.7178552,4.1
24025,21.6789357,1e-6
39014,21.668094800000002,1e-6
33057,21.6570799,2.04
18037,21.648477699999997,5.8
39013,21.6483895,4.92
44231,21.6440956,1e-6
14062,21.620764,1e-6
15008,21.6172187,11.83
17048,21.6088478,1e-6
15082,21.5950791,1e-6
23030,21.5928714,1e-6
51016,21.5845363,1e-6
13025,21.5740172,15.55
27054,21.5563695,1e-6
36054,21.5395324,2.64
23036,21.5359513,1e-6
14021,21.5352313,1e-6
17027,21.5200941,1e-6
17018,21.512803299999998,3.6
13033,21.499211,1e-6
29008,21.4943449,1e-6
17077,21.4940803,1e-6
28050,21.4939467,1e-6
39028,21.4915912,4.15
51006,21.4821021,1e-6
14042,21.480385499999997,1e-6
48010,21.478635500000003,1e-6
15084,21.4739863,2.39
20012,21.459233,1e-6
44101,21.449927499999998,2.21
50031,21.4477388,1e-6
5058,21.4078943,2.22
50043,21.3987128,4.09
14038,21.397017700000003,3.53
50011,21.3961164,1e-6
37036,21.376113099999998,1e-6
47126,21.3738315,4.68
39020,21.3346688,1.28
36010,21.3275878,1e-6
6032,21.3112084,1e-6
5015,21.3045017,1.95
48026,21.296669700000002,1e-6
27038,21.2713115,1e-6
17042,21.2258188,1e-6
20009,21.225318100000003,2.45
15025,21.210652999999997,6.08
35005,21.2073843,1e-6
48024,21.173054399999998,1e-6
6051,21.1715476,1e-6
44208,21.150109,1e-6
35053,21.1478989,1e-6
6060,21.1277835,1e-6
15036,21.0863797,3.05
13006,21.0753004,1e-6
39019,21.0703914,1e-6
15023,21.0672895,1e-6
14065,21.055371,1e-6
14006,21.040479400000002,3.01
6035,21.038531499999998,0.93
36060,21.0229866,1.35
23079,21.0135285,3.58
24013,21.0128276,1e-6
13022,21.0117714,1e-6
15022,20.9993021,3.75
48021,20.952161999999998,1e-6
37013,20.9498565,1e-6
3007,20.9298031,2.38
37014,20.9067671,1.87
32019,20.9063665,1e-6
44106,20.9027259,1e-6
31006,20.9003775,3.27
39007,20.8847706,0.89
44041,20.8690302,1e-6
44180,20.8644454,1e-6
27050,20.860158600000002,1e-6
20006,20.8427612,1.09
13004,20.841843299999997,1e-6
28056,20.8174579,1e-6
35048,20.8082454,1e-6
5044,20.799748100000002,0.81
24071,20.7986776,1e-6
44243,20.7922141,1
28069,20.765721,12.5
13023,20.7591431,1e-6
17004,20.7528369,1e-6
24052,20.7504313,1e-6
36088,20.713679,1e-6
23080,20.675691800000003,1.61
15033,20.6371276,2.05
35046,20.6192772,1e-6
36080,20.5961768,1e-6
45003,20.5889956,1e-6
14069,20.5828611,1e-6
14082,20.5805842,3.12
24010,20.567249500000003,1e-6
20010,20.5612819,3.53
50055,20.5570786,1e-6
37077,20.5524485,1e-6
17058,20.5350558,1e-6
20016,20.499212,2.53
27047,20.495917,2.87
39060,20.4927461,1e-6
49026,20.4851,2.76
14093,20.4729549,8.88
16008,20.4719154,1e-6
15068,20.4662101,3.7
44238,20.4502933,1e-6
36075,20.447463199999998,2.35
27001,20.4465167,1e-6
44221,20.434481299999998,2.2
28083,20.4296891,1e-6
17082,20.4172103,1e-6
6025,20.384876,1e-6
36019,20.3809802,1e-6
47080,20.3438322,1e-6
23014,20.3390567,6.77
14027,20.3338973,8.32
47124,20.3267161,1e-6
27009,20.3244798,1e-6
33053,20.3045742,2.06
6009,20.2996842,1e-6
14029,20.2881901,5.58
39035,20.280896900000002,1.79
50016,20.2776997,2.73
33023,20.2756707,3.63
3010,20.2339642,2
28046,20.2215664,1e-6
38005,20.1962797,1e-6
33049,20.1918952,1e-6
46004,20.1817505,2.13
14020,20.1797788,1e-6
39018,20.1731793,3.2
39045,20.1501719,2.04
47075,20.1346199,3.15
23052,20.1210253,1e-6
16056,20.1135294,1e-6
23028,20.0703399,2.29
17052,20.0556247,1.96
23074,20.0369851,1e-6
30005,20.0296108,2.17
27011,20.0197832,1e-6
49054,20.001599,3.73
16052,19.9978606,1.84
27053,19.9967854,8.73
27012,19.9807565,8.82
14015,19.9656765,2.85
44005,19.9628703,1e-6
45022,19.9476425,1e-6
6061,19.9327175,1e-6
44114,19.9305002,1e-6
50023,19.9238698,1e-6
38017,19.8951761,2.32
44220,19.8850433,3.54
23034,19.8842589,2.09
23029,19.8829381,1e-6
39001,19.8525946,1.75
28073,19.8438923,1e-6
28007,19.828440399999998,9.15
46012,19.8216669,4.53
45013,19.7909991,1e-6
15038,19.7780864,4.56
13026,19.7710411,1e-6
47112,19.7662251,1e-6
33051,19.7275321,1.13
46002,19.6862881,1e-6
51014,19.666349099999998,1e-6
5027,19.6596329,2.49
23044,19.6560113,1e-6
26026,19.6538918,1e-6
28022,19.6461884,1e-6
6039,19.569372400000002,3.16
19026,19.5550506,1.21
15091,19.5533006,1e-6
46013,19.5375793,1e-6
38021,19.5360915,1e-6
49035,19.510843,4.43
29012,19.506623,1e-6
14037,19.4984309,1e-6
5039,19.4889609,1.02
42009,19.4737331,1e-6
21007,19.4624774,3.84
16090,19.459873899999998,1e-6
38024,19.4539515,1.91
17086,19.4527857,1e-6
48019,19.4457643,1e-6
13016,19.438270799999998,1e-6
6057,19.3967335,1e-6
18056,19.3918101,2.19
33020,19.3758003,1e-6
36068,19.3661944,1e-6
13013,19.3633024,1e-6
48015,19.3631808,3.06
15067,19.3616001,1e-6
23012,19.358484,2.73
48002,19.3500106,1e-6
16025,19.3403809,1e-6
28027,19.3316309,1e-6
16099,19.2801253,1e-6
14092,19.2682235,1.2
20001,19.255317899999998,2.32
23051,19.245030099999997,1e-6
17091,19.2245643,43.7
13007,19.2144076,1e-6
37055,19.205455,1.26
38031,19.2016904,1e-6
47105,19.1793196,1e-6
5040,19.1769258,2.14
35008,19.1755001,4.25
5004,19.1699926,2.14
14052,19.1266243,3.3
6017,19.120001000000002,1e-6
15012,19.1093723,1e-6
36015,19.1091911,2
39041,19.101123,3.02
33027,19.0879814,3.43
14071,19.0657751,2.41
23053,19.0405743,1e-6
17073,19.027323,1e-6
24074,19.005555299999997,1e-6
30010,18.9930717,1e-6
13034,18.9700548,1e-6
32001,18.9656298,0.86
33005,18.9626019,5.16
36002,18.962435,1.96
50024,18.9377157,6.73
13042,18.9267056,2.11
46014,18.905739,1e-6
33009,18.8993303,1e-6
51010,18.8900988,1e-6
16070,18.8883059,2.65
5033,18.8872663,2.72
36021,18.8772337,1e-6
26011,18.8650171,1e-6
6058,18.861936800000002,1e-6
44057,18.8047068,2.51
45004,18.7480251,1e-6
39051,18.742994499999998,2.44
5011,18.738764999999997,1e-6
42023,18.7385504,1e-6
45011,18.722509600000002,5.45
15055,18.7133209,1e-6
44192,18.709167700000002,1e-6
28003,18.7044661,1e-6
29010,18.6812584,1e-6
14098,18.6783354,1.66
36059,18.6758034,3.88
39047,18.674234600000002,1e-6
44197,18.6635725,1e-6
28059,18.6612598,1e-6
15080,18.6530725,1e-6
37070,18.625854699999998,6.07
15010,18.6160557,1.21
15050,18.6048214,2.85
48016,18.596729500000002,1e-6
5049,18.5775511,2.27
15043,18.5606806,5.77
11031,18.556398599999998,1.35
39061,18.514847,3.64
16091,18.5090487,5.92
17023,18.4934132,1e-6
27045,18.493188999999997,1e-6
33038,18.4880535,1.89
50037,18.4842054,1
35051,18.482870300000002,1.74
27008,18.471574,1e-6
29017,18.4421675,1e-6
17057,18.3895962,1e-6
17038,18.3821432,1e-6
36079,18.3775608,1.41
33029,18.3682673,2.35
14074,18.3455841,1e-6
27016,18.3256475,1e-6
15006,18.325370999999997,1e-6
44033,18.3204262,1e-6
17055,18.319916,1e-6
38027,18.3154766,1e-6
13018,18.296427,1e-6
5051,18.293461,2.28
17096,18.2859985,5.11
17084,18.274235,1e-6
15053,18.2674925,1.61
39063,18.252796399999998,1.18
6049,18.2334082,1e-6
28001,18.2331936,1e-6
6037,18.2251827,1e-6
36042,18.2165567,5.41
33006,18.165382599999997,1.44
37072,18.1604235,1.05
5014,18.1566946,1e-6
51001,18.0952589,1e-6
48037,18.088936,1.25
15089,18.0805294,1e-6
17076,18.0741875,1e-6
44188,18.0549137,4.79
33018,18.0538218,2.08
13015,18.047689599999998,1e-6
21013,18.0358402,1.48
33011,18.0277769,6.35
17097,17.965983599999998,1e-6
24069,17.9571716,1.7
17094,17.9539816,1e-6
13028,17.953376,6.09
16097,17.9487841,1.12
51005,17.922090700000002,1e-6
14089,17.9110281,1e-6
17029,17.906445700000003,1e-6
5023,17.9059164,1e-6
15005,17.8355305,1e-6
6031,17.824568,1e-6
36081,17.8172295,3.8
15015,17.75762,3.23
5029,17.732033,3.17
22001,17.711085500000003,3.09
44068,17.6888077,2.82
29001,17.6602833,1e-6
36023,17.654599400000002,1.19
10005,17.6472656,1.01
36074,17.601560799999998,5.21
13039,17.5745289,1e-6
23004,17.5642864,1e-6
17078,17.558531,1e-6
39042,17.5233118,4.5
37004,17.4637501,1e-6
5052,17.460979700000003,6.73
14053,17.45562,6.1
31017,17.4169962,1.76
15073,17.4077932,5.25
36012,17.4019377,1e-6
38013,17.3909132,1e-6
33061,17.3765127,1e-6
31015,17.3679869,1.14
33037,17.3653166,1e-6
23047,17.3541634,1.11
16094,17.3538868,2.63
16050,17.3445312,1e-6
51022,17.2893135,11.62
15054,17.2734682,1e-6
22013,17.2725527,3.39
23008,17.2594015,1e-6
47110,17.2423594,1e-6
23075,17.228879199999998,1e-6
33046,17.214349900000002,0.7
50014,17.2001926,1e-6
6048,17.1884577,1e-6
33024,17.18563,2.52
33054,17.1707098,1e-6
5032,17.1556608,1e-6
38030,17.150596800000002,2.08
51017,17.133712000000003,1e-6
48011,17.1224968,3.07
15018,17.1133415,0.93
36086,17.111663099999998,2.97
33026,17.0739738,2.06
15035,17.0597641,3.2
17039,17.058037900000002,1e-6
23003,17.0292561,2.64
20003,17.0268003,0.58
17080,17.025026500000003,1e-6
27015,17.012829,2.26
33059,17.0078747,1.23
13035,16.9841902,3.54
33012,16.969994699999997,4.99
39065,16.9692842,0.64
11033,16.955246199999998,2.75
23019,16.942548,1e-6
38004,16.9336597,1e-6
36039,16.9330208,1.89
28025,16.9151823,1e-6
45001,16.9118778,1e-6
23046,16.8866579,1e-6
38001,16.8833868,1e-6
5036,16.870455,2.13
16078,16.8598835,1.26
14057,16.8417303,2.28
42049,16.8178455,1.08
15085,16.798390599999998,15.87
16031,16.7949526,1e-6
40004,16.7913668,1.16
27039,16.7874281,1e-6
19044,16.768922,1.74
36051,16.7674295,3.24
48005,16.765121699999998,5.39
26048,16.7611305,1.53
6040,16.7491714,1e-6
36004,16.7408268,3.17
44087,16.7390673,1e-6
47127,16.738809800000002,1.29
15009,16.7344992,1e-6
6021,16.726021,2.57
14078,16.7200701,1e-6
15057,16.6980879,1e-6
45025,16.6764204,1.38
17105,16.659917099999998,2.55
22003,16.654481099999998,0.76
33003,16.64102,3.42
38032,16.6387169,17.93
16023,16.614217,1.97
14010,16.6128628,1.69
36006,16.588854,2.55
5003,16.586236200000002,1e-6
16085,16.585649699999998,1e-6
36085,16.5840857,5.67
48027,16.5624325,2.59
27020,16.5412085,1e-6
6038,16.5141384,1e-6
44006,16.5129892,1e-6
38022,16.4986221,2.57
23082,16.494950499999998,1.94
16064,16.4898626,1e-6
15090,16.4737837,1e-6
48029,16.4202873,6.17
17008,16.4173119,1e-6
36041,16.4068167,2.68
48013,16.3885014,6.62
13002,16.3840811,1e-6
5048,16.3825838,1.5
42040,16.3824741,1e-6
27034,16.3729136,1e-6
50064,16.3678448,1e-6
6016,16.3666479,0.87
17040,16.3587276,1e-6
33022,16.355990600000002,1.73
6033,16.3173143,1e-6
33050,16.2976162,3.53
16017,16.28395,1e-6
48014,16.2793009,1e-6
42051,16.2779085,1e-6
21014,16.2469475,1
39025,16.2357323,3.23
17047,16.229109,1e-6
36083,16.217731699999998,4.39
26050,16.20912,4.29
15092,16.1990826,1e-6
38015,16.1976473,1.97
6018,16.1610977,9.4
51009,16.158804099999998,1e-6
5055,16.1430876,9.2
51015,16.1164944,1e-6
24016,16.0942738,1e-6
23073,16.0717432,2.23
17049,16.038712699999998,34.35
6047,16.0215561,1e-6
23058,16.0098307,0.75
32013,15.998348400000001,1.78
36031,15.9934275,1.34
29007,15.9603493,13.44
50032,15.9586613,1.45
18059,15.952986899999999,3.26
38014,15.9457724,1e-6
15003,15.939502,1.63
15017,15.9344761,3.14
39022,15.9310619,0.56
44165,15.930060600000001,2.74
36020,15.920862399999999,1e-6
27026,15.888695,1e-6
29014,15.8882992,1e-6
14054,15.8647816,4.2
39037,15.8551161,1e-6
48020,15.8375017,1e-6
44251,15.8309595,1e-6
38025,15.830587600000001,1e-6
48036,15.8175699,1e-6
50020,15.8058302,2.54
33056,15.7989733,3.16
24036,15.7972185,1e-6
33055,15.7613604,1e-6
14102,15.757164200000002,3.38
33007,15.756291599999999,0.82
37074,15.7490484,2.77
36003,15.733989900000001,2.54
36062,15.7307808,2.89
15027,15.7303755,2.72
33008,15.7252781,1e-6
42058,15.720586,1e-6
36032,15.719537,3.37
27027,15.7057325,1e-6
22010,15.7012598,1e-6
39010,15.6924812,0.81
31021,15.6779615,1.44
36017,15.6632416,2.13
33042,15.6605141,1.56
33036,15.6155912,2.57
17089,15.6115429,5.52
14084,15.6024687,2.76
24014,15.597562000000002,1e-6
15030,15.591739800000001,1e-6
36045,15.569772,1.87
39036,15.565819,3.31
42032,15.528473100000001,1e-6
14046,15.516485399999999,4.3
5038,15.5016081,3.46
18019,15.4855148,3.96
45023,15.4827969,1e-6
50018,15.476774400000002,1e-6
13032,15.4764597,32.4
30004,15.474237599999999,1e-6
5045,15.456904599999998,1e-6
51004,15.4547445,1e-6
50071,15.42612,0.95
6023,15.4141132,1e-6
24009,15.3856461,1e-6
17085,15.383424000000002,2.41
5056,15.379943099999998,1.51
39043,15.3712456,3.95
38029,15.3503887,1e-6
17005,15.3290121,11.83
14058,15.325259399999998,1.75
36013,15.304440699999999,0.82
23078,15.2832596,1e-6
49005,15.277714000000001,1e-6
36025,15.259913599999999,1.09
36035,15.2427189,1e-6
48001,15.22705,1e-6
36072,15.219105899999999,3.31
23061,15.2133839,2.07
13001,15.210112800000001,0.68
23011,15.1788895,1.24
15034,15.1742403,1e-6
33035,15.165600000000001,1e-6
24050,15.147656600000001,1e-6
48034,15.1317684,1.03
24055,15.1310818,3.63
22006,15.130481000000001,2.02
6007,15.1301519,2.15
40005,15.110291700000001,1.34
38010,15.087207999999999,1.24
31019,15.085052700000002,1e-6
48008,15.073794600000001,1e-6
15001,15.0661652,3.32
5005,15.033683,1e-6
30001,15.0333254,1e-6
38016,15.0283854,1e-6
15048,15.0138418,3.18
29004,14.994744500000001,1e-6
39038,14.9886505,1e-6
13029,14.9218981,1e-6
5057,14.920048,2.49
39067,14.8855965,3.9
6041,14.8684017,1e-6
17036,14.8535578,1e-6
51021,14.8420422,7.19
28017,14.838456299999999,1e-6
39062,14.812440099999998,2.47
5031,14.8116533,2.38
48032,14.8093168,5.09
14072,14.8033564,1.16
14019,14.800214,1.91
26083,14.796146600000002,1e-6
5047,14.7917931,6.53
27021,14.771875600000001,1e-6
5037,14.7713129,1.62
14048,14.755305499999999,2.03
30008,14.7457163,1.85
36048,14.703153799999999,2.13
29011,14.6877186,1e-6
21002,14.6573107,0.97
29003,14.6371691,1e-6
18008,14.634970899999999,1e-6
50028,14.614924600000002,1e-6
39012,14.6009247,17.69
36050,14.590572499999999,2.58
15049,14.553756000000002,1.92
30007,14.547056399999999,2.58
35009,14.504775200000001,1e-6
5046,14.4849531,1e-6
38009,14.4765894,1e-6
38007,14.4524662,1e-6
44090,14.442376300000001,9.76
48004,14.4374554,1e-6
5001,14.4124071,1.56
14004,14.3879501,3.63
13012,14.3841545,1e-6
5008,14.3715899,1e-6
38012,14.338921700000002,1e-6
12002,14.3056576,1.41
29005,14.2873137,1e-6
17095,14.2873137,1e-6
23009,14.2809574,2.7
44248,14.2782204,10.48
35018,14.2404549,1.76
38033,14.2271845,1e-6
36055,14.225649100000002,1e-6
48023,14.2101805,4.58
15045,14.201854899999999,1.8
50008,14.188827700000001,1e-6
33001,14.1679136,3.32
48030,14.1486685,1e-6
11044,14.1091053,0.97
27007,14.1063778,1e-6
51020,14.1017286,1e-6
51018,14.0939562,1e-6
23013,14.0753166,3.18
39048,14.0725462,1.16
5025,14.065989700000001,1e-6
45005,14.055213199999999,1e-6
27048,14.033826999999999,1e-6
27032,14.0309517,1e-6
33033,14.0119831,1.38
5018,13.9921085,1e-6
36087,13.9919941,1e-6
36022,13.9645569,1e-6
36026,13.9598553,1e-6
27025,13.9312546,2.77
39002,13.9295809,1.14
39024,13.911680400000002,1e-6
14067,13.9110605,1e-6
23023,13.9082996,1e-6
17087,13.8615839,0.97
22002,13.8522379,2.65
38003,13.8514893,1.96
36076,13.825101100000001,1.53
30003,13.8241522,1e-6
31007,13.800958799999998,1.77
31013,13.794545399999999,0.69
38026,13.7776701,1.76
33019,13.768276400000001,1.83
23025,13.735327,1.6
31010,13.7352936,1e-6
36070,13.7090199,0.86
44211,13.6986629,1e-6
28055,13.668593600000001,2.81
13043,13.654546,1e-6
14060,13.6157171,1.39
38018,13.5963051,1.94
31008,13.588842600000001,2.28
36067,13.517541099999999,1.7
28077,13.5124151,2.13
38006,13.511480500000001,1e-6
15079,13.4960262,1.16
16029,13.4898464,1e-6
36047,13.443111599999998,2.27
48031,13.401231,1.42
30009,13.397011000000001,3.08
15041,13.3547012,1e-6
27056,13.271502700000001,1.07
27056,13.271502700000001,1.07
7008,13.2572309,1e-6
36028,13.2514898,1.43
13031,13.217558099999998,1e-6
13003,13.212980499999999,1.6
5042,13.208607899999999,0.94
36057,13.202733199999999,0.81
36078,13.192672,1.87
36009,13.1597702,2.28
23081,13.157133300000002,2.07
48018,13.152350600000002,1.72
39004,13.146380599999999,0.62
33047,13.127297600000002,0.86
27051,13.1152956,1e-6
36029,13.0823605,0.87
44103,13.0823414,1e-6
23041,13.0655138,1.3
14032,13.0552141,1e-6
39006,13.0509178,1.28
45018,13.0171959,0.95
5019,13.0162899,1.83
48022,13.003615600000002,1e-6
38020,12.9858391,1.43
15046,12.9475634,3.08
15029,12.9225008,2.65
23033,12.9167025,1.37
31009,12.9158632,2.29
8002,12.866820500000001,2.09
50005,12.865185,2.43
5012,12.8404133,1.2
17041,12.8381054,1e-6
50036,12.835601999999998,1e-6
30006,12.826685099999999,1.68
44098,12.8023283,1e-6
17065,12.7873747,1e-6
48006,12.7754156,0.6
6024,12.758197,1e-6
28004,12.7409832,1e-6
48038,12.7387897,1e-6
23038,12.724122199999998,2.25
5028,12.7240555,2.85
23056,12.712167899999999,1.43
39015,12.709583499999999,2.31
50053,12.700185,1e-6
28028,12.6852266,2.54
39021,12.684520899999999,1e-6
47021,12.6348726,1.5
16082,12.6345102,1.35
14047,12.623638300000001,1e-6
50013,12.6187508,3.71
38035,12.5949852,1e-6
15020,12.589720900000001,0.78
38002,12.5717585,1e-6
17088,12.505525800000001,1e-6
15002,12.5033657,1.11
22014,12.500643,1.32
33015,12.4586622,2.25
26092,12.4354641,0.74
14050,12.4215023,1e-6
14016,12.3826258,1.99
38008,12.368087,1e-6
22012,12.3469202,1.07
16077,12.3392384,1e-6
33014,12.314585899999999,0.5
47099,12.308420400000001,1e-6
6052,12.2974722,1e-6
48009,12.2675602,1e-6
31003,12.251795999999999,2.83
23070,12.2462503,1e-6
36018,12.1744673,2.14
50044,12.1625225,1e-6
38019,12.1462337,1e-6
6029,12.135943600000001,1e-6
31004,12.078794700000001,1.21
16057,12.0570366,2.65
22005,12.0448057,0.8
7006,12.0300285,2.51
40001,12.0236389,1e-6
40002,12.0225994,3.21
44117,12.0106833,1e-6
22007,11.979727,1.1
15032,11.977781499999999,1e-6
31011,11.9693844,4.16
13010,11.9488232,1e-6
23039,11.876105500000001,2.91
14101,11.8355839,1.75
45029,11.8219511,2.73
38034,11.8202297,2
36052,11.8180315,0.93
38011,11.7863409,1e-6
51003,11.7812626,1e-6
6001,11.768745599999999,1.29
51023,11.6935532,1e-6
28053,11.6769735,1e-6
50059,11.673917,3.26
22008,11.6596405,1.12
13040,11.655396699999999,5.14
31016,11.6279213,2.95
45015,11.6202681,1e-6
24038,11.6074602,1e-6
29013,11.564707,4.57
29002,11.5078489,2.27
39039,11.4462797,2.99
5009,11.415414,1e-6
50070,11.3986961,1e-6
44179,11.3861506,10.8
50066,11.3802235,1e-6
15071,11.3285152,0.5
51019,11.303824599999999,2.62
51011,11.2578671,1e-6
33034,11.2563078,1.28
14081,11.215161499999999,2.07
33004,11.1637156,2.93
5053,11.1255638,10.71
14099,11.1223738,0.96
36077,11.1170856,1.14
29016,11.1160986,1.59
44002,11.1160318,1e-6
45002,11.1092226,1e-6
16007,11.0599319,1e-6
5034,11.0083286,1.66
33040,10.958451499999999,1.37
14090,10.856208,0.82
44052,10.8124105,1e-6
29015,10.7228462,1e-6
51013,10.6929295,5.06
5007,10.6151716,2.13
48003,10.60481,1e-6
5043,10.5824081,2.39
24082,10.561226999999999,1.73
6010,10.5464165,1e-6
14056,10.448045,0.77
5030,10.4053299,1.99
48017,10.3613894,0.76
15064,10.2949278,1.88
6059,10.278100199999999,1e-6
24062,10.257376899999999,2.17
44171,10.1435463,1e-6
33032,10.1423161,1.54
7003,10.0384037,1.6
50051,9.9488585,1e-6
49015,9.935192299999999,2.89
33052,9.9343388,1.23
7005,9.9111359,2.37
38028,9.8613207,1e-6
23063,9.8560135,0.93
33028,9.8445599,1.51
50040,9.8210327,1e-6
45010,9.7741501,1e-6
24027,9.746026200000001,0.98
48012,9.7025721,1e-6
17034,9.602669899999999,1e-6
6003,9.567827399999999,2.07
26024,9.506734999999999,0.86
23050,9.5043032,0.64
45006,9.3999664,2.31
33043,9.2406885,2
7001,9.1726248,1.26
24019,9.0721123,2.58
22009,9.0508501,0.95
7004,9.029158800000001,1e-6
7007,8.9506952,2.16
39023,8.8810722,0.48
5026,8.846368,1e-6
21017,8.8234131,1.32
7002,8.669943,2.2
5021,8.6531202,2.01
14045,8.5847847,1.93
6030,8.576096699999999,2.2
33044,8.5684959,2.54
50030,8.428129400000001,1.85
44191,8.4156649,4.89
47104,8.293771,1e-6
39009,8.0802338,3.33
33041,8.0518906,2.28
47043,8.0396883,2.15
14049,7.9643003000000006,1.29
33060,7.9509441,2.03
50067,7.902940899999999,2.48
50045,7.8026096,1e-6
31012,7.6759283,1.71
31020,7.5247519,0.82
31018,7.3579494,0.63
21003,7.2932713,2.13
22011,7.2782557,1.74
36043,7.2147839000000005,2.07
5041,7.0222275,1.95
47029,6.994137,0.76
6027,6.9460432,1e-6
26095,6.882724,0.88
39046,6.8628017,2.7
24002,6.7912476,2.39
17046,6.698531300000001,1.73
47007,6.684760300000001,1.3
31014,6.5766518,0.86
21016,6.290578099999999,2.59
27031,6.2857525,1e-6
14022,5.4803984,2.5
31002,5.3805296,1.01
47107,5.3428452,46.13
33030,5.291418299999999,1.32
32015,2.165045,1e-6
50072,NA,1.52
