StudentID,InCollege,Georgia,Age,StateCode,Year
1,1,0,19,56,89
2,1,0,19,56,89
3,1,0,18,56,89
4,1,0,19,56,89
5,0,0,19,56,89
6,1,0,18,56,89
7,0,0,19,56,89
8,0,0,18,56,89
9,0,0,19,56,89
10,1,0,19,56,89
11,1,0,18,56,89
12,0,0,18,56,89
13,0,0,18,56,89
14,0,0,18,56,89
15,1,0,19,56,89
16,1,0,19,56,89
17,0,0,18,56,89
18,1,0,18,56,89
19,0,0,18,56,89
20,0,0,19,56,89
21,1,0,19,56,89
22,0,0,18,56,89
23,1,0,19,56,89
24,0,0,19,56,89
25,1,0,18,56,89
26,0,0,19,56,89
27,0,0,19,56,89
28,1,0,18,56,89
29,1,0,18,56,89
30,1,0,18,56,89
31,1,0,19,56,89
32,1,0,19,56,89
33,0,0,19,56,89
34,0,0,18,56,89
35,0,0,19,56,89
36,0,0,19,56,89
37,0,0,18,56,89
38,1,0,19,56,89
39,0,0,18,56,89
40,1,0,19,56,89
41,0,0,18,56,89
42,1,0,19,56,89
43,1,0,18,56,89
44,0,0,19,56,89
45,0,0,18,56,89
46,1,0,19,56,89
47,1,0,19,56,89
48,1,0,18,56,89
49,0,0,19,56,89
50,0,0,18,56,89
51,0,0,18,56,89
52,1,0,18,56,89
53,1,0,18,56,89
54,0,0,19,56,89
55,0,0,19,56,89
56,0,0,18,56,89
57,0,0,18,56,89
58,1,0,18,56,89
59,0,0,18,56,89
60,0,0,18,56,89
61,1,0,18,56,89
62,0,0,18,56,89
63,0,0,18,56,89
64,1,0,19,56,89
65,0,0,18,56,89
66,0,0,19,56,89
67,1,0,18,56,89
68,0,0,19,56,89
69,1,0,19,56,89
70,0,0,18,56,89
71,0,0,18,56,89
72,1,0,19,56,89
73,1,0,18,56,89
74,0,0,18,56,89
75,1,0,19,56,89
76,0,0,18,56,89
77,0,0,18,56,89
78,0,0,19,56,89
79,1,0,19,56,89
80,1,0,19,56,89
81,1,0,19,56,89
82,1,0,19,56,89
83,1,0,19,56,89
84,0,0,18,56,89
85,1,0,18,56,89
86,1,0,18,56,89
87,1,0,19,56,89
88,1,0,19,56,89
89,1,0,19,56,89
90,0,0,18,56,89
91,0,0,18,56,89
92,1,0,19,56,89
93,0,0,18,56,89
94,1,0,18,56,89
95,0,0,18,56,89
96,0,0,18,56,89
97,1,0,19,56,89
98,0,0,18,56,89
99,1,0,19,56,89
100,0,0,18,56,89
101,1,0,18,56,89
102,1,0,19,56,89
103,0,0,18,56,89
104,1,0,19,56,89
105,0,0,19,56,89
106,0,0,19,56,89
107,1,0,19,56,89
108,0,0,18,56,89
109,1,0,19,56,89
110,0,0,18,56,89
111,0,0,19,56,89
112,1,0,19,56,89
113,1,0,18,56,89
114,1,0,18,56,89
115,0,0,19,56,89
116,0,0,18,56,89
117,0,0,18,56,89
118,1,0,19,56,89
119,0,0,18,56,89
120,0,0,19,56,89
121,1,0,19,56,89
122,0,0,18,56,89
123,0,0,19,56,89
124,1,0,19,56,89
125,0,0,19,56,89
126,1,0,19,56,89
127,0,0,18,56,89
128,0,0,18,56,89
129,1,0,18,56,89
130,0,0,18,56,89
131,0,0,18,56,89
132,0,0,19,56,89
133,1,0,19,56,89
134,1,0,18,56,89
135,1,0,19,56,89
136,0,0,18,56,89
137,0,0,18,56,89
138,0,0,18,56,89
139,1,0,18,56,89
140,1,0,18,56,89
141,0,0,18,56,89
142,0,0,18,56,89
143,1,0,19,56,89
144,1,0,19,56,89
145,0,0,19,56,89
146,0,0,19,56,89
147,0,0,19,56,89
148,1,0,18,56,89
149,0,0,18,56,89
150,0,0,19,56,89
151,0,0,19,56,89
152,0,0,18,56,89
153,0,0,19,56,89
154,1,0,19,56,89
155,0,0,19,56,89
156,1,0,18,56,89
157,0,0,18,56,89
158,0,0,19,56,89
159,1,0,19,56,89
160,0,0,19,56,89
161,1,0,18,56,89
162,0,0,18,56,89
163,0,0,19,56,89
164,1,0,19,56,89
165,1,0,18,56,89
166,1,0,19,56,89
167,0,0,18,56,89
168,0,0,18,56,89
169,1,0,18,56,89
170,0,0,18,56,89
171,1,0,18,56,89
172,0,0,18,56,89
173,1,0,18,56,89
174,0,0,19,56,89
175,1,0,18,56,89
176,1,0,18,56,89
177,0,0,18,56,89
178,1,0,19,56,89
179,0,0,19,56,89
180,0,0,18,56,89
181,0,0,18,56,89
182,0,0,18,56,89
183,1,0,19,56,89
184,1,0,18,56,89
185,0,0,18,56,89
186,1,0,18,56,89
187,0,0,18,56,89
188,0,0,19,56,89
189,0,0,18,56,89
190,1,0,19,56,89
191,1,0,18,56,89
192,1,0,19,56,89
193,0,0,18,56,89
194,1,0,18,56,89
195,0,0,19,56,89
196,1,0,19,56,89
197,1,0,18,56,90
198,1,0,18,56,90
199,0,0,18,56,90
200,1,0,19,56,90
201,0,0,18,56,90
202,1,0,18,56,90
203,0,0,19,56,90
204,1,0,18,56,90
205,1,0,18,56,90
206,0,0,18,56,90
207,0,0,19,56,90
208,0,0,19,56,90
209,1,0,18,56,90
210,1,0,18,56,90
211,1,0,19,56,90
212,0,0,18,56,90
213,1,0,19,56,90
214,0,0,19,56,90
215,0,0,18,56,90
216,0,0,19,56,90
217,1,0,19,56,90
218,1,0,19,56,90
219,0,0,19,56,90
220,0,0,18,56,90
221,1,0,18,56,90
222,0,0,19,56,90
223,0,0,18,56,90
224,1,0,19,56,90
225,0,0,18,56,90
226,1,0,18,56,90
227,0,0,19,56,90
228,0,0,19,56,90
229,0,0,19,56,90
230,1,0,19,56,90
231,1,0,18,56,90
232,0,0,19,56,90
233,0,0,18,56,90
234,0,0,18,56,90
235,0,0,19,56,90
236,1,0,18,56,90
237,1,0,19,56,90
238,1,0,19,56,90
239,1,0,19,56,90
240,1,0,19,56,90
241,1,0,18,56,90
242,1,0,18,56,90
243,1,0,18,56,90
244,0,0,18,56,90
245,0,0,18,56,90
246,0,0,18,56,90
247,0,0,18,56,90
248,1,0,19,56,90
249,1,0,18,56,90
250,1,0,19,56,90
251,1,0,18,56,90
252,0,0,19,56,90
253,0,0,18,56,90
254,0,0,19,56,90
255,0,0,19,56,90
256,0,0,18,56,90
257,0,0,18,56,90
258,1,0,18,56,90
259,0,0,18,56,90
260,0,0,18,56,90
261,1,0,18,56,90
262,1,0,18,56,90
263,0,0,18,56,90
264,1,0,18,56,90
265,0,0,18,56,90
266,1,0,19,56,90
267,0,0,19,56,90
268,0,0,18,56,90
269,0,0,19,56,90
270,1,0,18,56,90
271,0,0,19,56,90
272,0,0,19,56,90
273,1,0,19,56,90
274,0,0,18,56,90
275,0,0,19,56,90
276,1,0,18,56,90
277,0,0,19,56,90
278,0,0,19,56,90
279,1,0,18,56,90
280,0,0,19,56,90
281,1,0,19,56,90
282,1,0,18,56,90
283,1,0,19,56,90
284,1,0,19,56,90
285,0,0,18,56,90
286,0,0,19,56,90
287,1,0,19,56,90
288,0,0,19,56,90
289,1,0,18,56,90
290,0,0,19,56,90
291,1,0,19,56,90
292,1,0,19,56,90
293,0,0,19,56,90
294,0,0,19,56,90
295,0,0,19,56,90
296,1,0,18,56,90
297,0,0,18,56,90
298,0,0,18,56,90
299,1,0,18,56,90
300,1,0,18,56,90
301,1,0,18,56,90
302,1,0,18,56,90
303,0,0,18,56,90
304,0,0,19,56,90
305,1,0,19,56,90
306,1,0,19,56,90
307,1,0,18,56,90
308,0,0,18,56,90
309,1,0,19,56,90
310,0,0,18,56,90
311,0,0,18,56,90
312,1,0,19,56,90
313,1,0,19,56,90
314,1,0,19,56,90
315,1,0,18,56,90
316,1,0,19,56,90
317,1,0,19,56,90
318,1,0,19,56,90
319,0,0,19,56,90
320,1,0,19,56,90
321,1,0,19,56,90
322,0,0,18,56,90
323,1,0,19,56,90
324,1,0,19,56,90
325,0,0,18,56,90
326,0,0,18,56,90
327,0,0,19,56,90
328,1,0,18,56,90
329,1,0,19,56,90
330,1,0,18,56,90
331,1,0,18,56,90
332,0,0,19,56,90
333,1,0,18,56,90
334,0,0,19,56,90
335,0,0,19,56,90
336,0,0,19,56,90
337,0,0,19,56,90
338,1,0,18,56,90
339,0,0,18,56,90
340,0,0,18,56,90
341,0,0,18,56,90
342,0,0,19,56,90
343,0,0,18,56,90
344,1,0,18,56,90
345,0,0,18,56,90
346,0,0,18,56,90
347,1,0,18,56,90
348,1,0,19,56,90
349,1,0,18,56,90
350,1,0,19,56,90
351,0,0,19,56,90
352,0,0,19,56,90
353,0,0,18,56,90
354,0,0,19,56,90
355,1,0,19,56,90
356,1,0,19,56,90
357,1,0,19,56,90
358,1,0,19,56,90
359,0,0,18,56,90
360,0,0,19,56,90
361,1,0,19,56,90
362,0,0,18,56,90
363,0,0,19,56,90
364,1,0,19,56,90
365,1,0,19,56,90
366,1,0,18,56,90
367,0,0,18,56,90
368,0,0,18,56,90
369,1,0,19,56,90
370,0,0,18,56,90
371,1,0,18,56,90
372,0,0,18,56,90
373,0,0,18,56,90
374,0,0,18,56,90
375,0,0,19,56,90
376,0,0,19,56,91
377,1,0,18,56,91
378,0,0,19,56,91
379,0,0,19,56,91
380,1,0,19,56,91
381,1,0,18,56,91
382,0,0,19,56,91
383,0,0,19,56,91
384,1,0,18,56,91
385,0,0,18,56,91
386,0,0,18,56,91
387,1,0,19,56,91
388,0,0,19,56,91
389,0,0,19,56,91
390,0,0,18,56,91
391,0,0,19,56,91
392,1,0,18,56,91
393,0,0,18,56,91
394,0,0,18,56,91
395,1,0,19,56,91
396,0,0,18,56,91
397,0,0,19,56,91
398,1,0,18,56,91
399,1,0,19,56,91
400,1,0,18,56,91
401,1,0,19,56,91
402,0,0,19,56,91
403,1,0,18,56,91
404,0,0,19,56,91
405,1,0,18,56,91
406,0,0,19,56,91
407,1,0,19,56,91
408,0,0,19,56,91
409,0,0,19,56,91
410,1,0,18,56,91
411,1,0,19,56,91
412,0,0,18,56,91
413,0,0,18,56,91
414,1,0,18,56,91
415,0,0,19,56,91
416,1,0,18,56,91
417,0,0,18,56,91
418,0,0,18,56,91
419,0,0,18,56,91
420,0,0,19,56,91
421,0,0,19,56,91
422,1,0,19,56,91
423,1,0,18,56,91
424,0,0,19,56,91
425,0,0,19,56,91
426,1,0,19,56,91
427,0,0,18,56,91
428,0,0,19,56,91
429,0,0,18,56,91
430,0,0,19,56,91
431,1,0,18,56,91
432,0,0,18,56,91
433,1,0,19,56,91
434,1,0,18,56,91
435,0,0,19,56,91
436,1,0,19,56,91
437,0,0,18,56,91
438,1,0,19,56,91
439,0,0,19,56,91
440,1,0,19,56,91
441,0,0,19,56,91
442,1,0,18,56,91
443,0,0,18,56,91
444,1,0,19,56,91
445,0,0,18,56,91
446,0,0,18,56,91
447,1,0,19,56,91
448,0,0,19,56,91
449,0,0,18,56,91
450,0,0,19,56,91
451,0,0,19,56,91
452,0,0,18,56,91
453,1,0,18,56,91
454,0,0,18,56,91
455,0,0,18,56,91
456,0,0,19,56,91
457,0,0,18,56,91
458,1,0,18,56,91
459,1,0,18,56,91
460,0,0,19,56,91
461,1,0,18,56,91
462,0,0,18,56,91
463,1,0,18,56,91
464,1,0,19,56,91
465,0,0,18,56,91
466,0,0,18,56,91
467,1,0,19,56,91
468,0,0,19,56,91
469,0,0,18,56,91
470,1,0,19,56,91
471,0,0,19,56,91
472,1,0,19,56,91
473,0,0,19,56,91
474,1,0,19,56,91
475,0,0,18,56,91
476,1,0,19,56,91
477,0,0,19,56,91
478,1,0,19,56,91
479,1,0,18,56,91
480,0,0,18,56,91
481,0,0,18,56,91
482,0,0,19,56,91
483,0,0,18,56,91
484,1,0,19,56,91
485,0,0,19,56,91
486,0,0,18,56,91
487,0,0,19,56,91
488,0,0,19,56,91
489,0,0,19,56,91
490,0,0,19,56,91
491,0,0,18,56,91
492,1,0,19,56,91
493,1,0,18,56,91
494,1,0,19,56,91
495,0,0,18,56,91
496,1,0,19,56,91
497,1,0,18,56,91
498,1,0,19,56,91
499,1,0,19,56,91
500,1,0,18,56,91
501,0,0,18,56,91
502,1,0,19,56,91
503,0,0,18,56,91
504,0,0,18,56,91
505,0,0,19,56,91
506,0,0,18,56,91
507,0,0,19,56,91
508,0,0,19,56,91
509,0,0,18,56,91
510,1,0,19,56,91
511,1,0,18,56,91
512,0,0,18,56,91
513,1,0,19,56,91
514,0,0,18,56,91
515,1,0,18,56,91
516,0,0,18,56,91
517,0,0,18,56,91
518,0,0,18,56,91
519,1,0,18,56,91
520,1,0,19,56,91
521,0,0,18,56,91
522,0,0,19,56,91
523,0,0,18,56,91
524,0,0,18,56,92
525,0,0,19,56,92
526,0,0,19,56,92
527,0,0,19,56,92
528,0,0,18,56,92
529,1,0,18,56,92
530,0,0,19,56,92
531,0,0,18,56,92
532,0,0,19,56,92
533,0,0,18,56,92
534,0,0,19,56,92
535,0,0,19,56,92
536,1,0,19,56,92
537,0,0,18,56,92
538,1,0,18,56,92
539,1,0,19,56,92
540,1,0,19,56,92
541,0,0,18,56,92
542,1,0,19,56,92
543,1,0,18,56,92
544,1,0,18,56,92
545,1,0,18,56,92
546,1,0,18,56,92
547,0,0,19,56,92
548,1,0,19,56,92
549,1,0,19,56,92
550,0,0,19,56,92
551,0,0,18,56,92
552,0,0,18,56,92
553,0,0,19,56,92
554,1,0,18,56,92
555,0,0,19,56,92
556,0,0,19,56,92
557,1,0,18,56,92
558,0,0,18,56,92
559,0,0,19,56,92
560,1,0,18,56,92
561,0,0,19,56,92
562,0,0,19,56,92
563,1,0,18,56,92
564,1,0,18,56,92
565,0,0,19,56,92
566,0,0,18,56,92
567,0,0,19,56,92
568,1,0,19,56,92
569,1,0,19,56,92
570,1,0,19,56,92
571,0,0,19,56,92
572,1,0,19,56,92
573,0,0,18,56,92
574,0,0,19,56,92
575,1,0,19,56,92
576,0,0,18,56,92
577,0,0,19,56,92
578,0,0,19,56,92
579,1,0,18,56,92
580,0,0,19,56,92
581,0,0,18,56,92
582,1,0,18,56,92
583,0,0,19,56,92
584,0,0,19,56,92
585,0,0,19,56,92
586,0,0,19,56,92
587,0,0,18,56,92
588,0,0,18,56,92
589,0,0,18,56,92
590,1,0,19,56,92
591,0,0,19,56,92
592,1,0,18,56,92
593,0,0,18,56,92
594,1,0,18,56,92
595,1,0,19,56,92
596,1,0,19,56,92
597,1,0,19,56,92
598,0,0,18,56,92
599,0,0,18,56,92
600,0,0,19,56,92
601,1,0,19,56,92
602,0,0,18,56,92
603,1,0,18,56,92
604,1,0,19,56,92
605,0,0,18,56,92
606,1,0,19,56,92
607,0,0,19,56,92
608,0,0,19,56,92
609,1,0,19,56,92
610,1,0,19,56,92
611,1,0,18,56,92
612,0,0,19,56,92
613,1,0,18,56,92
614,0,0,18,56,92
615,0,0,18,56,92
616,0,0,18,56,92
617,1,0,19,56,92
618,0,0,19,56,92
619,0,0,18,56,92
620,1,0,19,56,92
621,0,0,18,56,92
622,0,0,19,56,92
623,0,0,19,56,92
624,1,0,19,56,92
625,1,0,18,56,92
626,0,0,18,56,92
627,1,0,18,56,92
628,0,0,19,56,92
629,0,0,18,56,92
630,0,0,18,56,92
631,1,0,19,56,92
632,1,0,18,56,92
633,0,0,19,56,92
634,1,0,18,56,92
635,1,0,18,56,92
636,1,0,19,56,92
637,1,0,18,56,92
638,0,0,18,56,92
639,0,0,19,56,92
640,0,0,19,56,92
641,0,0,18,56,92
642,0,0,18,56,92
643,0,0,18,56,92
644,1,0,18,56,92
645,1,0,18,56,92
646,0,0,19,56,92
647,0,0,18,56,92
648,1,0,18,56,92
649,0,0,19,56,92
650,1,0,18,56,92
651,0,0,18,56,92
652,1,0,18,56,92
653,1,0,19,56,92
654,1,0,19,56,92
655,1,0,18,56,92
656,0,0,19,56,92
657,0,0,19,56,92
658,1,0,19,56,93
659,1,0,19,56,93
660,1,0,19,56,93
661,1,0,19,56,93
662,0,0,19,56,93
663,0,0,19,56,93
664,1,0,19,56,93
665,1,0,18,56,93
666,1,0,19,56,93
667,0,0,19,56,93
668,0,0,19,56,93
669,1,0,18,56,93
670,0,0,19,56,93
671,0,0,18,56,93
672,1,0,19,56,93
673,0,0,19,56,93
674,0,0,18,56,93
675,1,0,18,56,93
676,0,0,18,56,93
677,1,0,18,56,93
678,0,0,18,56,93
679,1,0,18,56,93
680,0,0,18,56,93
681,0,0,18,56,93
682,0,0,18,56,93
683,0,0,19,56,93
684,1,0,19,56,93
685,1,0,18,56,93
686,0,0,18,56,93
687,1,0,18,56,93
688,0,0,19,56,93
689,1,0,18,56,93
690,1,0,19,56,93
691,0,0,19,56,93
692,0,0,19,56,93
693,1,0,19,56,93
694,1,0,18,56,93
695,0,0,19,56,93
696,1,0,18,56,93
697,0,0,19,56,93
698,0,0,18,56,93
699,0,0,18,56,93
700,0,0,19,56,93
701,0,0,18,56,93
702,0,0,18,56,93
703,0,0,18,56,93
704,0,0,18,56,93
705,0,0,19,56,93
706,0,0,18,56,93
707,0,0,18,56,93
708,1,0,18,56,93
709,0,0,18,56,93
710,0,0,18,56,93
711,0,0,19,56,93
712,0,0,19,56,93
713,0,0,18,56,93
714,1,0,18,56,93
715,0,0,19,56,93
716,0,0,19,56,93
717,0,0,19,56,93
718,1,0,18,56,93
719,0,0,19,56,93
720,1,0,18,56,93
721,0,0,18,56,93
722,0,0,19,56,93
723,0,0,19,56,93
724,1,0,18,56,93
725,0,0,18,56,93
726,0,0,18,56,93
727,0,0,18,56,93
728,0,0,18,56,93
729,1,0,18,56,93
730,0,0,18,56,93
731,0,0,18,56,93
732,0,0,19,56,93
733,0,0,19,56,93
734,1,0,18,56,93
735,1,0,19,56,93
736,1,0,19,56,93
737,0,0,19,56,93
738,0,0,18,56,93
739,1,0,19,56,93
740,1,0,18,56,93
741,0,0,18,56,93
742,1,0,19,56,93
743,0,0,18,56,93
744,0,0,19,56,93
745,0,0,18,56,93
746,1,0,18,56,93
747,0,0,19,56,93
748,0,0,18,56,93
749,1,0,19,56,93
750,0,0,18,56,93
751,1,0,19,56,93
752,0,0,18,56,93
753,1,0,19,56,93
754,0,0,18,56,93
755,1,0,18,56,93
756,0,0,18,56,93
757,0,0,18,56,93
758,1,0,18,56,93
759,1,0,18,56,93
760,1,0,18,56,93
761,1,0,18,56,93
762,0,0,19,56,93
763,0,0,18,56,93
764,0,0,19,56,93
765,1,0,18,56,93
766,1,0,18,56,93
767,1,0,19,56,93
768,1,0,19,56,93
769,1,0,19,56,93
770,0,0,18,56,93
771,0,0,18,56,93
772,0,0,18,56,93
773,1,0,18,56,93
774,1,0,19,56,93
775,0,0,18,56,93
776,0,0,19,56,93
777,1,0,19,56,93
778,1,0,19,56,93
779,0,0,19,56,93
780,0,0,18,56,93
781,0,0,19,56,93
782,1,0,19,56,93
783,0,0,18,56,93
784,1,0,18,56,93
785,1,0,18,56,93
786,1,0,18,56,93
787,1,0,18,56,94
788,1,0,19,56,94
789,0,0,19,56,94
790,1,0,19,56,94
791,1,0,18,56,94
792,1,0,18,56,94
793,1,0,18,56,94
794,1,0,19,56,94
795,0,0,18,56,94
796,0,0,19,56,94
797,0,0,18,56,94
798,0,0,18,56,94
799,1,0,19,56,94
800,0,0,19,56,94
801,1,0,19,56,94
802,1,0,18,56,94
803,0,0,19,56,94
804,0,0,19,56,94
805,0,0,19,56,94
806,0,0,19,56,94
807,0,0,18,56,94
808,1,0,18,56,94
809,0,0,18,56,94
810,1,0,19,56,94
811,0,0,19,56,94
812,1,0,18,56,94
813,1,0,19,56,94
814,0,0,18,56,94
815,0,0,18,56,94
816,1,0,19,56,94
817,0,0,19,56,94
818,0,0,19,56,94
819,1,0,18,56,94
820,0,0,18,56,94
821,0,0,19,56,94
822,1,0,18,56,94
823,0,0,19,56,94
824,1,0,18,56,94
825,1,0,18,56,94
826,0,0,19,56,94
827,0,0,19,56,94
828,1,0,18,56,94
829,0,0,18,56,94
830,1,0,18,56,94
831,0,0,18,56,94
832,1,0,18,56,94
833,1,0,18,56,94
834,1,0,18,56,94
835,0,0,18,56,94
836,0,0,19,56,94
837,0,0,18,56,94
838,0,0,18,56,94
839,1,0,18,56,94
840,0,0,18,56,94
841,1,0,19,56,94
842,1,0,18,56,94
843,0,0,18,56,94
844,0,0,19,56,94
845,0,0,19,56,94
846,1,0,19,56,94
847,1,0,19,56,94
848,0,0,18,56,94
849,1,0,18,56,94
850,0,0,18,56,94
851,1,0,18,56,94
852,0,0,18,56,94
853,0,0,18,56,94
854,1,0,19,56,94
855,1,0,19,56,94
856,1,0,19,56,94
857,0,0,19,56,94
858,0,0,18,56,94
859,0,0,19,56,94
860,1,0,19,56,94
861,0,0,19,56,94
862,0,0,19,56,94
863,0,0,18,56,94
864,0,0,18,56,94
865,0,0,18,56,94
866,0,0,18,56,94
867,1,0,18,56,94
868,0,0,19,56,94
869,0,0,19,56,94
870,1,0,18,56,94
871,1,0,19,56,94
872,1,0,18,56,94
873,0,0,18,56,94
874,0,0,19,56,94
875,1,0,19,56,94
876,0,0,18,56,94
877,0,0,18,56,94
878,0,0,18,56,94
879,1,0,18,56,94
880,0,0,18,56,94
881,1,0,19,56,94
882,0,0,18,56,94
883,0,0,19,56,94
884,0,0,19,56,94
885,0,0,18,56,94
886,1,0,19,56,94
887,1,0,19,56,94
888,1,0,19,56,94
889,0,0,19,56,94
890,1,0,18,56,94
891,0,0,18,56,94
892,0,0,18,56,94
893,1,0,19,56,94
894,0,0,19,56,94
895,1,0,18,56,94
896,1,0,19,56,94
897,1,0,18,56,94
898,0,0,19,56,94
899,0,0,19,56,94
900,1,0,19,56,94
901,0,0,18,56,94
902,0,0,19,56,94
903,0,0,19,56,94
904,0,0,19,56,94
905,0,0,19,56,94
906,0,0,19,56,94
907,0,0,18,56,94
908,0,0,19,56,94
909,0,0,18,56,94
910,1,0,18,56,94
911,0,0,18,56,94
912,0,0,18,56,94
913,1,0,19,56,94
914,0,0,19,56,94
915,1,0,19,56,94
916,1,0,19,56,94
917,0,0,19,56,94
918,1,0,18,56,94
919,1,0,18,56,94
920,1,0,18,56,94
921,0,0,18,56,94
922,0,0,18,56,94
923,1,0,18,56,94
924,1,0,18,56,94
925,1,0,19,56,94
926,0,0,19,56,94
927,0,0,18,56,94
928,1,0,19,56,95
929,0,0,19,56,95
930,0,0,19,56,95
931,0,0,18,56,95
932,0,0,18,56,95
933,0,0,19,56,95
934,0,0,18,56,95
935,0,0,18,56,95
936,1,0,18,56,95
937,1,0,19,56,95
938,1,0,18,56,95
939,1,0,18,56,95
940,0,0,18,56,95
941,0,0,19,56,95
942,0,0,18,56,95
943,0,0,19,56,95
944,0,0,19,56,95
945,1,0,18,56,95
946,1,0,19,56,95
947,0,0,18,56,95
948,0,0,18,56,95
949,0,0,18,56,95
950,0,0,19,56,95
951,0,0,18,56,95
952,0,0,18,56,95
953,1,0,19,56,95
954,0,0,18,56,95
955,1,0,18,56,95
956,0,0,18,56,95
957,0,0,18,56,95
958,0,0,19,56,95
959,1,0,18,56,95
960,0,0,18,56,95
961,0,0,18,56,95
962,1,0,18,56,95
963,1,0,18,56,95
964,0,0,19,56,95
965,0,0,19,56,95
966,1,0,19,56,95
967,0,0,19,56,95
968,1,0,19,56,95
969,1,0,19,56,95
970,0,0,19,56,95
971,0,0,19,56,95
972,0,0,19,56,95
973,0,0,18,56,95
974,1,0,18,56,95
975,0,0,19,56,95
976,0,0,18,56,95
977,0,0,19,56,95
978,1,0,19,56,95
979,0,0,19,56,95
980,0,0,18,56,95
981,0,0,18,56,95
982,1,0,18,56,95
983,0,0,18,56,95
984,1,0,18,56,95
985,1,0,19,56,95
986,0,0,18,56,95
987,0,0,18,56,95
988,1,0,18,56,95
989,1,0,18,56,95
990,1,0,19,56,95
991,1,0,18,56,95
992,0,0,19,56,95
993,0,0,19,56,95
994,1,0,18,56,95
995,1,0,19,56,95
996,1,0,19,56,95
997,0,0,19,56,95
998,0,0,18,56,95
999,1,0,18,56,95
1000,0,0,18,56,95
1001,1,0,19,56,95
1002,0,0,18,56,95
1003,0,0,19,56,95
1004,1,0,19,56,95
1005,0,0,19,56,95
1006,0,0,19,56,95
1007,1,0,19,56,95
1008,1,0,19,56,95
1009,1,0,19,56,95
1010,0,0,18,56,95
1011,0,0,18,56,95
1012,1,0,19,56,95
1013,0,0,18,56,95
1014,0,0,19,56,95
1015,1,0,18,56,95
1016,1,0,18,56,95
1017,0,0,18,56,95
1018,0,0,18,56,95
1019,1,0,19,56,95
1020,0,0,18,56,95
1021,1,0,18,56,95
1022,0,0,19,56,95
1023,0,0,18,56,95
1024,1,0,19,56,95
1025,0,0,18,56,95
1026,0,0,18,56,95
1027,0,0,19,56,95
1028,1,0,19,56,95
1029,0,0,19,56,95
1030,1,0,18,56,95
1031,0,0,18,56,95
1032,1,0,18,56,95
1033,1,0,19,56,95
1034,1,0,19,56,95
1035,1,0,19,56,95
1036,0,0,19,56,95
1037,1,0,18,56,95
1038,1,0,19,56,95
1039,1,0,19,56,95
1040,0,0,19,56,95
1041,0,0,19,56,95
1042,0,0,19,56,95
1043,0,0,18,56,95
1044,1,0,19,56,95
1045,1,0,19,56,95
1046,0,0,18,56,95
1047,1,0,18,56,95
1048,0,0,18,56,95
1049,0,0,18,56,95
1050,1,0,18,56,95
1051,0,0,18,56,95
1052,0,0,18,56,95
1053,0,0,19,56,96
1054,0,0,18,56,96
1055,0,0,18,56,96
1056,0,0,18,56,96
1057,0,0,19,56,96
1058,1,0,19,56,96
1059,0,0,18,56,96
1060,0,0,19,56,96
1061,0,0,19,56,96
1062,1,0,18,56,96
1063,1,0,19,56,96
1064,0,0,18,56,96
1065,0,0,18,56,96
1066,0,0,19,56,96
1067,0,0,18,56,96
1068,1,0,19,56,96
1069,1,0,18,56,96
1070,1,0,19,56,96
1071,0,0,19,56,96
1072,0,0,19,56,96
1073,1,0,18,56,96
1074,0,0,19,56,96
1075,0,0,18,56,96
1076,0,0,18,56,96
1077,1,0,18,56,96
1078,0,0,18,56,96
1079,1,0,18,56,96
1080,0,0,18,56,96
1081,1,0,18,56,96
1082,0,0,18,56,96
1083,0,0,18,56,96
1084,1,0,19,56,96
1085,0,0,18,56,96
1086,0,0,18,56,96
1087,0,0,19,56,96
1088,0,0,18,56,96
1089,1,0,18,56,96
1090,0,0,18,56,96
1091,0,0,19,56,96
1092,0,0,19,56,96
1093,1,0,19,56,96
1094,0,0,18,56,96
1095,1,0,19,56,96
1096,0,0,19,56,96
1097,0,0,18,56,96
1098,0,0,18,56,96
1099,1,0,19,56,96
1100,1,0,18,56,96
1101,1,0,18,56,96
1102,0,0,19,56,96
1103,1,0,18,56,96
1104,0,0,19,56,96
1105,1,0,19,56,96
1106,0,0,18,56,96
1107,0,0,18,56,96
1108,0,0,18,56,96
1109,0,0,18,56,96
1110,0,0,19,56,96
1111,1,0,19,56,96
1112,1,0,18,56,96
1113,1,0,19,56,96
1114,0,0,18,56,96
1115,1,0,19,56,96
1116,0,0,18,56,96
1117,1,0,19,56,96
1118,1,0,18,56,96
1119,0,0,18,56,96
1120,0,0,19,56,97
1121,1,0,19,56,97
1122,1,0,19,56,97
1123,0,0,18,56,97
1124,0,0,19,56,97
1125,1,0,19,56,97
1126,1,0,19,56,97
1127,0,0,19,56,97
1128,1,0,19,56,97
1129,0,0,18,56,97
1130,1,0,19,56,97
1131,1,0,18,56,97
1132,1,0,19,56,97
1133,1,0,18,56,97
1134,1,0,18,56,97
1135,0,0,19,56,97
1136,1,0,19,56,97
1137,0,0,18,56,97
1138,0,0,19,56,97
1139,1,0,19,56,97
1140,1,0,18,56,97
1141,1,0,18,56,97
1142,0,0,19,56,97
1143,0,0,18,56,97
1144,0,0,19,56,97
1145,0,0,18,56,97
1146,0,0,18,56,97
1147,1,0,19,56,97
1148,0,0,18,56,97
1149,0,0,18,56,97
1150,1,0,18,56,97
1151,1,0,18,56,97
1152,0,0,18,56,97
1153,1,0,18,56,97
1154,1,0,18,56,97
1155,0,0,18,56,97
1156,0,0,18,56,97
1157,0,0,18,56,97
1158,1,0,19,56,97
1159,1,0,18,56,97
1160,1,0,19,56,97
1161,1,0,19,56,97
1162,1,0,18,56,97
1163,0,0,19,56,97
1164,0,0,19,56,97
1165,1,0,18,56,97
1166,0,0,18,56,97
1167,0,0,18,56,97
1168,0,0,18,56,97
1169,1,0,19,56,97
1170,1,0,19,56,97
1171,0,0,19,56,97
1172,0,0,19,56,97
1173,1,0,19,56,97
1174,0,0,18,56,97
1175,0,0,18,56,97
1176,0,0,18,56,97
1177,1,0,19,56,97
1178,0,0,19,56,97
1179,1,0,19,56,97
1180,1,0,18,56,97
1181,0,0,19,56,97
1182,1,0,19,56,97
1183,0,0,19,56,97
1184,0,0,19,56,97
1185,1,0,18,56,97
1186,1,0,19,56,97
1187,1,0,19,56,97
1188,1,0,18,56,97
1189,1,0,19,56,97
1190,0,0,18,56,97
1191,0,0,19,56,97
1192,1,0,18,56,97
1193,1,0,18,56,97
1194,0,0,19,56,97
1195,0,0,18,56,97
1196,1,0,18,56,97
1197,1,0,18,56,97
1198,0,0,19,56,97
1199,0,0,19,56,97
1200,1,0,19,56,97
1201,0,0,18,56,97
1202,0,0,19,56,97
1203,0,0,18,56,97
1204,1,0,18,56,97
1205,1,0,19,56,97
1206,0,0,19,56,97
1207,1,0,19,56,97
1208,1,0,19,56,97
1209,0,0,19,56,97
1210,0,0,19,56,97
1211,1,0,19,56,97
1212,0,0,19,56,97
1213,0,0,18,56,97
1214,0,0,18,56,97
1215,1,0,19,56,97
1216,1,0,18,56,97
1217,1,0,18,56,97
1218,1,0,18,56,97
1219,0,0,19,56,97
1220,0,0,18,56,97
1221,1,0,18,56,97
1222,1,0,18,56,97
1223,0,0,18,57,89
1224,1,0,19,57,89
1225,0,0,18,57,89
1226,0,0,19,57,89
1227,1,0,18,57,89
1228,1,0,18,57,89
1229,0,0,18,57,89
1230,1,0,19,57,89
1231,0,0,19,57,89
1232,0,0,18,57,89
1233,0,0,19,57,89
1234,0,0,19,57,89
1235,1,0,19,57,89
1236,1,0,18,57,89
1237,1,0,19,57,89
1238,0,0,19,57,89
1239,0,0,18,57,89
1240,1,0,18,57,89
1241,0,0,18,57,89
1242,0,0,18,57,89
1243,0,0,18,57,89
1244,0,0,19,57,89
1245,1,0,18,57,89
1246,1,0,18,57,89
1247,0,0,19,57,89
1248,1,0,18,57,89
1249,0,0,18,57,89
1250,0,0,19,57,89
1251,0,0,18,57,89
1252,0,0,19,57,89
1253,0,0,19,57,89
1254,0,0,19,57,89
1255,0,0,19,57,89
1256,0,0,18,57,89
1257,1,0,19,57,89
1258,0,0,18,57,89
1259,1,0,18,57,89
1260,1,0,19,57,89
1261,1,0,19,57,89
1262,1,0,19,57,89
1263,1,0,19,57,89
1264,0,0,19,57,89
1265,0,0,19,57,89
1266,0,0,19,57,89
1267,1,0,19,57,89
1268,0,0,18,57,89
1269,0,0,18,57,89
1270,0,0,19,57,89
1271,1,0,18,57,89
1272,0,0,18,57,89
1273,0,0,19,57,89
1274,0,0,19,57,89
1275,1,0,18,57,89
1276,0,0,18,57,89
1277,0,0,18,57,89
1278,1,0,19,57,89
1279,1,0,19,57,89
1280,1,0,18,57,89
1281,0,0,19,57,89
1282,0,0,18,57,89
1283,1,0,19,57,89
1284,0,0,19,57,89
1285,1,0,18,57,89
1286,0,0,19,57,89
1287,0,0,18,57,89
1288,1,0,19,57,89
1289,1,0,19,57,89
1290,0,0,19,57,89
1291,1,0,19,57,89
1292,0,0,18,57,89
1293,1,0,18,57,89
1294,0,0,18,57,89
1295,1,0,18,57,89
1296,1,0,19,57,89
1297,0,0,19,57,90
1298,1,0,19,57,90
1299,0,0,18,57,90
1300,1,0,18,57,90
1301,1,0,19,57,90
1302,0,0,19,57,90
1303,0,0,18,57,90
1304,1,0,19,57,90
1305,1,0,18,57,90
1306,0,0,18,57,90
1307,1,0,18,57,90
1308,1,0,19,57,90
1309,0,0,18,57,90
1310,0,0,19,57,90
1311,1,0,18,57,90
1312,0,0,18,57,90
1313,0,0,18,57,90
1314,0,0,19,57,90
1315,0,0,19,57,90
1316,0,0,19,57,90
1317,1,0,19,57,90
1318,0,0,18,57,90
1319,0,0,18,57,90
1320,0,0,19,57,90
1321,1,0,18,57,90
1322,0,0,18,57,90
1323,0,0,18,57,90
1324,0,0,19,57,90
1325,0,0,18,57,90
1326,0,0,18,57,90
1327,0,0,18,57,90
1328,0,0,18,57,90
1329,0,0,19,57,90
1330,1,0,19,57,90
1331,0,0,18,57,90
1332,0,0,19,57,90
1333,1,0,18,57,90
1334,0,0,18,57,90
1335,0,0,18,57,90
1336,1,0,18,57,90
1337,1,0,18,57,90
1338,1,0,19,57,90
1339,1,0,18,57,90
1340,1,0,19,57,90
1341,0,0,19,57,90
1342,1,0,18,57,90
1343,1,0,19,57,90
1344,0,0,18,57,90
1345,1,0,19,57,90
1346,1,0,19,57,90
1347,0,0,19,57,90
1348,0,0,18,57,90
1349,1,0,18,57,90
1350,0,0,19,57,90
1351,0,0,18,57,90
1352,0,0,19,57,90
1353,1,0,19,57,90
1354,0,0,19,57,90
1355,0,0,19,57,90
1356,1,0,18,57,90
1357,1,0,18,57,90
1358,0,0,18,57,90
1359,1,0,18,57,91
1360,0,0,19,57,91
1361,0,0,18,57,91
1362,1,0,18,57,91
1363,1,0,19,57,91
1364,1,0,19,57,91
1365,1,0,19,57,91
1366,1,0,19,57,91
1367,0,0,18,57,91
1368,0,0,19,57,91
1369,1,0,19,57,91
1370,1,0,18,57,91
1371,0,0,18,57,91
1372,0,0,18,57,91
1373,1,0,19,57,91
1374,0,0,19,57,91
1375,0,0,18,57,91
1376,1,0,18,57,91
1377,0,0,19,57,91
1378,1,0,19,57,91
1379,0,0,18,57,91
1380,0,0,19,57,91
1381,1,0,19,57,91
1382,0,0,18,57,91
1383,0,0,19,57,91
1384,1,0,19,57,91
1385,0,0,18,57,91
1386,0,0,18,57,91
1387,1,0,19,57,91
1388,0,0,18,57,91
1389,1,0,18,57,91
1390,1,0,18,57,91
1391,0,0,19,57,91
1392,0,0,18,57,91
1393,0,0,18,57,91
1394,1,0,19,57,91
1395,1,0,18,57,91
1396,0,0,19,57,91
1397,0,0,18,57,91
1398,0,0,19,57,91
1399,0,0,19,57,91
1400,1,0,18,57,91
1401,1,0,18,57,91
1402,0,0,18,57,91
1403,0,0,18,57,91
1404,1,0,19,57,91
1405,0,0,19,57,91
1406,0,0,19,57,91
1407,1,0,18,57,91
1408,0,0,18,57,91
1409,0,0,19,57,91
1410,0,0,18,57,91
1411,1,0,19,57,91
1412,0,0,18,57,91
1413,0,0,18,57,91
1414,0,0,18,57,91
1415,0,0,18,57,91
1416,0,0,18,57,91
1417,1,0,18,57,91
1418,1,0,18,57,92
1419,0,0,19,57,92
1420,1,0,19,57,92
1421,1,0,19,57,92
1422,0,0,18,57,92
1423,0,0,18,57,92
1424,0,0,18,57,92
1425,1,0,18,57,92
1426,1,0,19,57,92
1427,1,0,19,57,92
1428,1,0,18,57,92
1429,0,0,19,57,92
1430,0,0,19,57,92
1431,1,0,18,57,92
1432,0,0,18,57,92
1433,0,0,19,57,92
1434,0,0,18,57,92
1435,1,0,18,57,92
1436,0,0,18,57,92
1437,0,0,19,57,92
1438,0,0,18,57,92
1439,0,0,18,57,92
1440,0,0,18,57,92
1441,0,0,19,57,92
1442,1,0,18,57,92
1443,0,0,18,57,92
1444,1,0,18,57,92
1445,1,0,19,57,92
1446,1,0,19,57,92
1447,0,0,19,57,92
1448,0,0,19,57,92
1449,1,0,18,57,92
1450,0,0,18,57,92
1451,1,0,19,57,92
1452,1,0,19,57,92
1453,0,0,18,57,92
1454,1,0,18,57,92
1455,1,0,19,57,92
1456,0,0,19,57,92
1457,1,0,18,57,92
1458,0,0,19,57,92
1459,1,0,19,57,92
1460,0,0,18,57,92
1461,0,0,18,57,92
1462,0,0,19,57,92
1463,0,0,18,57,92
1464,0,0,19,57,92
1465,1,0,18,57,92
1466,0,0,19,57,92
1467,1,0,18,57,92
1468,1,0,19,57,92
1469,0,0,18,57,92
1470,0,0,18,57,92
1471,1,0,18,57,92
1472,0,0,19,57,92
1473,0,0,18,57,92
1474,0,0,18,57,92
1475,0,0,18,57,93
1476,1,0,18,57,93
1477,1,0,19,57,93
1478,0,0,19,57,93
1479,1,0,19,57,93
1480,1,0,19,57,93
1481,0,0,18,57,93
1482,1,0,19,57,93
1483,1,0,18,57,93
1484,0,0,18,57,93
1485,1,0,19,57,93
1486,0,0,19,57,93
1487,0,0,18,57,93
1488,0,0,18,57,93
1489,0,0,18,57,93
1490,1,0,19,57,93
1491,0,0,18,57,93
1492,1,0,19,57,93
1493,1,0,19,57,93
1494,1,0,19,57,93
1495,1,0,19,57,93
1496,0,0,18,57,93
1497,0,0,18,57,93
1498,1,0,18,57,93
1499,0,0,19,57,93
1500,0,0,19,57,93
1501,0,0,18,57,93
1502,0,0,18,57,93
1503,1,0,19,57,93
1504,1,0,19,57,93
1505,1,0,19,57,93
1506,0,0,19,57,93
1507,1,0,18,57,93
1508,0,0,19,57,93
1509,0,0,19,57,93
1510,0,0,18,57,93
1511,0,0,19,57,93
1512,0,0,19,57,93
1513,1,0,19,57,93
1514,1,0,19,57,93
1515,1,0,19,57,93
1516,1,0,19,57,93
1517,0,0,19,57,93
1518,1,0,19,57,94
1519,0,0,18,57,94
1520,1,0,19,57,94
1521,0,0,19,57,94
1522,0,0,18,57,94
1523,0,0,18,57,94
1524,0,0,18,57,94
1525,1,0,19,57,94
1526,0,0,18,57,94
1527,0,0,18,57,94
1528,0,0,19,57,94
1529,1,0,19,57,94
1530,1,0,19,57,94
1531,0,0,18,57,94
1532,1,0,18,57,94
1533,0,0,18,57,94
1534,1,0,18,57,94
1535,1,0,19,57,94
1536,0,0,18,57,94
1537,0,0,19,57,94
1538,0,0,19,57,94
1539,0,0,18,57,94
1540,1,0,18,57,94
1541,1,0,19,57,94
1542,1,0,18,57,94
1543,0,0,18,57,94
1544,1,0,18,57,94
1545,1,0,19,57,94
1546,1,0,18,57,94
1547,1,0,18,57,94
1548,1,0,18,57,94
1549,1,0,18,57,94
1550,0,0,18,57,94
1551,1,0,19,57,95
1552,0,0,18,57,95
1553,0,0,19,57,95
1554,1,0,19,57,95
1555,1,0,19,57,95
1556,1,0,19,57,95
1557,0,0,18,57,95
1558,1,0,18,57,95
1559,0,0,19,57,95
1560,0,0,19,57,95
1561,0,0,18,57,95
1562,0,0,19,57,95
1563,1,0,19,57,95
1564,1,0,18,57,95
1565,0,0,18,57,95
1566,0,0,18,57,95
1567,0,0,18,57,95
1568,1,0,19,57,95
1569,0,0,19,57,95
1570,0,0,19,57,95
1571,1,0,18,57,95
1572,0,0,18,57,95
1573,0,0,18,57,95
1574,1,0,19,57,95
1575,0,0,19,57,95
1576,1,0,19,57,95
1577,0,0,19,57,95
1578,0,0,18,57,95
1579,1,0,19,57,95
1580,0,0,18,57,95
1581,0,0,19,57,95
1582,0,0,18,57,95
1583,0,0,18,57,95
1584,0,0,19,57,96
1585,1,0,18,57,96
1586,0,0,18,57,96
1587,0,0,19,57,96
1588,0,0,18,57,96
1589,0,0,18,57,96
1590,1,0,18,57,96
1591,0,0,18,57,96
1592,0,0,19,57,96
1593,0,0,18,57,96
1594,1,0,18,57,96
1595,0,0,18,57,96
1596,0,0,19,57,96
1597,0,0,18,57,96
1598,0,0,18,57,96
1599,1,0,19,57,96
1600,0,0,18,57,96
1601,0,0,19,57,96
1602,1,0,18,57,96
1603,1,0,19,57,96
1604,1,0,19,57,96
1605,1,0,18,57,96
1606,0,0,19,57,96
1607,0,0,19,57,96
1608,0,0,18,57,96
1609,0,0,19,57,96
1610,1,0,18,57,96
1611,0,0,18,57,96
1612,0,0,19,57,96
1613,0,0,18,57,96
1614,1,0,19,57,96
1615,1,0,18,57,96
1616,1,0,19,57,96
1617,1,0,18,57,97
1618,0,0,18,57,97
1619,0,0,18,57,97
1620,0,0,19,57,97
1621,0,0,18,57,97
1622,0,0,19,57,97
1623,0,0,18,57,97
1624,0,0,18,57,97
1625,0,0,18,57,97
1626,0,0,18,57,97
1627,0,0,19,57,97
1628,1,0,18,57,97
1629,1,0,18,57,97
1630,0,0,18,57,97
1631,1,0,19,57,97
1632,0,0,19,57,97
1633,1,0,19,57,97
1634,1,0,19,57,97
1635,1,0,19,57,97
1636,0,0,19,57,97
1637,1,0,18,57,97
1638,1,0,18,57,97
1639,1,0,19,57,97
1640,0,0,19,57,97
1641,0,0,19,57,97
1642,1,0,19,57,97
1643,1,0,19,57,97
1644,1,0,18,57,97
1645,1,0,19,57,97
1646,0,0,19,57,97
1647,0,0,19,57,97
1648,0,0,19,57,97
1649,1,0,18,57,97
1650,1,0,18,57,97
1651,1,0,18,57,97
1652,0,1,18,58,89
1653,0,1,19,58,89
1654,1,1,19,58,89
1655,1,1,18,58,89
1656,0,1,19,58,89
1657,1,1,19,58,89
1658,1,1,18,58,89
1659,0,1,19,58,89
1660,1,1,19,58,89
1661,0,1,19,58,89
1662,1,1,19,58,89
1663,0,1,19,58,89
1664,0,1,18,58,89
1665,0,1,19,58,89
1666,0,1,18,58,89
1667,0,1,19,58,89
1668,0,1,19,58,89
1669,0,1,19,58,89
1670,0,1,19,58,89
1671,1,1,19,58,89
1672,1,1,18,58,89
1673,0,1,18,58,89
1674,0,1,19,58,89
1675,0,1,18,58,89
1676,0,1,19,58,89
1677,1,1,18,58,89
1678,0,1,18,58,89
1679,0,1,18,58,89
1680,0,1,19,58,89
1681,0,1,19,58,89
1682,0,1,19,58,89
1683,1,1,19,58,89
1684,0,1,19,58,89
1685,1,1,18,58,89
1686,0,1,19,58,89
1687,0,1,19,58,89
1688,0,1,18,58,89
1689,1,1,18,58,89
1690,0,1,18,58,89
1691,0,1,19,58,89
1692,1,1,19,58,89
1693,0,1,18,58,89
1694,0,1,18,58,89
1695,0,1,18,58,89
1696,0,1,19,58,89
1697,0,1,18,58,89
1698,0,1,18,58,89
1699,0,1,18,58,89
1700,0,1,18,58,89
1701,0,1,19,58,89
1702,0,1,18,58,89
1703,0,1,18,58,89
1704,1,1,18,58,89
1705,1,1,18,58,90
1706,1,1,18,58,90
1707,0,1,18,58,90
1708,0,1,18,58,90
1709,0,1,19,58,90
1710,1,1,19,58,90
1711,0,1,19,58,90
1712,0,1,19,58,90
1713,0,1,18,58,90
1714,1,1,19,58,90
1715,1,1,19,58,90
1716,0,1,19,58,90
1717,0,1,19,58,90
1718,0,1,18,58,90
1719,1,1,18,58,90
1720,0,1,18,58,90
1721,0,1,19,58,90
1722,0,1,19,58,90
1723,0,1,18,58,90
1724,0,1,18,58,90
1725,1,1,19,58,90
1726,0,1,19,58,90
1727,0,1,19,58,90
1728,0,1,19,58,90
1729,0,1,18,58,90
1730,1,1,19,58,90
1731,0,1,19,58,90
1732,0,1,18,58,90
1733,1,1,19,58,90
1734,0,1,18,58,90
1735,0,1,18,58,90
1736,0,1,19,58,90
1737,0,1,18,58,90
1738,1,1,18,58,90
1739,0,1,18,58,90
1740,0,1,18,58,90
1741,1,1,18,58,90
1742,1,1,19,58,90
1743,0,1,18,58,90
1744,0,1,19,58,90
1745,1,1,18,58,90
1746,0,1,19,58,91
1747,0,1,19,58,91
1748,0,1,18,58,91
1749,0,1,19,58,91
1750,0,1,19,58,91
1751,0,1,19,58,91
1752,1,1,19,58,91
1753,1,1,19,58,91
1754,0,1,18,58,91
1755,0,1,19,58,91
1756,0,1,18,58,91
1757,0,1,19,58,91
1758,0,1,19,58,91
1759,1,1,19,58,91
1760,0,1,18,58,91
1761,1,1,18,58,91
1762,0,1,18,58,91
1763,0,1,19,58,91
1764,0,1,18,58,91
1765,0,1,19,58,91
1766,0,1,18,58,91
1767,1,1,19,58,91
1768,1,1,19,58,91
1769,0,1,19,58,91
1770,0,1,18,58,91
1771,0,1,18,58,91
1772,1,1,19,58,91
1773,0,1,19,58,91
1774,0,1,18,58,91
1775,0,1,18,58,91
1776,1,1,18,58,91
1777,0,1,19,58,91
1778,0,1,19,58,91
1779,0,1,19,58,91
1780,0,1,18,58,91
1781,1,1,19,58,91
1782,0,1,18,58,91
1783,0,1,19,58,91
1784,1,1,18,58,91
1785,0,1,18,58,91
1786,1,1,18,58,91
1787,0,1,19,58,91
1788,1,1,19,58,91
1789,0,1,19,58,91
1790,0,1,19,58,92
1791,0,1,19,58,92
1792,0,1,19,58,92
1793,0,1,18,58,92
1794,0,1,18,58,92
1795,1,1,19,58,92
1796,0,1,19,58,92
1797,1,1,18,58,92
1798,1,1,19,58,92
1799,1,1,18,58,92
1800,0,1,18,58,92
1801,0,1,19,58,92
1802,0,1,18,58,92
1803,1,1,18,58,92
1804,1,1,19,58,92
1805,1,1,19,58,92
1806,0,1,18,58,92
1807,0,1,19,58,92
1808,0,1,19,58,92
1809,1,1,19,58,92
1810,0,1,18,58,92
1811,0,1,18,58,92
1812,0,1,18,58,92
1813,1,1,18,58,92
1814,1,1,19,58,92
1815,0,1,19,58,92
1816,0,1,19,58,92
1817,0,1,18,58,92
1818,1,1,18,58,92
1819,0,1,19,58,92
1820,0,1,19,58,92
1821,1,1,19,58,92
1822,1,1,18,58,92
1823,0,1,18,58,92
1824,0,1,18,58,92
1825,0,1,19,58,92
1826,0,1,18,58,92
1827,0,1,18,58,92
1828,1,1,18,58,92
1829,0,1,19,58,92
1830,0,1,19,58,92
1831,1,1,18,58,92
1832,0,1,18,58,92
1833,1,1,19,58,92
1834,0,1,18,58,92
1835,1,1,19,58,93
1836,0,1,18,58,93
1837,0,1,18,58,93
1838,0,1,18,58,93
1839,0,1,19,58,93
1840,0,1,19,58,93
1841,0,1,19,58,93
1842,0,1,18,58,93
1843,0,1,19,58,93
1844,1,1,18,58,93
1845,0,1,18,58,93
1846,1,1,18,58,93
1847,0,1,19,58,93
1848,0,1,18,58,93
1849,1,1,19,58,93
1850,1,1,19,58,93
1851,1,1,18,58,93
1852,0,1,19,58,93
1853,0,1,18,58,93
1854,0,1,18,58,93
1855,0,1,19,58,93
1856,0,1,18,58,93
1857,0,1,19,58,93
1858,0,1,19,58,93
1859,0,1,18,58,93
1860,1,1,19,58,93
1861,1,1,19,58,93
1862,1,1,19,58,93
1863,1,1,18,58,93
1864,1,1,19,58,93
1865,0,1,18,58,93
1866,0,1,19,58,93
1867,0,1,18,58,93
1868,1,1,18,58,93
1869,0,1,18,58,93
1870,0,1,18,58,93
1871,0,1,18,58,93
1872,1,1,19,58,93
1873,0,1,19,58,93
1874,0,1,19,58,93
1875,1,1,18,58,93
1876,0,1,19,58,93
1877,1,1,18,58,93
1878,0,1,18,58,93
1879,0,1,19,58,93
1880,0,1,18,58,93
1881,1,1,18,58,93
1882,1,1,18,58,93
1883,0,1,18,58,93
1884,0,1,19,58,93
1885,1,1,18,58,93
1886,1,1,19,58,93
1887,0,1,19,58,93
1888,1,1,18,58,93
1889,1,1,19,58,93
1890,0,1,18,58,93
1891,0,1,18,58,93
1892,1,1,18,58,93
1893,0,1,18,58,94
1894,0,1,19,58,94
1895,1,1,19,58,94
1896,1,1,19,58,94
1897,0,1,19,58,94
1898,0,1,18,58,94
1899,0,1,18,58,94
1900,0,1,18,58,94
1901,1,1,19,58,94
1902,0,1,18,58,94
1903,1,1,19,58,94
1904,1,1,19,58,94
1905,1,1,19,58,94
1906,1,1,19,58,94
1907,0,1,19,58,94
1908,0,1,18,58,94
1909,0,1,18,58,94
1910,1,1,18,58,94
1911,0,1,18,58,94
1912,1,1,19,58,94
1913,0,1,18,58,94
1914,0,1,18,58,94
1915,0,1,18,58,94
1916,0,1,19,58,94
1917,0,1,19,58,94
1918,1,1,19,58,94
1919,0,1,19,58,94
1920,1,1,18,58,94
1921,1,1,19,58,94
1922,1,1,18,58,94
1923,0,1,18,58,94
1924,0,1,19,58,94
1925,1,1,18,58,94
1926,1,1,18,58,94
1927,0,1,19,58,94
1928,1,1,19,58,94
1929,0,1,19,58,94
1930,0,1,18,58,94
1931,1,1,19,58,94
1932,0,1,18,58,94
1933,0,1,18,58,94
1934,1,1,18,58,94
1935,1,1,19,58,94
1936,0,1,19,58,94
1937,1,1,18,58,94
1938,0,1,18,58,94
1939,1,1,19,58,94
1940,1,1,18,58,94
1941,0,1,19,58,94
1942,1,1,18,58,94
1943,0,1,19,58,94
1944,1,1,19,58,94
1945,1,1,19,58,94
1946,0,1,18,58,94
1947,1,1,18,58,94
1948,0,1,18,58,94
1949,0,1,19,58,94
1950,1,1,19,58,94
1951,0,1,19,58,94
1952,0,1,18,58,94
1953,0,1,19,58,94
1954,0,1,19,58,94
1955,0,1,19,58,94
1956,0,1,18,58,94
1957,0,1,19,58,94
1958,0,1,18,58,94
1959,0,1,18,58,94
1960,1,1,19,58,94
1961,1,1,19,58,94
1962,0,1,19,58,94
1963,0,1,18,58,95
1964,1,1,19,58,95
1965,0,1,18,58,95
1966,0,1,18,58,95
1967,0,1,18,58,95
1968,1,1,18,58,95
1969,0,1,18,58,95
1970,0,1,18,58,95
1971,0,1,18,58,95
1972,0,1,18,58,95
1973,0,1,18,58,95
1974,1,1,18,58,95
1975,0,1,18,58,95
1976,0,1,19,58,95
1977,0,1,19,58,95
1978,0,1,18,58,95
1979,1,1,18,58,95
1980,0,1,18,58,95
1981,1,1,19,58,95
1982,1,1,18,58,95
1983,1,1,18,58,95
1984,0,1,18,58,95
1985,0,1,18,58,95
1986,0,1,18,58,95
1987,0,1,19,58,95
1988,0,1,18,58,95
1989,1,1,19,58,95
1990,0,1,19,58,95
1991,1,1,18,58,95
1992,0,1,18,58,95
1993,0,1,18,58,95
1994,0,1,19,58,95
1995,0,1,18,58,95
1996,0,1,18,58,95
1997,0,1,19,58,95
1998,0,1,18,58,95
1999,1,1,19,58,95
2000,0,1,19,58,95
2001,0,1,18,58,95
2002,1,1,19,58,95
2003,1,1,19,58,95
2004,1,1,18,58,95
2005,0,1,19,58,95
2006,0,1,19,58,95
2007,1,1,18,58,95
2008,1,1,19,58,95
2009,0,1,19,58,95
2010,1,1,18,58,95
2011,1,1,18,58,95
2012,0,1,18,58,95
2013,0,1,18,58,95
2014,0,1,18,58,95
2015,1,1,19,58,95
2016,1,1,18,58,95
2017,0,1,18,58,95
2018,1,1,18,58,95
2019,0,1,19,58,95
2020,0,1,18,58,96
2021,0,1,19,58,96
2022,0,1,18,58,96
2023,1,1,19,58,96
2024,1,1,18,58,96
2025,0,1,19,58,96
2026,0,1,19,58,96
2027,0,1,18,58,96
2028,1,1,19,58,96
2029,0,1,19,58,96
2030,0,1,18,58,96
2031,0,1,19,58,96
2032,1,1,19,58,96
2033,1,1,19,58,96
2034,0,1,18,58,96
2035,0,1,19,58,96
2036,0,1,19,58,96
2037,0,1,18,58,96
2038,0,1,18,58,96
2039,0,1,18,58,96
2040,1,1,18,58,96
2041,0,1,18,58,96
2042,0,1,19,58,96
2043,1,1,19,58,96
2044,1,1,19,58,96
2045,1,1,19,58,96
2046,1,1,19,58,96
2047,0,1,18,58,96
2048,0,1,18,58,96
2049,0,1,18,58,96
2050,1,1,18,58,96
2051,1,1,18,58,96
2052,0,1,19,58,96
2053,0,1,19,58,96
2054,0,1,18,58,96
2055,1,1,18,58,96
2056,1,1,19,58,96
2057,0,1,18,58,96
2058,1,1,19,58,96
2059,1,1,19,58,96
2060,1,1,19,58,96
2061,0,1,18,58,96
2062,0,1,18,58,96
2063,1,1,18,58,96
2064,1,1,18,58,96
2065,0,1,19,58,96
2066,1,1,19,58,96
2067,0,1,19,58,96
2068,1,1,19,58,96
2069,0,1,19,58,96
2070,1,1,19,58,96
2071,0,1,18,58,96
2072,0,1,18,58,96
2073,0,1,19,58,96
2074,0,1,18,58,96
2075,0,1,18,58,97
2076,1,1,19,58,97
2077,1,1,19,58,97
2078,0,1,18,58,97
2079,1,1,19,58,97
2080,0,1,19,58,97
2081,0,1,18,58,97
2082,1,1,18,58,97
2083,1,1,18,58,97
2084,1,1,18,58,97
2085,0,1,18,58,97
2086,0,1,19,58,97
2087,0,1,18,58,97
2088,0,1,19,58,97
2089,0,1,19,58,97
2090,1,1,19,58,97
2091,0,1,18,58,97
2092,0,1,19,58,97
2093,0,1,18,58,97
2094,1,1,19,58,97
2095,1,1,19,58,97
2096,0,1,19,58,97
2097,0,1,18,58,97
2098,0,1,19,58,97
2099,1,1,19,58,97
2100,0,1,18,58,97
2101,0,1,19,58,97
2102,0,1,19,58,97
2103,0,1,19,58,97
2104,1,1,18,58,97
2105,1,1,18,58,97
2106,0,1,18,58,97
2107,0,1,19,58,97
2108,0,1,19,58,97
2109,0,1,18,58,97
2110,1,1,18,58,97
2111,1,1,18,58,97
2112,0,1,19,58,97
2113,0,1,19,58,97
2114,1,1,18,58,97
2115,1,1,19,58,97
2116,0,1,18,58,97
2117,0,1,18,58,97
2118,0,1,19,58,97
2119,1,1,19,58,97
2120,1,1,18,58,97
2121,0,1,18,58,97
2122,0,1,18,58,97
2123,0,0,19,59,89
2124,0,0,18,59,89
2125,0,0,19,59,89
2126,1,0,18,59,89
2127,1,0,18,59,89
2128,0,0,19,59,89
2129,0,0,18,59,89
2130,1,0,18,59,89
2131,1,0,18,59,89
2132,1,0,19,59,89
2133,0,0,18,59,89
2134,1,0,18,59,89
2135,1,0,19,59,89
2136,0,0,19,59,89
2137,0,0,18,59,89
2138,1,0,19,59,89
2139,0,0,18,59,89
2140,0,0,18,59,89
2141,0,0,18,59,89
2142,0,0,19,59,89
2143,0,0,18,59,89
2144,0,0,19,59,89
2145,0,0,18,59,89
2146,1,0,19,59,89
2147,0,0,19,59,89
2148,1,0,19,59,89
2149,1,0,19,59,89
2150,0,0,19,59,89
2151,0,0,19,59,89
2152,1,0,18,59,89
2153,1,0,18,59,89
2154,1,0,19,59,89
2155,0,0,19,59,89
2156,0,0,19,59,89
2157,1,0,18,59,89
2158,0,0,18,59,89
2159,0,0,19,59,89
2160,0,0,19,59,89
2161,0,0,18,59,89
2162,0,0,19,59,89
2163,0,0,19,59,89
2164,0,0,18,59,89
2165,0,0,19,59,89
2166,1,0,19,59,89
2167,0,0,19,59,89
2168,1,0,19,59,89
2169,0,0,19,59,89
2170,1,0,19,59,89
2171,0,0,18,59,89
2172,1,0,19,59,89
2173,0,0,19,59,89
2174,0,0,18,59,89
2175,0,0,18,59,89
2176,0,0,18,59,89
2177,0,0,18,59,89
2178,0,0,18,59,89
2179,0,0,18,59,89
2180,0,0,18,59,89
2181,1,0,18,59,89
2182,0,0,18,59,89
2183,0,0,19,59,89
2184,0,0,18,59,89
2185,0,0,18,59,89
2186,0,0,19,59,89
2187,0,0,18,59,89
2188,0,0,18,59,89
2189,0,0,19,59,89
2190,0,0,19,59,89
2191,0,0,18,59,89
2192,0,0,19,59,89
2193,0,0,19,59,89
2194,1,0,19,59,89
2195,1,0,19,59,89
2196,0,0,19,59,89
2197,0,0,18,59,89
2198,1,0,18,59,89
2199,0,0,19,59,89
2200,0,0,18,59,89
2201,1,0,18,59,89
2202,0,0,19,59,89
2203,1,0,19,59,89
2204,0,0,18,59,89
2205,1,0,18,59,89
2206,0,0,19,59,89
2207,0,0,18,59,89
2208,1,0,18,59,89
2209,0,0,18,59,89
2210,1,0,18,59,89
2211,0,0,18,59,89
2212,1,0,19,59,89
2213,1,0,19,59,89
2214,0,0,19,59,89
2215,0,0,19,59,89
2216,1,0,18,59,89
2217,0,0,18,59,89
2218,0,0,18,59,89
2219,0,0,19,59,89
2220,1,0,19,59,89
2221,0,0,18,59,89
2222,1,0,18,59,89
2223,0,0,18,59,89
2224,0,0,18,59,89
2225,0,0,18,59,89
2226,0,0,18,59,89
2227,1,0,18,59,89
2228,0,0,19,59,89
2229,1,0,19,59,89
2230,0,0,18,59,89
2231,1,0,19,59,89
2232,0,0,18,59,89
2233,0,0,19,59,89
2234,1,0,18,59,89
2235,0,0,19,59,89
2236,0,0,18,59,89
2237,0,0,19,59,89
2238,0,0,19,59,89
2239,1,0,18,59,89
2240,0,0,18,59,89
2241,1,0,18,59,89
2242,1,0,19,59,89
2243,1,0,19,59,89
2244,0,0,18,59,89
2245,1,0,19,59,89
2246,0,0,18,59,89
2247,0,0,18,59,89
2248,0,0,18,59,89
2249,0,0,19,59,89
2250,0,0,19,59,89
2251,0,0,19,59,89
2252,0,0,18,59,89
2253,0,0,18,59,89
2254,1,0,18,59,89
2255,1,0,18,59,89
2256,0,0,19,59,89
2257,0,0,18,59,89
2258,0,0,19,59,89
2259,0,0,19,59,89
2260,1,0,19,59,89
2261,1,0,18,59,89
2262,0,0,19,59,89
2263,1,0,18,59,89
2264,0,0,18,59,89
2265,0,0,19,59,89
2266,0,0,18,59,89
2267,0,0,18,59,89
2268,1,0,19,59,89
2269,0,0,18,59,89
2270,0,0,18,59,89
2271,0,0,19,59,89
2272,1,0,19,59,89
2273,0,0,18,59,89
2274,0,0,18,59,89
2275,1,0,18,59,89
2276,0,0,18,59,89
2277,0,0,18,59,89
2278,0,0,19,59,89
2279,0,0,18,59,89
2280,0,0,18,59,89
2281,1,0,18,59,89
2282,0,0,18,59,89
2283,1,0,18,59,89
2284,1,0,19,59,89
2285,1,0,19,59,89
2286,0,0,18,59,89
2287,1,0,18,59,89
2288,0,0,19,59,89
2289,0,0,19,59,89
2290,0,0,18,59,89
2291,0,0,18,59,89
2292,1,0,19,59,89
2293,0,0,19,59,89
2294,1,0,18,59,89
2295,0,0,18,59,89
2296,0,0,18,59,89
2297,1,0,18,59,89
2298,1,0,18,59,89
2299,0,0,19,59,89
2300,0,0,18,59,89
2301,1,0,19,59,89
2302,0,0,19,59,89
2303,1,0,18,59,89
2304,0,0,19,59,89
2305,1,0,18,59,89
2306,1,0,19,59,89
2307,0,0,18,59,89
2308,0,0,18,59,89
2309,0,0,19,59,89
2310,0,0,19,59,89
2311,0,0,19,59,89
2312,1,0,18,59,89
2313,0,0,19,59,89
2314,0,0,18,59,89
2315,0,0,19,59,89
2316,0,0,19,59,89
2317,0,0,19,59,89
2318,1,0,19,59,89
2319,1,0,19,59,89
2320,0,0,18,59,89
2321,0,0,18,59,90
2322,0,0,18,59,90
2323,0,0,19,59,90
2324,1,0,19,59,90
2325,0,0,19,59,90
2326,1,0,19,59,90
2327,0,0,18,59,90
2328,1,0,19,59,90
2329,0,0,18,59,90
2330,0,0,18,59,90
2331,0,0,18,59,90
2332,0,0,19,59,90
2333,1,0,19,59,90
2334,0,0,18,59,90
2335,0,0,18,59,90
2336,0,0,19,59,90
2337,0,0,19,59,90
2338,0,0,18,59,90
2339,1,0,19,59,90
2340,0,0,19,59,90
2341,0,0,19,59,90
2342,0,0,18,59,90
2343,1,0,19,59,90
2344,1,0,18,59,90
2345,0,0,19,59,90
2346,0,0,19,59,90
2347,0,0,19,59,90
2348,0,0,19,59,90
2349,0,0,18,59,90
2350,1,0,19,59,90
2351,0,0,19,59,90
2352,0,0,19,59,90
2353,1,0,18,59,90
2354,1,0,18,59,90
2355,0,0,19,59,90
2356,1,0,18,59,90
2357,0,0,18,59,90
2358,0,0,18,59,90
2359,1,0,19,59,90
2360,1,0,19,59,90
2361,0,0,19,59,90
2362,1,0,18,59,90
2363,0,0,18,59,90
2364,0,0,19,59,90
2365,1,0,18,59,90
2366,0,0,18,59,90
2367,0,0,18,59,90
2368,0,0,19,59,90
2369,0,0,19,59,90
2370,0,0,18,59,90
2371,1,0,19,59,90
2372,1,0,18,59,90
2373,0,0,18,59,90
2374,0,0,19,59,90
2375,0,0,18,59,90
2376,0,0,19,59,90
2377,0,0,18,59,90
2378,1,0,19,59,90
2379,0,0,19,59,90
2380,1,0,19,59,90
2381,0,0,19,59,90
2382,1,0,19,59,90
2383,0,0,19,59,90
2384,1,0,19,59,90
2385,1,0,19,59,90
2386,0,0,18,59,90
2387,0,0,18,59,90
2388,0,0,18,59,90
2389,1,0,18,59,90
2390,0,0,18,59,90
2391,0,0,18,59,90
2392,0,0,19,59,90
2393,0,0,18,59,90
2394,1,0,19,59,90
2395,0,0,19,59,90
2396,0,0,19,59,90
2397,0,0,18,59,90
2398,0,0,19,59,90
2399,0,0,19,59,90
2400,0,0,18,59,90
2401,1,0,18,59,90
2402,0,0,19,59,90
2403,0,0,19,59,90
2404,1,0,19,59,90
2405,1,0,19,59,90
2406,1,0,18,59,90
2407,0,0,19,59,90
2408,1,0,19,59,90
2409,0,0,19,59,90
2410,1,0,19,59,90
2411,0,0,19,59,90
2412,0,0,19,59,90
2413,0,0,18,59,90
2414,1,0,19,59,90
2415,0,0,18,59,90
2416,1,0,18,59,90
2417,1,0,19,59,90
2418,0,0,19,59,90
2419,1,0,18,59,90
2420,0,0,19,59,90
2421,0,0,18,59,90
2422,1,0,19,59,90
2423,1,0,19,59,90
2424,0,0,19,59,90
2425,0,0,18,59,90
2426,0,0,18,59,90
2427,0,0,18,59,90
2428,1,0,19,59,90
2429,0,0,18,59,90
2430,0,0,18,59,90
2431,0,0,18,59,90
2432,0,0,19,59,90
2433,1,0,19,59,90
2434,0,0,19,59,90
2435,1,0,19,59,90
2436,0,0,19,59,90
2437,0,0,18,59,90
2438,0,0,18,59,90
2439,1,0,18,59,90
2440,1,0,18,59,90
2441,0,0,18,59,90
2442,1,0,18,59,90
2443,1,0,19,59,90
2444,0,0,18,59,90
2445,1,0,18,59,90
2446,0,0,19,59,90
2447,1,0,18,59,90
2448,0,0,19,59,90
2449,0,0,19,59,90
2450,0,0,18,59,90
2451,1,0,18,59,90
2452,0,0,19,59,90
2453,0,0,18,59,90
2454,0,0,18,59,90
2455,0,0,18,59,90
2456,1,0,18,59,90
2457,1,0,18,59,90
2458,0,0,18,59,90
2459,0,0,19,59,90
2460,1,0,18,59,90
2461,1,0,19,59,90
2462,0,0,19,59,90
2463,0,0,19,59,90
2464,1,0,18,59,90
2465,1,0,18,59,90
2466,0,0,18,59,90
2467,1,0,19,59,90
2468,0,0,18,59,90
2469,1,0,19,59,90
2470,1,0,19,59,90
2471,1,0,19,59,90
2472,1,0,18,59,90
2473,1,0,19,59,90
2474,0,0,18,59,90
2475,1,0,19,59,90
2476,0,0,19,59,90
2477,1,0,19,59,90
2478,0,0,19,59,90
2479,1,0,19,59,90
2480,0,0,19,59,90
2481,0,0,18,59,90
2482,0,0,18,59,90
2483,1,0,18,59,90
2484,0,0,18,59,90
2485,1,0,18,59,90
2486,0,0,18,59,90
2487,0,0,19,59,90
2488,0,0,18,59,90
2489,1,0,18,59,90
2490,0,0,19,59,90
2491,0,0,19,59,90
2492,0,0,19,59,90
2493,1,0,18,59,91
2494,1,0,18,59,91
2495,1,0,19,59,91
2496,0,0,18,59,91
2497,0,0,18,59,91
2498,0,0,19,59,91
2499,1,0,18,59,91
2500,0,0,19,59,91
2501,0,0,18,59,91
2502,1,0,18,59,91
2503,1,0,19,59,91
2504,0,0,18,59,91
2505,0,0,18,59,91
2506,0,0,19,59,91
2507,0,0,18,59,91
2508,0,0,18,59,91
2509,1,0,19,59,91
2510,0,0,18,59,91
2511,1,0,19,59,91
2512,1,0,18,59,91
2513,1,0,19,59,91
2514,0,0,19,59,91
2515,1,0,18,59,91
2516,0,0,19,59,91
2517,1,0,19,59,91
2518,1,0,19,59,91
2519,0,0,19,59,91
2520,1,0,18,59,91
2521,1,0,19,59,91
2522,0,0,18,59,91
2523,0,0,19,59,91
2524,1,0,18,59,91
2525,1,0,18,59,91
2526,0,0,18,59,91
2527,1,0,19,59,91
2528,0,0,18,59,91
2529,1,0,19,59,91
2530,0,0,18,59,91
2531,0,0,18,59,91
2532,0,0,19,59,91
2533,0,0,18,59,91
2534,0,0,19,59,91
2535,1,0,19,59,91
2536,1,0,19,59,91
2537,0,0,19,59,91
2538,0,0,19,59,91
2539,0,0,19,59,91
2540,0,0,18,59,91
2541,1,0,19,59,91
2542,0,0,19,59,91
2543,0,0,18,59,91
2544,0,0,18,59,91
2545,1,0,19,59,91
2546,1,0,18,59,91
2547,1,0,19,59,91
2548,1,0,18,59,91
2549,1,0,18,59,91
2550,1,0,18,59,91
2551,1,0,19,59,91
2552,0,0,19,59,91
2553,1,0,19,59,91
2554,0,0,19,59,91
2555,1,0,18,59,91
2556,1,0,18,59,91
2557,1,0,18,59,91
2558,1,0,18,59,91
2559,1,0,18,59,91
2560,1,0,18,59,91
2561,0,0,18,59,91
2562,1,0,18,59,91
2563,1,0,18,59,91
2564,0,0,19,59,91
2565,1,0,19,59,91
2566,0,0,18,59,91
2567,0,0,19,59,91
2568,0,0,19,59,91
2569,1,0,19,59,91
2570,0,0,19,59,91
2571,0,0,19,59,91
2572,0,0,18,59,91
2573,1,0,19,59,91
2574,0,0,19,59,91
2575,1,0,19,59,91
2576,0,0,18,59,91
2577,0,0,18,59,91
2578,1,0,19,59,91
2579,0,0,19,59,91
2580,0,0,19,59,91
2581,1,0,18,59,91
2582,1,0,19,59,91
2583,1,0,19,59,91
2584,1,0,18,59,91
2585,0,0,19,59,91
2586,0,0,19,59,91
2587,0,0,18,59,91
2588,0,0,18,59,91
2589,1,0,19,59,91
2590,1,0,19,59,91
2591,0,0,18,59,91
2592,1,0,18,59,91
2593,0,0,19,59,91
2594,0,0,18,59,91
2595,0,0,18,59,91
2596,1,0,18,59,91
2597,0,0,19,59,91
2598,0,0,19,59,91
2599,1,0,18,59,91
2600,0,0,18,59,91
2601,1,0,18,59,91
2602,0,0,18,59,91
2603,0,0,19,59,91
2604,1,0,18,59,91
2605,1,0,19,59,91
2606,1,0,18,59,91
2607,0,0,18,59,91
2608,0,0,18,59,91
2609,0,0,19,59,91
2610,1,0,18,59,91
2611,0,0,18,59,91
2612,1,0,19,59,91
2613,1,0,18,59,91
2614,1,0,18,59,91
2615,0,0,18,59,91
2616,0,0,18,59,91
2617,1,0,18,59,91
2618,0,0,19,59,91
2619,0,0,19,59,91
2620,0,0,18,59,91
2621,0,0,19,59,91
2622,1,0,19,59,91
2623,0,0,18,59,91
2624,1,0,19,59,91
2625,0,0,18,59,91
2626,0,0,18,59,91
2627,1,0,18,59,91
2628,1,0,19,59,91
2629,0,0,19,59,91
2630,0,0,19,59,91
2631,1,0,18,59,91
2632,1,0,18,59,91
2633,0,0,19,59,91
2634,0,0,18,59,91
2635,1,0,18,59,91
2636,1,0,19,59,91
2637,0,0,18,59,91
2638,1,0,18,59,91
2639,0,0,18,59,91
2640,0,0,18,59,91
2641,1,0,18,59,91
2642,0,0,18,59,91
2643,1,0,19,59,91
2644,0,0,18,59,91
2645,0,0,18,59,91
2646,0,0,19,59,91
2647,0,0,18,59,91
2648,0,0,19,59,91
2649,0,0,19,59,91
2650,1,0,19,59,91
2651,1,0,19,59,91
2652,1,0,19,59,91
2653,0,0,18,59,91
2654,0,0,19,59,91
2655,0,0,19,59,91
2656,0,0,19,59,91
2657,0,0,19,59,91
2658,0,0,19,59,91
2659,0,0,18,59,91
2660,1,0,19,59,91
2661,0,0,18,59,91
2662,0,0,19,59,91
2663,0,0,18,59,92
2664,0,0,19,59,92
2665,0,0,19,59,92
2666,0,0,19,59,92
2667,1,0,19,59,92
2668,1,0,19,59,92
2669,0,0,18,59,92
2670,1,0,18,59,92
2671,0,0,18,59,92
2672,0,0,19,59,92
2673,0,0,18,59,92
2674,1,0,18,59,92
2675,0,0,19,59,92
2676,1,0,19,59,92
2677,0,0,18,59,92
2678,0,0,18,59,92
2679,0,0,18,59,92
2680,0,0,19,59,92
2681,0,0,19,59,92
2682,0,0,18,59,92
2683,1,0,19,59,92
2684,0,0,18,59,92
2685,0,0,19,59,92
2686,0,0,18,59,92
2687,0,0,19,59,92
2688,0,0,18,59,92
2689,1,0,18,59,92
2690,1,0,19,59,92
2691,0,0,19,59,92
2692,1,0,18,59,92
2693,1,0,19,59,92
2694,1,0,19,59,92
2695,1,0,19,59,92
2696,0,0,18,59,92
2697,0,0,19,59,92
2698,0,0,18,59,92
2699,0,0,19,59,92
2700,1,0,18,59,92
2701,0,0,18,59,92
2702,0,0,18,59,92
2703,0,0,18,59,92
2704,0,0,18,59,92
2705,0,0,19,59,92
2706,1,0,19,59,92
2707,0,0,18,59,92
2708,0,0,19,59,92
2709,0,0,18,59,92
2710,0,0,18,59,92
2711,0,0,19,59,92
2712,1,0,19,59,92
2713,0,0,18,59,92
2714,1,0,18,59,92
2715,1,0,19,59,92
2716,1,0,19,59,92
2717,1,0,18,59,92
2718,0,0,19,59,92
2719,1,0,18,59,92
2720,1,0,18,59,92
2721,0,0,18,59,92
2722,0,0,18,59,92
2723,0,0,18,59,92
2724,1,0,19,59,92
2725,0,0,19,59,92
2726,1,0,18,59,92
2727,0,0,19,59,92
2728,1,0,19,59,92
2729,1,0,19,59,92
2730,0,0,18,59,92
2731,1,0,19,59,92
2732,0,0,19,59,92
2733,1,0,19,59,92
2734,0,0,19,59,92
2735,0,0,19,59,92
2736,0,0,19,59,92
2737,0,0,19,59,92
2738,1,0,19,59,92
2739,1,0,18,59,92
2740,0,0,19,59,92
2741,0,0,18,59,92
2742,0,0,18,59,92
2743,1,0,18,59,92
2744,0,0,19,59,92
2745,1,0,19,59,92
2746,1,0,18,59,92
2747,1,0,18,59,92
2748,0,0,18,59,92
2749,0,0,18,59,92
2750,1,0,18,59,92
2751,1,0,18,59,92
2752,1,0,19,59,92
2753,0,0,19,59,92
2754,0,0,19,59,92
2755,1,0,18,59,92
2756,1,0,19,59,92
2757,0,0,18,59,92
2758,1,0,18,59,92
2759,0,0,18,59,92
2760,0,0,19,59,92
2761,0,0,19,59,92
2762,1,0,19,59,92
2763,0,0,18,59,92
2764,1,0,19,59,92
2765,0,0,19,59,92
2766,1,0,18,59,92
2767,0,0,19,59,92
2768,1,0,19,59,92
2769,0,0,18,59,92
2770,0,0,19,59,92
2771,0,0,18,59,92
2772,0,0,19,59,92
2773,0,0,19,59,92
2774,0,0,19,59,92
2775,0,0,18,59,92
2776,0,0,18,59,92
2777,0,0,18,59,92
2778,1,0,19,59,92
2779,0,0,18,59,92
2780,0,0,18,59,92
2781,0,0,18,59,92
2782,1,0,19,59,92
2783,1,0,19,59,93
2784,1,0,18,59,93
2785,0,0,19,59,93
2786,0,0,19,59,93
2787,0,0,19,59,93
2788,0,0,19,59,93
2789,0,0,18,59,93
2790,0,0,18,59,93
2791,0,0,19,59,93
2792,1,0,18,59,93
2793,1,0,18,59,93
2794,0,0,18,59,93
2795,1,0,19,59,93
2796,0,0,18,59,93
2797,1,0,18,59,93
2798,0,0,18,59,93
2799,0,0,18,59,93
2800,1,0,19,59,93
2801,0,0,19,59,93
2802,1,0,18,59,93
2803,0,0,19,59,93
2804,1,0,19,59,93
2805,1,0,19,59,93
2806,0,0,19,59,93
2807,0,0,18,59,93
2808,1,0,18,59,93
2809,1,0,19,59,93
2810,0,0,18,59,93
2811,1,0,18,59,93
2812,0,0,19,59,93
2813,0,0,19,59,93
2814,1,0,18,59,93
2815,0,0,19,59,93
2816,0,0,18,59,93
2817,0,0,19,59,93
2818,0,0,18,59,93
2819,0,0,18,59,93
2820,1,0,19,59,93
2821,0,0,18,59,93
2822,0,0,18,59,93
2823,0,0,19,59,93
2824,0,0,19,59,93
2825,0,0,19,59,93
2826,0,0,18,59,93
2827,1,0,19,59,93
2828,0,0,19,59,93
2829,1,0,19,59,93
2830,0,0,19,59,93
2831,1,0,18,59,93
2832,1,0,18,59,93
2833,1,0,18,59,93
2834,1,0,18,59,93
2835,0,0,19,59,93
2836,0,0,19,59,93
2837,1,0,19,59,93
2838,0,0,18,59,93
2839,0,0,19,59,93
2840,1,0,18,59,93
2841,0,0,19,59,93
2842,0,0,18,59,93
2843,1,0,19,59,93
2844,1,0,19,59,93
2845,0,0,19,59,93
2846,1,0,18,59,93
2847,0,0,18,59,93
2848,1,0,19,59,93
2849,1,0,19,59,93
2850,0,0,18,59,93
2851,0,0,19,59,93
2852,0,0,19,59,93
2853,0,0,18,59,93
2854,0,0,19,59,93
2855,1,0,18,59,93
2856,1,0,19,59,93
2857,1,0,19,59,93
2858,0,0,19,59,93
2859,1,0,19,59,93
2860,0,0,19,59,93
2861,1,0,19,59,93
2862,0,0,19,59,93
2863,0,0,19,59,93
2864,0,0,18,59,93
2865,0,0,19,59,93
2866,1,0,18,59,93
2867,0,0,18,59,93
2868,0,0,18,59,93
2869,0,0,19,59,93
2870,1,0,18,59,93
2871,0,0,19,59,93
2872,0,0,18,59,93
2873,1,0,19,59,93
2874,1,0,19,59,93
2875,0,0,19,59,93
2876,1,0,18,59,93
2877,0,0,19,59,93
2878,1,0,18,59,93
2879,1,0,18,59,93
2880,0,0,19,59,93
2881,0,0,19,59,93
2882,0,0,18,59,93
2883,0,0,19,59,93
2884,0,0,19,59,93
2885,0,0,18,59,93
2886,1,0,18,59,93
2887,0,0,19,59,93
2888,1,0,18,59,93
2889,0,0,19,59,93
2890,0,0,19,59,93
2891,0,0,18,59,93
2892,1,0,18,59,93
2893,1,0,18,59,93
2894,0,0,19,59,93
2895,0,0,18,59,93
2896,0,0,18,59,93
2897,0,0,19,59,93
2898,1,0,18,59,93
2899,0,0,18,59,93
2900,1,0,19,59,93
2901,0,0,18,59,93
2902,0,0,19,59,93
2903,1,0,18,59,93
2904,1,0,18,59,93
2905,0,0,18,59,93
2906,0,0,19,59,93
2907,1,0,18,59,93
2908,0,0,18,59,93
2909,1,0,19,59,94
2910,1,0,19,59,94
2911,0,0,18,59,94
2912,0,0,18,59,94
2913,0,0,18,59,94
2914,0,0,19,59,94
2915,0,0,18,59,94
2916,0,0,19,59,94
2917,1,0,18,59,94
2918,1,0,19,59,94
2919,0,0,18,59,94
2920,1,0,19,59,94
2921,1,0,19,59,94
2922,0,0,18,59,94
2923,0,0,18,59,94
2924,1,0,19,59,94
2925,0,0,19,59,94
2926,1,0,19,59,94
2927,0,0,18,59,94
2928,0,0,18,59,94
2929,1,0,18,59,94
2930,1,0,19,59,94
2931,1,0,18,59,94
2932,1,0,18,59,94
2933,0,0,18,59,94
2934,1,0,18,59,94
2935,0,0,18,59,94
2936,0,0,18,59,94
2937,0,0,19,59,94
2938,0,0,18,59,94
2939,0,0,19,59,94
2940,0,0,18,59,94
2941,0,0,18,59,94
2942,0,0,19,59,94
2943,0,0,19,59,94
2944,0,0,19,59,94
2945,1,0,19,59,94
2946,0,0,18,59,94
2947,0,0,19,59,94
2948,0,0,18,59,94
2949,0,0,19,59,94
2950,0,0,18,59,94
2951,0,0,19,59,94
2952,0,0,19,59,94
2953,0,0,19,59,94
2954,0,0,18,59,94
2955,1,0,19,59,94
2956,1,0,18,59,94
2957,1,0,19,59,94
2958,0,0,19,59,94
2959,0,0,18,59,94
2960,0,0,18,59,94
2961,0,0,19,59,94
2962,0,0,18,59,94
2963,0,0,19,59,94
2964,1,0,18,59,94
2965,0,0,19,59,94
2966,1,0,18,59,94
2967,0,0,18,59,94
2968,1,0,18,59,94
2969,0,0,18,59,94
2970,0,0,19,59,94
2971,0,0,19,59,94
2972,1,0,19,59,94
2973,0,0,18,59,94
2974,0,0,18,59,94
2975,1,0,19,59,94
2976,1,0,18,59,94
2977,0,0,19,59,94
2978,0,0,19,59,94
2979,0,0,18,59,94
2980,1,0,18,59,94
2981,1,0,18,59,94
2982,0,0,18,59,94
2983,0,0,18,59,94
2984,0,0,18,59,94
2985,1,0,18,59,94
2986,0,0,19,59,94
2987,0,0,18,59,94
2988,0,0,18,59,94
2989,0,0,18,59,94
2990,1,0,18,59,94
2991,0,0,19,59,94
2992,1,0,19,59,94
2993,1,0,18,59,94
2994,0,0,18,59,94
2995,0,0,18,59,94
2996,1,0,18,59,94
2997,0,0,18,59,94
2998,0,0,18,59,94
2999,1,0,19,59,94
3000,0,0,18,59,94
3001,0,0,19,59,94
3002,0,0,18,59,94
3003,1,0,18,59,94
3004,0,0,18,59,94
3005,0,0,19,59,94
3006,0,0,18,59,94
3007,0,0,18,59,94
3008,0,0,18,59,94
3009,0,0,18,59,94
3010,0,0,18,59,94
3011,1,0,19,59,94
3012,0,0,18,59,94
3013,1,0,19,59,94
3014,0,0,19,59,94
3015,0,0,18,59,94
3016,1,0,19,59,94
3017,0,0,18,59,94
3018,0,0,18,59,94
3019,0,0,19,59,94
3020,0,0,19,59,94
3021,1,0,19,59,94
3022,1,0,18,59,94
3023,1,0,19,59,94
3024,0,0,18,59,94
3025,0,0,18,59,94
3026,0,0,19,59,94
3027,0,0,18,59,94
3028,1,0,18,59,94
3029,0,0,19,59,94
3030,1,0,18,59,94
3031,1,0,18,59,94
3032,1,0,18,59,94
3033,1,0,19,59,94
3034,0,0,19,59,94
3035,1,0,18,59,94
3036,0,0,19,59,94
3037,1,0,18,59,94
3038,0,0,18,59,94
3039,1,0,19,59,94
3040,0,0,19,59,94
3041,0,0,19,59,94
3042,0,0,19,59,94
3043,0,0,19,59,94
3044,0,0,19,59,94
3045,0,0,18,59,94
3046,0,0,18,59,95
3047,1,0,18,59,95
3048,0,0,19,59,95
3049,0,0,19,59,95
3050,0,0,18,59,95
3051,0,0,18,59,95
3052,1,0,19,59,95
3053,0,0,19,59,95
3054,0,0,18,59,95
3055,0,0,19,59,95
3056,0,0,18,59,95
3057,0,0,18,59,95
3058,0,0,19,59,95
3059,1,0,19,59,95
3060,1,0,19,59,95
3061,0,0,18,59,95
3062,0,0,19,59,95
3063,0,0,19,59,95
3064,1,0,18,59,95
3065,0,0,19,59,95
3066,1,0,19,59,95
3067,0,0,19,59,95
3068,0,0,19,59,95
3069,0,0,19,59,95
3070,0,0,19,59,95
3071,0,0,19,59,95
3072,1,0,19,59,95
3073,0,0,19,59,95
3074,0,0,18,59,95
3075,1,0,19,59,95
3076,0,0,19,59,95
3077,0,0,18,59,95
3078,1,0,18,59,95
3079,1,0,18,59,95
3080,0,0,18,59,95
3081,1,0,18,59,95
3082,0,0,19,59,95
3083,0,0,19,59,95
3084,0,0,18,59,95
3085,0,0,19,59,95
3086,1,0,18,59,95
3087,0,0,19,59,95
3088,0,0,18,59,95
3089,1,0,19,59,95
3090,0,0,19,59,95
3091,0,0,18,59,95
3092,1,0,19,59,95
3093,1,0,19,59,95
3094,1,0,19,59,95
3095,0,0,18,59,95
3096,0,0,18,59,95
3097,0,0,19,59,95
3098,0,0,18,59,95
3099,0,0,18,59,95
3100,1,0,19,59,95
3101,1,0,19,59,95
3102,1,0,19,59,95
3103,0,0,18,59,95
3104,0,0,18,59,95
3105,0,0,18,59,95
3106,1,0,19,59,95
3107,0,0,19,59,95
3108,0,0,18,59,95
3109,1,0,19,59,95
3110,1,0,19,59,95
3111,1,0,18,59,95
3112,1,0,19,59,95
3113,0,0,19,59,95
3114,1,0,18,59,95
3115,1,0,19,59,95
3116,0,0,19,59,95
3117,1,0,19,59,95
3118,0,0,19,59,95
3119,0,0,18,59,95
3120,0,0,18,59,95
3121,0,0,19,59,95
3122,0,0,19,59,95
3123,0,0,18,59,95
3124,0,0,18,59,95
3125,1,0,19,59,95
3126,0,0,18,59,95
3127,1,0,19,59,95
3128,1,0,19,59,95
3129,0,0,19,59,95
3130,0,0,18,59,95
3131,0,0,18,59,95
3132,0,0,18,59,95
3133,0,0,19,59,95
3134,0,0,19,59,95
3135,0,0,19,59,95
3136,1,0,19,59,95
3137,0,0,19,59,95
3138,0,0,19,59,95
3139,0,0,18,59,95
3140,0,0,18,59,95
3141,0,0,19,59,95
3142,1,0,18,59,95
3143,1,0,18,59,95
3144,1,0,19,59,95
3145,0,0,18,59,95
3146,1,0,18,59,95
3147,0,0,18,59,95
3148,1,0,18,59,95
3149,1,0,18,59,95
3150,1,0,19,59,95
3151,0,0,18,59,95
3152,1,0,18,59,95
3153,0,0,18,59,95
3154,0,0,18,59,96
3155,0,0,19,59,96
3156,0,0,18,59,96
3157,1,0,18,59,96
3158,0,0,18,59,96
3159,1,0,19,59,96
3160,0,0,19,59,96
3161,1,0,19,59,96
3162,1,0,19,59,96
3163,0,0,18,59,96
3164,0,0,18,59,96
3165,0,0,18,59,96
3166,0,0,18,59,96
3167,0,0,19,59,96
3168,0,0,19,59,96
3169,0,0,18,59,96
3170,1,0,19,59,96
3171,1,0,19,59,96
3172,0,0,19,59,96
3173,0,0,18,59,96
3174,1,0,18,59,96
3175,1,0,18,59,96
3176,0,0,19,59,96
3177,1,0,19,59,96
3178,0,0,19,59,96
3179,0,0,18,59,96
3180,1,0,18,59,96
3181,1,0,19,59,96
3182,1,0,18,59,96
3183,0,0,18,59,96
3184,0,0,18,59,96
3185,0,0,18,59,96
3186,0,0,19,59,96
3187,0,0,19,59,96
3188,0,0,19,59,96
3189,0,0,19,59,96
3190,1,0,18,59,96
3191,0,0,18,59,96
3192,1,0,19,59,96
3193,1,0,18,59,96
3194,0,0,19,59,96
3195,0,0,18,59,96
3196,0,0,18,59,96
3197,0,0,18,59,96
3198,0,0,18,59,96
3199,1,0,19,59,96
3200,1,0,19,59,96
3201,0,0,18,59,96
3202,0,0,19,59,96
3203,0,0,18,59,96
3204,0,0,18,59,96
3205,0,0,19,59,96
3206,0,0,18,59,96
3207,0,0,18,59,96
3208,0,0,19,59,96
3209,1,0,18,59,96
3210,0,0,18,59,96
3211,0,0,19,59,96
3212,0,0,19,59,96
3213,1,0,18,59,96
3214,0,0,19,59,96
3215,1,0,18,59,96
3216,0,0,19,59,96
3217,0,0,18,59,96
3218,1,0,18,59,96
3219,0,0,19,59,96
3220,1,0,18,59,96
3221,1,0,19,59,96
3222,0,0,18,59,96
3223,0,0,19,59,96
3224,0,0,18,59,96
3225,1,0,18,59,96
3226,0,0,19,59,96
3227,0,0,18,59,96
3228,1,0,18,59,96
3229,0,0,18,59,96
3230,0,0,18,59,96
3231,0,0,19,59,96
3232,0,0,19,59,96
3233,0,0,19,59,96
3234,1,0,19,59,96
3235,0,0,19,59,96
3236,0,0,19,59,96
3237,1,0,18,59,96
3238,0,0,19,59,96
3239,1,0,18,59,96
3240,1,0,19,59,96
3241,0,0,18,59,96
3242,1,0,18,59,96
3243,0,0,19,59,96
3244,1,0,19,59,96
3245,0,0,19,59,96
3246,0,0,19,59,96
3247,1,0,18,59,96
3248,0,0,19,59,96
3249,0,0,18,59,96
3250,0,0,18,59,96
3251,1,0,18,59,96
3252,0,0,19,59,96
3253,0,0,18,59,96
3254,1,0,19,59,96
3255,0,0,19,59,96
3256,0,0,19,59,96
3257,0,0,18,59,96
3258,0,0,18,59,96
3259,0,0,19,59,96
3260,1,0,19,59,96
3261,0,0,19,59,96
3262,0,0,19,59,96
3263,1,0,19,59,96
3264,0,0,19,59,96
3265,0,0,19,59,96
3266,1,0,19,59,96
3267,1,0,18,59,96
3268,1,0,19,59,96
3269,0,0,18,59,96
3270,1,0,18,59,96
3271,0,0,19,59,96
3272,0,0,19,59,96
3273,0,0,19,59,96
3274,0,0,18,59,96
3275,1,0,18,59,96
3276,0,0,18,59,97
3277,0,0,18,59,97
3278,1,0,18,59,97
3279,1,0,19,59,97
3280,0,0,18,59,97
3281,0,0,19,59,97
3282,0,0,19,59,97
3283,0,0,18,59,97
3284,1,0,19,59,97
3285,0,0,19,59,97
3286,0,0,18,59,97
3287,0,0,18,59,97
3288,0,0,19,59,97
3289,1,0,18,59,97
3290,0,0,19,59,97
3291,0,0,19,59,97
3292,1,0,19,59,97
3293,1,0,18,59,97
3294,0,0,18,59,97
3295,0,0,18,59,97
3296,0,0,18,59,97
3297,1,0,18,59,97
3298,0,0,18,59,97
3299,1,0,18,59,97
3300,0,0,18,59,97
3301,1,0,18,59,97
3302,1,0,19,59,97
3303,0,0,18,59,97
3304,0,0,18,59,97
3305,0,0,18,59,97
3306,1,0,18,59,97
3307,1,0,19,59,97
3308,1,0,18,59,97
3309,0,0,18,59,97
3310,1,0,18,59,97
3311,0,0,19,59,97
3312,0,0,18,59,97
3313,0,0,19,59,97
3314,1,0,18,59,97
3315,1,0,18,59,97
3316,1,0,19,59,97
3317,0,0,19,59,97
3318,0,0,19,59,97
3319,1,0,19,59,97
3320,1,0,18,59,97
3321,1,0,19,59,97
3322,1,0,19,59,97
3323,1,0,18,59,97
3324,1,0,18,59,97
3325,1,0,19,59,97
3326,1,0,18,59,97
3327,0,0,19,59,97
3328,0,0,19,59,97
3329,1,0,19,59,97
3330,0,0,19,59,97
3331,1,0,19,59,97
3332,0,0,19,59,97
3333,0,0,19,59,97
3334,1,0,18,59,97
3335,1,0,18,59,97
3336,0,0,18,59,97
3337,0,0,19,59,97
3338,0,0,19,59,97
3339,0,0,18,59,97
3340,1,0,19,59,97
3341,0,0,19,59,97
3342,0,0,19,59,97
3343,1,0,18,59,97
3344,1,0,19,59,97
3345,0,0,18,59,97
3346,1,0,19,59,97
3347,0,0,18,59,97
3348,0,0,18,59,97
3349,0,0,19,59,97
3350,1,0,19,59,97
3351,0,0,19,59,97
3352,1,0,19,59,97
3353,0,0,19,59,97
3354,1,0,19,59,97
3355,1,0,19,59,97
3356,1,0,19,59,97
3357,1,0,18,59,97
3358,1,0,18,59,97
3359,1,0,18,59,97
3360,0,0,19,59,97
3361,1,0,19,59,97
3362,0,0,19,59,97
3363,1,0,18,59,97
3364,1,0,19,59,97
3365,1,0,18,59,97
3366,0,0,18,59,97
3367,0,0,19,59,97
3368,1,0,19,59,97
3369,1,0,19,59,97
3370,1,0,18,59,97
3371,0,0,18,59,97
3372,0,0,18,59,97
3373,0,0,18,59,97
3374,1,0,18,59,97
3375,0,0,18,59,97
3376,0,0,19,59,97
3377,1,0,18,59,97
3378,0,0,18,59,97
3379,0,0,19,59,97
3380,0,0,19,59,97
3381,1,0,18,59,97
3382,1,0,19,59,97
3383,0,0,18,59,97
3384,1,0,19,59,97
3385,0,0,18,59,97
3386,0,0,19,59,97
3387,0,0,18,59,97
3388,0,0,18,59,97
3389,1,0,18,59,97
3390,0,0,18,59,97
3391,0,0,18,59,97
3392,0,0,19,59,97
3393,0,0,18,59,97
3394,1,0,18,59,97
3395,0,0,18,59,97
3396,0,0,18,59,97
3397,1,0,18,59,97
3398,0,0,18,59,97
3399,0,0,18,59,97
3400,0,0,19,59,97
3401,1,0,18,59,97
3402,1,0,18,59,97
3403,0,0,18,62,89
3404,0,0,18,62,89
3405,0,0,18,62,89
3406,0,0,19,62,89
3407,0,0,19,62,89
3408,0,0,19,62,89
3409,0,0,19,62,89
3410,0,0,18,62,89
3411,0,0,18,62,89
3412,1,0,19,62,89
3413,0,0,18,62,89
3414,0,0,18,62,89
3415,0,0,18,62,89
3416,0,0,18,62,89
3417,1,0,19,62,89
3418,0,0,18,62,89
3419,1,0,19,62,89
3420,0,0,19,62,89
3421,1,0,19,62,89
3422,0,0,18,62,89
3423,0,0,18,62,89
3424,0,0,19,62,89
3425,0,0,19,62,89
3426,0,0,18,62,89
3427,1,0,18,62,89
3428,0,0,18,62,89
3429,0,0,18,62,89
3430,0,0,18,62,89
3431,0,0,19,62,89
3432,0,0,18,62,89
3433,1,0,18,62,89
3434,0,0,18,62,89
3435,1,0,18,62,89
3436,0,0,18,62,89
3437,0,0,19,62,89
3438,0,0,18,62,89
3439,0,0,19,62,89
3440,0,0,19,62,89
3441,0,0,19,62,89
3442,0,0,18,62,89
3443,0,0,18,62,89
3444,1,0,19,62,89
3445,1,0,18,62,89
3446,0,0,18,62,89
3447,0,0,19,62,89
3448,1,0,19,62,89
3449,0,0,19,62,89
3450,0,0,19,62,89
3451,0,0,18,62,89
3452,0,0,19,62,89
3453,1,0,18,62,89
3454,1,0,18,62,89
3455,1,0,18,62,89
3456,0,0,18,62,89
3457,0,0,18,62,89
3458,0,0,18,62,89
3459,0,0,18,62,89
3460,0,0,19,62,89
3461,1,0,19,62,90
3462,0,0,19,62,90
3463,1,0,18,62,90
3464,0,0,19,62,90
3465,0,0,18,62,90
3466,1,0,19,62,90
3467,1,0,18,62,90
3468,0,0,18,62,90
3469,1,0,18,62,90
3470,1,0,19,62,90
3471,0,0,19,62,90
3472,0,0,19,62,90
3473,0,0,19,62,90
3474,0,0,18,62,90
3475,0,0,19,62,90
3476,0,0,18,62,90
3477,0,0,19,62,90
3478,1,0,18,62,90
3479,0,0,19,62,90
3480,1,0,19,62,90
3481,1,0,19,62,90
3482,0,0,19,62,90
3483,1,0,18,62,90
3484,0,0,19,62,90
3485,0,0,19,62,90
3486,1,0,19,62,90
3487,1,0,18,62,90
3488,0,0,19,62,90
3489,0,0,19,62,90
3490,0,0,18,62,90
3491,0,0,18,62,90
3492,1,0,19,62,90
3493,1,0,18,62,90
3494,0,0,19,62,90
3495,1,0,19,62,90
3496,1,0,18,62,90
3497,0,0,19,62,90
3498,1,0,19,62,90
3499,0,0,18,62,90
3500,1,0,18,62,90
3501,0,0,19,62,90
3502,1,0,19,62,90
3503,0,0,19,62,90
3504,0,0,18,62,90
3505,1,0,19,62,90
3506,0,0,19,62,90
3507,1,0,18,62,90
3508,0,0,19,62,90
3509,0,0,18,62,90
3510,0,0,19,62,90
3511,0,0,18,62,90
3512,0,0,18,62,91
3513,1,0,19,62,91
3514,0,0,18,62,91
3515,0,0,18,62,91
3516,0,0,18,62,91
3517,0,0,19,62,91
3518,1,0,18,62,91
3519,1,0,19,62,91
3520,0,0,19,62,91
3521,0,0,18,62,91
3522,1,0,19,62,91
3523,1,0,19,62,91
3524,0,0,18,62,91
3525,1,0,19,62,91
3526,0,0,18,62,91
3527,1,0,18,62,91
3528,1,0,19,62,91
3529,1,0,19,62,91
3530,0,0,18,62,91
3531,0,0,19,62,91
3532,0,0,18,62,91
3533,1,0,19,62,91
3534,1,0,19,62,91
3535,0,0,19,62,91
3536,0,0,18,62,91
3537,0,0,19,62,91
3538,0,0,19,62,91
3539,1,0,19,62,91
3540,0,0,19,62,91
3541,0,0,18,62,91
3542,0,0,18,62,91
3543,1,0,18,62,91
3544,0,0,18,62,91
3545,0,0,18,62,91
3546,0,0,18,62,91
3547,0,0,19,62,91
3548,0,0,19,62,91
3549,0,0,18,62,91
3550,1,0,19,62,91
3551,0,0,18,62,91
3552,1,0,19,62,91
3553,1,0,18,62,91
3554,0,0,18,62,91
3555,0,0,18,62,91
3556,0,0,18,62,91
3557,0,0,18,62,91
3558,0,0,19,62,91
3559,0,0,19,62,91
3560,0,0,18,62,91
3561,0,0,18,62,91
3562,0,0,19,62,91
3563,0,0,18,62,91
3564,0,0,18,62,91
3565,0,0,19,62,91
3566,0,0,18,62,91
3567,0,0,18,62,92
3568,0,0,19,62,92
3569,0,0,18,62,92
3570,0,0,19,62,92
3571,1,0,18,62,92
3572,0,0,18,62,92
3573,0,0,18,62,92
3574,1,0,18,62,92
3575,1,0,18,62,92
3576,0,0,18,62,92
3577,1,0,19,62,92
3578,0,0,19,62,92
3579,0,0,18,62,92
3580,1,0,18,62,92
3581,1,0,18,62,92
3582,1,0,18,62,92
3583,1,0,19,62,92
3584,1,0,19,62,92
3585,0,0,19,62,92
3586,0,0,18,62,92
3587,0,0,19,62,92
3588,1,0,18,62,92
3589,0,0,18,62,92
3590,0,0,18,62,92
3591,1,0,19,62,92
3592,1,0,19,62,92
3593,1,0,18,62,92
3594,0,0,19,62,92
3595,0,0,18,62,92
3596,0,0,18,62,92
3597,0,0,19,62,92
3598,0,0,18,62,92
3599,0,0,18,62,92
3600,0,0,19,62,92
3601,0,0,18,62,92
3602,0,0,18,62,92
3603,0,0,19,62,92
3604,1,0,19,62,92
3605,0,0,18,62,92
3606,0,0,19,62,92
3607,0,0,18,62,92
3608,0,0,19,62,92
3609,0,0,19,62,92
3610,1,0,18,62,92
3611,1,0,18,62,92
3612,0,0,19,62,92
3613,0,0,19,62,92
3614,0,0,18,62,92
3615,0,0,19,62,92
3616,1,0,18,62,92
3617,1,0,18,62,93
3618,0,0,18,62,93
3619,1,0,18,62,93
3620,0,0,19,62,93
3621,0,0,18,62,93
3622,0,0,18,62,93
3623,0,0,18,62,93
3624,0,0,18,62,93
3625,1,0,19,62,93
3626,0,0,18,62,93
3627,0,0,19,62,93
3628,0,0,18,62,93
3629,1,0,19,62,93
3630,0,0,19,62,93
3631,0,0,19,62,93
3632,0,0,19,62,93
3633,1,0,19,62,93
3634,1,0,19,62,93
3635,0,0,18,62,93
3636,0,0,18,62,93
3637,1,0,19,62,93
3638,0,0,19,62,93
3639,1,0,19,62,93
3640,0,0,18,62,93
3641,1,0,19,62,93
3642,1,0,19,62,93
3643,0,0,19,62,93
3644,1,0,19,62,93
3645,1,0,18,62,93
3646,0,0,19,62,93
3647,0,0,18,62,93
3648,0,0,19,62,93
3649,1,0,19,62,93
3650,0,0,19,62,93
3651,1,0,19,62,93
3652,0,0,18,62,93
3653,0,0,18,62,93
3654,1,0,18,62,93
3655,0,0,18,62,93
3656,0,0,18,62,93
3657,0,0,19,62,93
3658,1,0,19,62,93
3659,1,0,19,62,93
3660,0,0,18,62,93
3661,0,0,19,62,93
3662,1,0,18,62,93
3663,0,0,18,62,93
3664,0,0,18,62,93
3665,0,0,18,62,93
3666,0,0,19,62,93
3667,0,0,19,62,94
3668,1,0,19,62,94
3669,0,0,19,62,94
3670,0,0,18,62,94
3671,1,0,19,62,94
3672,0,0,19,62,94
3673,1,0,19,62,94
3674,1,0,19,62,94
3675,0,0,18,62,94
3676,1,0,19,62,94
3677,0,0,19,62,94
3678,0,0,18,62,94
3679,1,0,19,62,94
3680,0,0,19,62,94
3681,0,0,19,62,94
3682,0,0,18,62,94
3683,0,0,18,62,94
3684,0,0,19,62,94
3685,0,0,18,62,94
3686,0,0,19,62,94
3687,0,0,18,62,94
3688,0,0,19,62,94
3689,0,0,18,62,94
3690,0,0,18,62,94
3691,0,0,18,62,94
3692,0,0,18,62,94
3693,0,0,19,62,94
3694,0,0,19,62,94
3695,0,0,19,62,94
3696,1,0,19,62,94
3697,0,0,18,62,94
3698,0,0,19,62,94
3699,0,0,18,62,94
3700,1,0,19,62,95
3701,0,0,19,62,95
3702,0,0,19,62,95
3703,0,0,19,62,95
3704,1,0,19,62,95
3705,0,0,19,62,95
3706,0,0,18,62,95
3707,1,0,18,62,95
3708,0,0,19,62,95
3709,0,0,18,62,95
3710,1,0,19,62,95
3711,0,0,19,62,95
3712,1,0,18,62,95
3713,0,0,19,62,95
3714,0,0,18,62,95
3715,1,0,18,62,95
3716,0,0,19,62,95
3717,0,0,19,62,95
3718,1,0,19,62,95
3719,0,0,18,62,95
3720,0,0,18,62,95
3721,0,0,19,62,95
3722,1,0,18,62,95
3723,1,0,18,62,95
3724,0,0,19,62,95
3725,0,0,18,62,95
3726,1,0,18,62,95
3727,1,0,19,62,95
3728,0,0,18,62,95
3729,0,0,18,62,95
3730,0,0,18,62,96
3731,0,0,18,62,96
3732,0,0,18,62,96
3733,0,0,18,62,96
3734,0,0,19,62,96
3735,0,0,18,62,96
3736,0,0,18,62,96
3737,1,0,19,62,96
3738,0,0,19,62,96
3739,0,0,19,62,96
3740,0,0,19,62,96
3741,0,0,19,62,96
3742,0,0,18,62,96
3743,1,0,18,62,96
3744,0,0,19,62,96
3745,0,0,18,62,96
3746,0,0,19,62,96
3747,0,0,18,62,96
3748,0,0,18,62,96
3749,0,0,18,62,96
3750,0,0,19,62,96
3751,1,0,18,62,96
3752,0,0,19,62,96
3753,0,0,18,62,96
3754,0,0,18,62,96
3755,1,0,18,62,96
3756,0,0,19,62,96
3757,0,0,18,62,96
3758,0,0,19,62,96
3759,0,0,19,62,96
3760,0,0,19,62,96
3761,0,0,19,62,96
3762,0,0,19,62,96
3763,1,0,18,62,96
3764,0,0,18,62,96
3765,0,0,18,62,96
3766,0,0,19,62,96
3767,0,0,18,62,96
3768,0,0,19,62,96
3769,1,0,18,62,96
3770,1,0,18,62,96
3771,0,0,19,62,97
3772,0,0,18,62,97
3773,0,0,19,62,97
3774,0,0,19,62,97
3775,1,0,19,62,97
3776,1,0,19,62,97
3777,1,0,19,62,97
3778,0,0,19,62,97
3779,0,0,19,62,97
3780,0,0,19,62,97
3781,0,0,18,62,97
3782,1,0,19,62,97
3783,1,0,19,62,97
3784,0,0,19,62,97
3785,0,0,19,62,97
3786,1,0,18,62,97
3787,0,0,18,62,97
3788,0,0,19,62,97
3789,0,0,18,62,97
3790,1,0,19,62,97
3791,1,0,18,62,97
3792,1,0,18,62,97
3793,1,0,18,62,97
3794,0,0,19,62,97
3795,0,0,19,62,97
3796,1,0,19,62,97
3797,0,0,19,62,97
3798,0,0,18,62,97
3799,0,0,18,62,97
3800,0,0,19,62,97
3801,1,0,18,62,97
3802,1,0,19,62,97
3803,0,0,19,62,97
3804,1,0,18,62,97
3805,0,0,18,62,97
3806,1,0,19,63,89
3807,0,0,18,63,89
3808,0,0,18,63,89
3809,0,0,18,63,89
3810,0,0,19,63,89
3811,1,0,19,63,89
3812,0,0,19,63,89
3813,0,0,18,63,89
3814,0,0,19,63,89
3815,0,0,19,63,89
3816,0,0,18,63,89
3817,0,0,18,63,89
3818,0,0,19,63,89
3819,1,0,18,63,89
3820,0,0,19,63,89
3821,1,0,18,63,89
3822,1,0,19,63,89
3823,1,0,19,63,89
3824,0,0,19,63,89
3825,0,0,18,63,89
3826,0,0,19,63,89
3827,1,0,19,63,89
3828,0,0,19,63,89
3829,0,0,19,63,89
3830,0,0,18,63,89
3831,1,0,19,63,89
3832,1,0,18,63,89
3833,0,0,19,63,89
3834,0,0,18,63,89
3835,1,0,19,63,89
3836,0,0,19,63,89
3837,0,0,18,63,89
3838,1,0,18,63,89
3839,1,0,19,63,89
3840,1,0,19,63,89
3841,0,0,18,63,89
3842,1,0,19,63,89
3843,0,0,19,63,89
3844,1,0,19,63,89
3845,0,0,19,63,89
3846,0,0,19,63,89
3847,1,0,19,63,89
3848,1,0,19,63,89
3849,0,0,18,63,89
3850,0,0,19,63,89
3851,1,0,18,63,89
3852,0,0,18,63,89
3853,0,0,18,63,89
3854,1,0,18,63,89
3855,0,0,18,63,89
3856,0,0,18,63,89
3857,1,0,18,63,89
3858,0,0,19,63,89
3859,0,0,18,63,89
3860,1,0,19,63,89
3861,0,0,19,63,89
3862,1,0,18,63,89
3863,0,0,19,63,90
3864,1,0,18,63,90
3865,0,0,19,63,90
3866,0,0,18,63,90
3867,1,0,19,63,90
3868,1,0,18,63,90
3869,1,0,19,63,90
3870,0,0,18,63,90
3871,1,0,18,63,90
3872,1,0,19,63,90
3873,0,0,19,63,90
3874,1,0,19,63,90
3875,1,0,19,63,90
3876,0,0,19,63,90
3877,0,0,19,63,90
3878,0,0,19,63,90
3879,1,0,19,63,90
3880,1,0,19,63,90
3881,1,0,18,63,90
3882,0,0,18,63,90
3883,0,0,18,63,90
3884,0,0,18,63,90
3885,0,0,19,63,90
3886,0,0,18,63,90
3887,0,0,18,63,90
3888,0,0,18,63,90
3889,1,0,18,63,90
3890,1,0,19,63,90
3891,1,0,19,63,90
3892,1,0,19,63,90
3893,1,0,18,63,90
3894,0,0,18,63,90
3895,0,0,19,63,90
3896,0,0,19,63,90
3897,0,0,18,63,90
3898,1,0,18,63,90
3899,0,0,18,63,90
3900,1,0,18,63,90
3901,1,0,18,63,90
3902,0,0,18,63,90
3903,1,0,19,63,90
3904,1,0,18,63,90
3905,0,0,18,63,90
3906,0,0,18,63,90
3907,1,0,19,63,90
3908,0,0,18,63,90
3909,1,0,18,63,90
3910,0,0,19,63,90
3911,0,0,18,63,90
3912,0,0,19,63,91
3913,0,0,19,63,91
3914,0,0,19,63,91
3915,0,0,19,63,91
3916,0,0,19,63,91
3917,1,0,18,63,91
3918,0,0,18,63,91
3919,0,0,19,63,91
3920,0,0,18,63,91
3921,0,0,18,63,91
3922,1,0,19,63,91
3923,0,0,18,63,91
3924,1,0,19,63,91
3925,0,0,18,63,91
3926,1,0,18,63,91
3927,0,0,18,63,91
3928,1,0,19,63,91
3929,0,0,19,63,91
3930,0,0,19,63,91
3931,0,0,18,63,91
3932,1,0,19,63,91
3933,1,0,19,63,91
3934,0,0,19,63,91
3935,0,0,18,63,91
3936,1,0,18,63,91
3937,0,0,19,63,91
3938,1,0,18,63,91
3939,1,0,18,63,91
3940,1,0,18,63,91
3941,1,0,19,63,91
3942,1,0,18,63,91
3943,1,0,18,63,91
3944,1,0,18,63,91
3945,1,0,18,63,91
3946,1,0,18,63,91
3947,1,0,18,63,91
3948,1,0,19,63,91
3949,0,0,18,63,91
3950,0,0,19,63,91
3951,0,0,18,63,91
3952,1,0,19,63,91
3953,0,0,19,63,91
3954,0,0,19,63,91
3955,1,0,19,63,91
3956,1,0,19,63,91
3957,1,0,18,63,91
3958,1,0,19,63,91
3959,0,0,19,63,91
3960,0,0,19,63,91
3961,0,0,18,63,91
3962,1,0,19,63,91
3963,1,0,19,63,91
3964,0,0,19,63,91
3965,1,0,18,63,91
3966,0,0,19,63,91
3967,1,0,18,63,91
3968,1,0,18,63,91
3969,0,0,19,63,91
3970,0,0,18,63,91
3971,0,0,18,63,91
3972,0,0,18,63,91
3973,1,0,19,63,91
3974,0,0,19,63,92
3975,0,0,19,63,92
3976,0,0,18,63,92
3977,1,0,19,63,92
3978,0,0,18,63,92
3979,0,0,18,63,92
3980,1,0,19,63,92
3981,0,0,18,63,92
3982,0,0,19,63,92
3983,0,0,19,63,92
3984,0,0,18,63,92
3985,0,0,18,63,92
3986,1,0,18,63,92
3987,1,0,18,63,92
3988,0,0,18,63,92
3989,1,0,19,63,92
3990,0,0,18,63,92
3991,0,0,18,63,92
3992,1,0,18,63,92
3993,1,0,18,63,92
3994,0,0,19,63,92
3995,1,0,18,63,92
3996,1,0,18,63,92
3997,1,0,18,63,92
3998,0,0,18,63,92
3999,0,0,19,63,92
4000,1,0,18,63,92
4001,0,0,18,63,92
4002,1,0,19,63,92
4003,0,0,19,63,92
4004,0,0,19,63,92
4005,0,0,19,63,92
4006,0,0,19,63,92
4007,1,0,18,63,92
4008,0,0,19,63,92
4009,0,0,18,63,92
4010,0,0,18,63,92
4011,1,0,19,63,92
4012,1,0,18,63,92
4013,1,0,18,63,92
4014,0,0,18,63,92
4015,0,0,18,63,92
4016,1,0,18,63,92
4017,1,0,18,63,92
4018,1,0,18,63,92
4019,1,0,19,63,92
4020,0,0,19,63,92
4021,0,0,19,63,92
4022,1,0,18,63,92
4023,1,0,19,63,92
4024,0,0,19,63,92
4025,0,0,18,63,92
4026,1,0,18,63,92
4027,0,0,19,63,92
4028,0,0,19,63,92
4029,1,0,18,63,93
4030,0,0,18,63,93
4031,0,0,19,63,93
4032,0,0,19,63,93
4033,0,0,18,63,93
4034,0,0,18,63,93
4035,1,0,18,63,93
4036,0,0,19,63,93
4037,1,0,18,63,93
4038,1,0,18,63,93
4039,0,0,19,63,93
4040,0,0,18,63,93
4041,0,0,19,63,93
4042,0,0,19,63,93
4043,0,0,19,63,93
4044,0,0,19,63,93
4045,1,0,19,63,93
4046,0,0,18,63,93
4047,1,0,19,63,93
4048,1,0,19,63,93
4049,1,0,18,63,93
4050,0,0,19,63,93
4051,1,0,19,63,93
4052,0,0,18,63,93
4053,1,0,19,63,93
4054,0,0,19,63,93
4055,0,0,18,63,93
4056,0,0,18,63,93
4057,0,0,18,63,93
4058,1,0,18,63,93
4059,1,0,18,63,93
4060,1,0,18,63,93
4061,1,0,18,63,93
4062,1,0,18,63,93
4063,0,0,18,63,93
4064,0,0,19,63,93
4065,0,0,18,63,93
4066,1,0,19,63,93
4067,0,0,18,63,93
4068,1,0,19,63,93
4069,0,0,18,63,93
4070,0,0,18,63,93
4071,0,0,19,63,93
4072,0,0,18,63,93
4073,1,0,18,63,93
4074,1,0,18,63,93
4075,1,0,19,63,93
4076,0,0,18,63,93
4077,0,0,19,63,93
4078,1,0,18,63,93
4079,1,0,19,63,93
4080,0,0,18,63,93
4081,1,0,18,63,93
4082,0,0,18,63,93
4083,1,0,18,63,93
4084,1,0,19,63,93
4085,1,0,18,63,93
4086,1,0,19,63,93
4087,0,0,18,63,93
4088,0,0,19,63,93
4089,0,0,18,63,93
4090,1,0,19,63,94
4091,1,0,19,63,94
4092,1,0,19,63,94
4093,0,0,18,63,94
4094,1,0,18,63,94
4095,0,0,19,63,94
4096,0,0,19,63,94
4097,1,0,18,63,94
4098,1,0,19,63,94
4099,0,0,19,63,94
4100,1,0,19,63,94
4101,0,0,19,63,94
4102,1,0,19,63,94
4103,0,0,19,63,94
4104,1,0,19,63,94
4105,0,0,18,63,94
4106,1,0,18,63,94
4107,1,0,18,63,94
4108,0,0,18,63,94
4109,0,0,18,63,94
4110,1,0,18,63,94
4111,0,0,19,63,94
4112,0,0,19,63,94
4113,0,0,19,63,94
4114,1,0,19,63,94
4115,0,0,19,63,94
4116,1,0,19,63,94
4117,1,0,18,63,94
4118,1,0,19,63,94
4119,1,0,18,63,94
4120,0,0,18,63,94
4121,0,0,18,63,94
4122,0,0,18,63,94
4123,0,0,19,63,94
4124,0,0,18,63,94
4125,0,0,19,63,94
4126,1,0,19,63,94
4127,1,0,18,63,95
4128,1,0,18,63,95
4129,0,0,19,63,95
4130,0,0,18,63,95
4131,1,0,19,63,95
4132,1,0,19,63,95
4133,0,0,18,63,95
4134,0,0,19,63,95
4135,0,0,18,63,95
4136,1,0,19,63,95
4137,0,0,18,63,95
4138,0,0,19,63,95
4139,0,0,19,63,95
4140,0,0,18,63,95
4141,1,0,18,63,95
4142,0,0,18,63,95
4143,1,0,19,63,95
4144,0,0,19,63,95
4145,0,0,18,63,95
4146,0,0,19,63,95
4147,0,0,19,63,95
4148,0,0,19,63,95
4149,1,0,18,63,95
4150,0,0,19,63,95
4151,1,0,18,63,95
4152,1,0,19,63,95
4153,1,0,19,63,95
4154,0,0,18,63,95
4155,0,0,18,63,95
4156,0,0,18,63,95
4157,0,0,18,63,95
4158,1,0,18,63,95
4159,0,0,18,63,95
4160,0,0,19,63,95
4161,1,0,18,63,95
4162,1,0,18,63,95
4163,0,0,18,63,95
4164,0,0,19,63,95
4165,1,0,19,63,95
4166,1,0,18,63,95
4167,0,0,19,63,95
4168,0,0,18,63,95
4169,0,0,18,63,95
4170,1,0,18,63,96
4171,1,0,18,63,96
4172,0,0,18,63,96
4173,0,0,18,63,96
4174,0,0,19,63,96
4175,0,0,19,63,96
4176,0,0,19,63,96
4177,0,0,19,63,96
4178,0,0,18,63,96
4179,0,0,19,63,96
4180,1,0,19,63,96
4181,0,0,19,63,96
4182,1,0,19,63,96
4183,0,0,19,63,96
4184,1,0,19,63,96
4185,1,0,19,63,96
4186,1,0,18,63,96
4187,0,0,18,63,96
4188,0,0,18,63,96
4189,0,0,18,63,96
4190,1,0,18,63,96
4191,1,0,18,63,96
4192,1,0,19,63,96
4193,0,0,18,63,96
4194,1,0,19,63,96
4195,0,0,18,63,96
4196,0,0,18,63,96
4197,0,0,18,63,96
4198,1,0,19,63,96
4199,0,0,19,63,96
4200,0,0,18,63,96
4201,1,0,18,63,96
4202,0,0,19,63,96
4203,0,0,18,63,96
4204,0,0,18,63,96
4205,0,0,18,63,96
4206,1,0,18,63,96
4207,1,0,18,63,96
4208,0,0,18,63,96
4209,1,0,19,63,96
4210,1,0,18,63,96
4211,1,0,18,63,96
4212,1,0,18,63,96
4213,1,0,18,63,96
4214,0,0,18,63,96
4215,1,0,19,63,96
4216,0,0,18,63,96
4217,1,0,18,63,96
4218,1,0,18,63,96
4219,1,0,19,63,96
4220,0,0,19,63,96
4221,0,0,18,63,96
4222,0,0,19,63,96
4223,1,0,18,63,96
4224,0,0,18,63,96
4225,1,0,19,63,96
4226,0,0,18,63,96
4227,0,0,19,63,96
4228,0,0,18,63,96
4229,0,0,19,63,97
4230,1,0,19,63,97
4231,0,0,18,63,97
4232,1,0,18,63,97
4233,1,0,19,63,97
4234,0,0,19,63,97
4235,0,0,19,63,97
4236,1,0,19,63,97
4237,1,0,18,63,97
4238,0,0,18,63,97
4239,0,0,18,63,97
4240,1,0,19,63,97
4241,1,0,18,63,97
4242,1,0,19,63,97
4243,0,0,19,63,97
4244,0,0,19,63,97
4245,1,0,19,63,97
4246,1,0,18,63,97
4247,1,0,19,63,97
4248,1,0,19,63,97
4249,1,0,18,63,97
4250,0,0,18,63,97
4251,0,0,18,63,97
4252,0,0,18,63,97
4253,0,0,18,63,97
4254,0,0,18,63,97
4255,0,0,19,63,97
4256,0,0,18,63,97
4257,0,0,19,63,97
4258,0,0,18,63,97
4259,1,0,18,63,97
4260,0,0,18,63,97
4261,0,0,18,63,97
4262,0,0,18,63,97
4263,1,0,19,63,97
4264,0,0,19,63,97
4265,1,0,19,63,97
4266,0,0,18,63,97
4267,0,0,18,63,97
4268,1,0,19,63,97
4269,0,0,19,63,97
4270,0,0,19,63,97
4271,1,0,18,63,97
4272,0,0,19,63,97
4273,1,0,19,63,97
4274,0,0,18,63,97
4275,0,0,19,63,97
4276,1,0,18,63,97
4277,1,0,18,63,97
4278,0,0,18,63,97
4279,1,0,19,63,97
4280,1,0,19,63,97
4281,0,0,19,63,97
4282,0,0,19,63,97
4283,1,0,19,63,97
4284,0,0,18,63,97
4285,0,0,18,63,97
4286,1,0,18,63,97
4287,0,0,19,63,97
4288,0,0,19,63,97
4289,1,0,19,63,97
4290,0,0,18,63,97
4291,1,0,19,63,97
