age,wjtest01,female,black,white,hispanic,freelunch
-103,8,0,0,1,0,0
-135,1,1,1,0,0,1
-44,NA,0,0,1,0,1
271,14,1,1,0,0,1
-154,2,0,0,1,0,0
-207,1,1,1,0,0,1
-45,3,0,0,0,1,1
151,9,1,0,1,0,1
-327,2,1,0,1,0,1
-285,2,1,1,0,0,1
-84,2,1,1,0,0,1
66,10,0,0,1,0,0
240,13,0,0,1,0,1
120,NA,1,1,0,0,1
274,9,0,0,0,0,1
-298,NA,0,1,0,0,0
-149,2,0,0,1,0,0
342,9,1,0,0,1,1
-11,1,1,0,1,0,1
-215,NA,1,0,1,0,0
-345,NA,0,0,1,0,0
-224,0,0,NA,NA,NA,1
-163,6,1,1,0,0,1
-71,7,1,0,0,0,1
-89,NA,1,0,0,1,1
-327,9,1,0,0,1,1
-141,2,0,0,1,0,1
156,12,1,0,0,0,1
-230,2,0,0,1,0,0
-173,2,1,1,0,0,1
-72,10,1,0,1,0,0
129,14,1,0,1,0,0
-17,NA,0,0,1,0,0
-173,NA,1,1,0,0,1
247,8,1,0,1,0,1
229,0,0,1,0,0,1
-121,NA,1,1,0,0,1
264,11,0,0,0,0,0
-356,2,1,0,0,0,0
-200,4,0,0,0,0,1
-118,10,1,0,1,0,1
-72,10,1,0,1,0,0
351,13,0,0,0,1,1
248,13,1,0,1,0,0
-330,NA,0,NA,NA,NA,1
-128,NA,0,0,0,1,1
-333,NA,1,0,1,0,1
-242,5,0,0,1,0,0
-341,3,0,0,1,0,1
-207,1,1,1,0,0,1
115,13,1,0,1,0,1
-263,4,1,0,1,0,0
-327,4,1,0,1,0,1
-283,2,1,0,1,0,0
-329,NA,1,0,1,0,NA
-159,NA,1,1,0,0,1
-117,2,1,NA,NA,NA,1
283,11,0,0,1,0,1
-273,NA,0,1,0,0,1
-84,3,1,1,0,0,1
-361,8,1,0,0,1,0
-41,5,1,0,0,1,1
-297,1,1,0,1,0,1
-160,2,1,NA,NA,NA,NA
-172,NA,1,0,1,0,1
-48,5,0,0,1,0,0
-100,6,1,0,0,0,1
-123,4,0,0,1,0,0
-206,3,0,0,0,1,1
337,13,1,1,0,0,1
-244,2,1,0,0,0,1
-104,3,1,0,0,1,1
-357,NA,1,1,0,0,1
270,NA,0,0,1,0,1
-207,4,0,NA,NA,NA,1
110,NA,1,0,1,0,1
-2,9,0,0,0,1,1
-25,2,0,1,0,0,1
19,5,1,0,1,0,1
-284,6,0,0,1,0,1
39,10,1,0,0,0,1
-99,3,0,NA,NA,NA,NA
119,7,0,0,1,0,1
-327,5,1,0,1,0,1
207,11,0,1,0,0,1
-219,5,0,1,0,0,1
-77,2,1,0,0,1,1
-189,3,0,0,1,0,1
-271,2,0,0,1,0,0
-132,7,1,0,1,0,1
-233,1,1,0,1,0,1
-15,2,0,0,0,1,1
164,NA,0,0,1,0,0
341,5,0,0,1,0,0
-307,NA,1,1,0,0,1
240,NA,1,0,0,0,1
-252,3,1,0,1,0,1
-297,2,0,0,1,0,1
72,12,0,1,0,0,0
-182,2,0,NA,NA,NA,1
-39,4,0,0,1,0,0
41,4,1,0,1,0,0
-269,NA,0,0,0,1,0
-46,1,0,0,0,0,1
-314,3,0,NA,NA,NA,NA
-127,1,1,0,0,1,1
134,NA,1,0,1,0,0
-345,2,0,0,1,0,1
-166,3,0,1,0,0,1
-312,3,0,1,0,0,1
93,5,0,1,0,0,0
-236,9,0,1,0,0,1
-195,1,1,0,1,0,1
-346,2,0,0,1,0,1
71,3,0,0,1,0,0
-307,2,1,0,0,1,1
-211,15,1,NA,NA,NA,NA
-172,7,1,NA,NA,NA,NA
227,13,0,0,0,0,1
-200,9,1,NA,NA,NA,NA
-273,2,1,0,0,1,1
-239,NA,1,0,1,0,1
53,15,1,1,0,0,1
289,5,0,0,0,0,0
-171,2,0,NA,NA,NA,NA
-158,2,1,0,0,0,1
62,3,0,NA,NA,NA,1
254,14,0,0,1,0,1
-299,1,1,0,0,0,1
237,8,1,0,0,0,0
-223,0,0,0,0,0,0
-103,0,0,NA,NA,NA,NA
-236,9,1,0,1,0,1
-326,2,1,0,1,0,1
-329,NA,0,0,0,0,1
-165,NA,1,1,0,0,1
-118,2,0,NA,NA,NA,1
-307,NA,0,1,0,0,1
-72,7,1,NA,NA,NA,1
-79,NA,1,0,1,0,1
85,12,1,0,0,0,1
-346,5,0,0,1,0,0
-323,NA,0,0,1,0,1
-262,3,0,1,0,0,1
-165,1,0,1,0,0,1
-94,NA,1,0,1,0,1
-126,3,1,0,1,0,0
-165,NA,1,1,0,0,1
228,12,1,0,1,0,1
-185,NA,0,0,1,0,1
-90,13,0,NA,NA,NA,NA
360,NA,1,0,0,1,1
-181,2,1,0,0,1,0
-191,NA,0,0,1,0,1
-10,2,0,0,0,1,1
-272,1,1,0,1,0,0
-213,NA,0,1,0,0,1
-311,NA,0,0,1,0,NA
256,15,0,NA,NA,NA,NA
-70,13,0,0,0,0,0
-305,11,1,1,0,0,1
-145,3,1,0,0,0,1
-142,1,1,0,1,0,0
156,NA,1,0,1,0,0
262,12,0,1,0,0,1
-145,NA,0,0,0,1,0
-144,NA,0,0,0,0,0
-321,NA,0,1,0,0,1
85,8,1,0,1,0,1
-254,12,0,1,0,0,0
-262,3,0,0,0,1,1
-113,1,0,NA,NA,NA,NA
-51,3,0,0,0,0,0
85,NA,1,0,1,0,1
-59,NA,1,1,0,0,1
-148,9,0,NA,NA,NA,NA
179,9,0,0,0,0,0
-263,9,0,NA,NA,NA,NA
-204,3,0,1,0,0,1
-187,3,1,0,1,0,1
-334,2,1,0,0,0,1
-227,8,1,0,1,0,0
-244,12,1,NA,NA,NA,0
-178,3,1,NA,NA,NA,NA
-129,12,1,0,1,0,0
99,13,0,1,0,0,1
351,8,0,NA,NA,NA,0
44,NA,1,0,1,0,0
-360,1,0,0,0,1,1
-296,2,0,0,1,0,1
-327,2,0,1,0,0,1
332,11,1,0,1,0,1
-57,NA,1,1,0,0,0
-67,11,1,NA,NA,NA,NA
-133,NA,0,0,0,0,1
122,19,0,0,0,0,0
-338,6,0,NA,NA,NA,1
-249,7,1,0,1,0,0
-249,5,1,NA,NA,NA,1
-76,5,0,0,1,0,1
-118,5,1,0,0,0,1
-313,1,0,0,1,0,1
-71,10,0,0,1,0,0
-283,4,1,0,1,0,0
-283,2,0,0,1,0,0
-195,4,0,1,0,0,0
-110,1,1,0,0,1,0
-59,3,1,1,0,0,1
-159,1,0,0,1,0,0
74,NA,0,0,0,0,1
-179,6,0,0,0,1,1
-338,2,0,0,1,0,0
-244,4,0,NA,NA,NA,0
-122,3,0,NA,NA,NA,NA
290,9,1,NA,NA,NA,NA
352,13,0,1,0,0,1
236,5,1,1,0,0,1
12,3,1,1,0,0,1
319,14,1,0,0,1,1
83,9,1,0,0,1,1
342,14,0,1,0,0,0
360,15,0,1,0,0,0
358,11,1,0,0,1,1
230,NA,0,1,0,0,1
326,11,0,1,0,0,1
186,NA,1,0,1,0,1
5,20,1,0,1,0,0
199,10,1,0,1,0,0
233,NA,1,1,0,0,1
44,14,1,1,0,0,0
228,16,0,0,0,0,1
176,9,0,1,0,0,0
54,13,0,1,0,0,1
294,14,0,0,1,0,0
171,14,0,0,1,0,0
-187,NA,1,0,0,0,1
-115,3,0,0,0,1,1
-93,2,1,0,0,1,0
-154,3,0,1,0,0,1
-271,2,0,0,0,1,1
-47,3,1,0,0,0,1
-242,NA,0,0,0,1,1
-39,NA,0,0,0,0,0
-204,1,1,0,0,1,1
-143,2,0,1,0,0,1
-20,8,1,0,0,1,1
-2,6,1,0,0,0,1
-39,3,1,1,0,0,1
-33,2,0,0,1,0,1
-150,NA,1,0,1,0,1
-362,3,0,0,1,0,0
-59,3,1,1,0,0,1
-90,NA,0,0,0,1,0
-307,1,1,0,0,1,0
-256,11,0,1,0,0,1
-130,7,0,1,0,0,1
-111,14,1,1,0,0,1
-308,6,1,1,0,0,1
-275,8,0,1,0,0,0
-181,9,1,1,0,0,1
-152,4,0,1,0,0,1
-310,7,1,1,0,0,0
-248,11,1,1,0,0,1
-239,NA,0,1,0,0,1
-178,9,1,1,0,0,0
-183,12,1,1,0,0,1
-261,12,0,1,0,0,1
-214,11,1,1,0,0,1
-189,7,1,1,0,0,1
-139,13,0,1,0,0,1
-68,13,1,1,0,0,1
-168,8,0,1,0,0,1
-153,3,0,1,0,0,1
98,NA,1,1,0,0,1
284,11,0,0,1,0,0
46,5,0,0,1,0,1
7,11,1,0,1,0,0
70,12,1,0,1,0,0
35,12,0,0,1,0,1
164,24,1,0,1,0,0
301,10,0,0,1,0,1
146,18,1,1,0,0,1
117,9,1,0,0,1,1
286,14,0,0,1,0,0
137,7,1,0,1,0,1
318,18,1,0,0,0,1
135,11,1,0,1,0,1
18,4,1,0,0,0,1
97,6,0,1,0,0,1
197,15,0,0,0,0,1
198,10,0,1,0,0,1
-59,NA,0,1,0,0,1
189,34,0,0,1,0,0
260,25,0,0,1,0,1
50,14,1,0,0,0,0
303,14,0,0,1,0,1
142,13,1,0,0,1,1
138,3,0,1,0,0,1
113,13,1,1,0,0,1
92,11,1,1,0,0,1
219,14,0,1,0,0,1
357,12,1,1,0,0,0
277,17,1,1,0,0,0
71,16,0,1,0,0,1
202,13,1,1,0,0,1
173,15,0,1,0,0,1
35,10,1,1,0,0,1
3,14,0,1,0,0,1
-354,2,0,0,1,0,1
-362,2,0,0,1,0,1
-294,9,1,0,1,0,1
-192,4,1,0,1,0,1
-221,2,1,0,0,0,1
-25,5,1,0,1,0,1
-316,3,0,0,1,0,1
-289,3,0,0,1,0,1
-37,11,1,0,1,0,1
-309,5,0,0,1,0,0
-8,9,0,0,1,0,1
-303,1,0,0,1,0,1
-43,2,1,0,0,0,1
-163,4,0,0,0,0,0
-236,2,0,0,1,0,1
-194,3,1,0,1,0,1
-312,3,1,0,1,0,0
-202,4,1,1,0,0,1
-185,4,0,0,1,0,1
7,NA,0,1,0,0,0
16,12,0,1,0,0,0
13,5,1,0,0,1,1
236,12,0,0,1,0,1
331,9,1,0,0,1,1
78,2,0,0,0,1,1
324,11,1,0,0,1,1
315,15,0,0,0,0,0
208,13,1,1,0,0,0
167,13,1,1,0,0,0
118,10,0,0,1,0,0
128,10,1,0,1,0,0
235,15,1,0,1,0,0
51,23,1,0,1,0,0
136,11,0,1,0,0,0
284,14,0,0,1,0,0
352,11,1,1,0,0,0
32,NA,1,0,1,0,1
334,NA,1,0,0,1,1
207,14,1,0,0,1,1
46,11,0,0,1,0,0
64,14,0,0,0,1,1
77,NA,0,1,0,0,1
-327,1,0,0,0,0,1
-47,4,0,0,1,0,1
-84,NA,1,0,1,0,0
-113,2,1,0,1,0,1
-59,9,1,0,1,0,1
-352,0,0,0,0,0,1
-244,5,1,0,1,0,1
-345,2,0,0,1,0,0
-180,2,1,0,1,0,0
-360,1,1,0,0,0,1
-165,2,1,0,1,0,1
-75,9,1,0,0,0,1
-38,7,1,0,1,0,0
-13,2,0,0,1,0,1
-117,2,0,0,1,0,0
-338,0,0,0,0,0,0
-340,NA,0,0,1,0,0
-271,2,0,0,1,0,0
-233,NA,1,1,0,0,1
-349,0,0,0,0,1,1
-142,NA,1,1,0,0,0
-341,1,1,0,0,1,0
-235,2,0,0,1,0,0
-83,2,1,0,0,1,0
-219,1,1,0,0,0,1
-38,8,0,0,1,0,0
-353,2,1,0,1,0,0
-102,2,1,0,0,1,1
-165,3,1,0,0,1,1
-84,NA,0,0,1,0,0
-342,5,1,0,1,0,0
-110,2,1,1,0,0,1
-216,10,0,0,1,0,0
-229,7,0,0,0,0,1
-90,6,1,1,0,0,1
-1,NA,0,0,1,0,0
-26,2,1,0,0,1,0
-25,10,0,1,0,0,0
103,13,0,1,0,0,1
350,16,0,0,1,0,0
358,12,1,0,0,0,1
213,15,1,1,0,0,1
180,15,0,0,1,0,0
288,13,0,0,1,0,1
213,17,0,1,0,0,0
314,17,0,0,0,1,0
200,15,1,0,1,0,0
159,12,0,0,1,0,1
329,9,1,0,0,0,0
361,13,1,0,1,0,0
340,18,0,0,1,0,0
61,10,1,1,0,0,1
57,23,0,0,1,0,1
222,12,0,0,0,1,1
227,17,1,0,1,0,0
64,12,1,1,0,0,1
111,6,0,0,0,0,1
7,NA,0,1,0,0,1
147,NA,1,0,0,1,1
39,NA,1,1,0,0,1
32,12,1,0,1,0,1
199,6,1,0,0,0,0
345,NA,0,0,1,0,0
245,7,0,1,0,0,1
239,19,0,1,0,0,1
356,9,0,1,0,0,1
167,NA,0,1,0,0,1
348,12,1,0,0,0,1
46,4,0,0,1,0,1
205,11,0,1,0,0,1
329,14,0,0,0,1,1
4,15,1,1,0,0,1
238,11,0,1,0,0,1
147,NA,0,1,0,0,1
339,18,1,0,1,0,1
254,6,0,0,1,0,0
220,NA,1,1,0,0,1
254,10,1,1,0,0,1
240,5,1,1,0,0,1
-286,2,1,0,1,0,1
-138,6,0,0,0,1,1
-240,2,0,0,1,0,1
-11,1,1,0,0,1,1
-118,1,0,0,0,1,1
-213,NA,1,0,0,0,1
-332,0,0,0,0,1,1
-353,NA,1,0,0,1,0
-28,NA,1,0,0,1,1
-108,NA,1,0,0,1,1
-287,NA,0,0,0,1,1
-12,2,1,0,0,1,1
-263,2,1,0,0,1,0
-361,1,1,1,0,0,1
-206,NA,0,0,0,1,0
-336,0,0,0,0,1,1
185,14,1,0,1,0,1
163,NA,1,0,1,0,1
17,NA,0,0,1,0,1
321,NA,1,0,1,0,1
75,NA,1,0,0,0,1
260,11,1,0,0,0,1
78,8,0,1,0,0,1
359,7,0,0,1,0,1
295,10,0,0,0,0,0
-348,0,0,1,0,0,1
-262,6,1,0,1,0,0
-334,2,1,0,1,0,0
-12,2,1,0,1,0,0
-159,3,1,0,0,0,0
-139,3,1,0,0,1,1
-31,3,0,0,1,0,0
-54,2,0,0,0,1,1
-58,11,0,1,0,0,1
-250,10,1,0,0,0,0
-37,5,1,0,0,0,1
-174,NA,1,0,0,1,1
-113,2,0,0,1,0,0
-261,3,0,0,0,1,1
-204,5,1,1,0,0,1
-364,5,0,0,1,0,0
-170,0,0,0,0,1,1
-91,2,1,0,1,0,0
-276,1,1,0,0,1,1
326,NA,1,1,0,0,1
107,14,1,1,0,0,1
215,13,0,1,0,0,1
221,12,1,1,0,0,1
191,8,1,1,0,0,1
321,24,1,1,0,0,1
8,13,1,1,0,0,0
198,25,0,1,0,0,1
249,5,1,1,0,0,1
120,8,0,1,0,0,1
40,8,0,1,0,0,1
144,NA,1,0,0,1,0
192,NA,1,0,1,0,0
164,6,0,0,0,1,1
348,6,1,0,0,1,1
105,6,1,0,0,1,1
57,8,0,0,0,1,0
122,4,1,0,0,1,1
192,2,0,0,0,1,1
360,3,0,0,0,1,1
-212,5,0,0,0,0,0
-15,12,0,0,1,0,0
-69,6,1,1,0,0,1
-237,3,0,0,0,1,0
-17,14,0,0,1,0,1
-358,2,1,0,0,0,0
-264,2,0,0,0,1,0
-96,2,0,0,1,0,1
-329,3,0,0,1,0,1
-280,12,0,0,1,0,0
-241,9,0,0,1,0,0
-185,7,1,0,1,0,0
-29,10,1,1,0,0,1
-74,13,1,0,1,0,0
-263,8,1,0,1,0,0
-268,NA,1,0,0,0,1
-139,3,1,0,0,0,0
-309,NA,0,0,0,0,0
-85,2,0,0,0,1,0
-83,3,1,0,1,0,0
-228,2,0,0,1,0,0
-233,7,1,0,1,0,0
-223,2,0,0,1,0,0
-187,7,1,1,0,0,1
-239,2,0,0,1,0,0
-158,7,1,0,1,0,0
-226,6,0,0,0,1,0
-144,12,1,0,1,0,0
-226,7,1,0,0,1,0
-298,2,0,0,0,0,0
-321,2,0,0,0,0,1
-88,2,1,0,1,0,1
-9,6,0,0,1,0,0
-207,13,0,0,1,0,0
-3,3,1,0,0,0,0
305,NA,1,0,0,1,1
254,15,0,0,1,0,0
190,NA,0,1,0,0,1
3,13,1,0,1,0,1
56,16,1,1,0,0,1
354,15,1,0,0,1,1
354,10,0,0,1,0,1
25,0,0,0,0,1,1
145,12,0,0,0,1,1
137,11,0,0,0,1,1
104,12,1,1,0,0,1
304,15,1,0,0,0,0
149,3,0,0,1,0,0
301,NA,1,1,0,0,1
331,NA,1,1,0,0,0
9,NA,1,1,0,0,1
143,9,1,1,0,0,1
224,NA,1,1,0,0,1
281,NA,1,1,0,0,1
223,NA,0,1,0,0,1
359,NA,1,1,0,0,1
102,12,1,1,0,0,0
350,12,1,1,0,0,1
-173,12,0,0,1,0,0
-144,14,1,0,1,0,0
-332,4,1,0,0,0,0
-343,3,1,0,0,1,0
-82,5,0,0,1,0,1
-86,13,1,0,0,1,0
-87,5,1,0,1,0,1
-16,10,1,0,1,0,1
-200,4,0,0,0,1,0
-13,6,1,0,1,0,1
-169,4,0,0,1,0,1
-144,6,1,0,1,0,0
-104,5,0,0,1,0,0
-291,4,1,1,0,0,1
-72,12,1,1,0,0,1
-201,4,1,1,0,0,1
-269,3,1,1,0,0,1
-314,6,0,1,0,0,1
-94,3,0,1,0,0,1
-288,2,0,1,0,0,1
-98,NA,1,1,0,0,0
-127,NA,0,1,0,0,1
-41,7,0,1,0,0,1
-325,2,1,1,0,0,0
-110,NA,0,1,0,0,0
-58,13,1,1,0,0,1
-242,2,0,1,0,0,1
-79,2,1,0,1,0,1
-41,12,1,1,0,0,1
-103,2,1,1,0,0,1
-290,8,1,1,0,0,0
-102,4,0,1,0,0,1
-73,2,0,1,0,0,1
248,NA,0,1,0,0,1
97,NA,0,0,1,0,1
341,NA,0,1,0,0,0
212,NA,0,1,0,0,0
138,NA,1,1,0,0,1
229,NA,1,1,0,0,1
309,NA,0,1,0,0,0
243,NA,0,1,0,0,1
138,NA,1,1,0,0,1
255,8,1,0,0,0,0
309,5,0,0,0,1,1
178,NA,1,1,0,0,1
222,13,1,1,0,0,1
139,NA,0,1,0,0,1
332,NA,0,0,0,1,1
233,2,0,0,0,1,1
11,3,0,0,0,1,1
88,NA,0,0,0,1,0
45,12,1,0,0,1,1
349,18,1,0,0,0,0
76,11,0,0,0,1,1
145,11,0,0,0,1,1
57,3,0,0,0,1,1
124,6,1,1,0,0,1
290,NA,1,0,0,1,1
336,14,0,1,0,0,1
258,7,1,0,0,1,1
173,11,0,1,0,0,0
353,17,1,0,0,1,1
34,11,0,0,1,0,0
287,14,1,0,1,0,0
304,14,1,0,1,0,0
170,14,0,0,0,0,0
302,NA,0,0,0,0,0
133,14,1,1,0,0,1
138,15,1,0,1,0,0
-181,3,0,1,0,0,0
-331,1,1,1,0,0,0
-149,6,1,1,0,0,0
-48,1,0,1,0,0,1
-275,6,1,1,0,0,0
-166,11,1,1,0,0,1
-216,3,0,1,0,0,0
-133,6,0,1,0,0,1
-66,10,0,1,0,0,0
-219,12,1,1,0,0,1
-321,2,1,1,0,0,1
-207,9,0,1,0,0,0
-338,12,1,1,0,0,1
-339,2,1,1,0,0,0
-306,1,0,1,0,0,0
-135,9,1,1,0,0,0
-78,2,1,1,0,0,0
-148,2,0,1,0,0,1
-204,2,0,1,0,0,1
-363,1,1,1,0,0,1
359,5,0,1,0,0,1
353,15,1,1,0,0,1
185,2,0,1,0,0,1
166,8,0,1,0,0,1
257,9,1,1,0,0,1
326,3,0,1,0,0,1
345,11,1,0,1,0,0
151,3,0,0,1,0,1
142,10,0,0,1,0,0
76,12,0,1,0,0,1
356,NA,1,0,1,0,0
336,NA,0,1,0,0,1
135,7,0,0,0,0,0
160,11,0,0,0,0,1
58,6,0,0,0,0,1
45,8,1,0,0,1,1
204,14,1,0,1,0,0
151,6,0,0,0,1,0
263,3,1,0,1,0,0
57,10,0,0,1,0,1
171,11,1,1,0,0,0
231,10,1,0,1,0,1
338,12,1,0,1,0,1
-137,6,0,0,0,1,1
-34,6,1,0,1,0,0
-95,10,1,1,0,0,0
-244,NA,0,1,0,0,0
-191,4,0,1,0,0,0
-365,7,1,0,0,1,0
-45,5,0,0,0,1,1
-207,4,1,1,0,0,1
-262,0,0,0,0,1,0
-140,NA,1,1,0,0,1
-33,6,1,1,0,0,0
-12,3,1,0,0,0,0
-104,0,0,0,0,1,1
-231,0,1,0,0,1,0
-148,NA,0,1,0,0,1
-179,3,0,1,0,0,1
-161,4,1,1,0,0,1
-257,12,1,1,0,0,0
-167,2,1,1,0,0,1
-87,2,0,1,0,0,1
267,8,0,1,0,0,1
21,12,0,1,0,0,1
312,15,1,0,0,1,0
208,22,0,1,0,0,0
341,13,0,0,1,0,0
170,14,1,0,1,0,0
158,14,0,1,0,0,1
56,12,0,0,0,0,0
207,14,1,0,0,1,0
121,11,1,1,0,0,0
49,2,1,0,0,1,1
294,14,1,1,0,0,1
225,10,1,0,0,0,1
278,9,0,0,1,0,1
134,3,1,0,0,1,0
159,11,0,0,1,0,0
282,5,0,1,0,0,1
124,NA,0,1,0,0,1
-95,9,1,1,0,0,1
-138,2,1,0,0,1,1
-230,7,1,0,1,0,0
-363,5,1,1,0,0,0
-106,2,0,0,0,1,1
-97,3,0,0,0,0,1
-286,1,1,0,0,1,1
-186,1,1,0,0,1,1
-315,2,1,0,0,1,1
-23,6,0,0,1,0,0
-186,1,1,0,0,1,1
-272,9,1,0,1,0,0
-76,0,0,0,0,1,1
-97,2,0,0,0,1,1
-79,10,0,0,1,0,1
-1,2,0,0,1,0,0
-118,2,0,0,0,1,1
-96,4,1,0,1,0,0
-189,2,0,0,0,1,1
-272,5,0,0,0,1,1
296,2,0,0,0,1,1
236,10,1,0,1,0,0
149,12,0,0,1,0,1
331,12,0,1,0,0,0
342,14,0,0,1,0,1
329,17,0,1,0,0,0
304,14,0,0,1,0,0
37,13,0,0,0,0,0
311,12,1,0,1,0,0
306,15,1,0,1,0,0
123,25,0,0,1,0,0
93,14,1,0,1,0,0
219,12,0,0,0,0,1
298,12,1,1,0,0,0
3,NA,0,0,1,0,0
61,20,1,0,1,0,0
-83,NA,1,0,0,1,1
-3,15,0,0,0,0,0
-73,NA,0,1,0,0,0
-286,2,0,0,1,0,0
-154,NA,0,1,0,0,1
-326,NA,0,0,1,0,0
-292,7,1,1,0,0,1
-40,NA,0,1,0,0,0
-31,4,0,0,0,0,0
-185,9,1,0,1,0,0
-146,13,1,0,1,0,0
-284,5,0,0,1,0,0
-213,6,0,1,0,0,0
-55,NA,1,0,0,1,0
-325,2,1,0,1,0,0
-111,11,1,0,1,0,0
-144,NA,1,0,1,0,1
-156,7,0,0,0,0,0
-143,4,0,1,0,0,1
-294,NA,1,0,0,0,0
-332,2,0,1,0,0,0
-295,3,1,0,1,0,0
-158,12,1,1,0,0,0
-305,2,0,1,0,0,1
-146,3,1,0,0,0,0
-179,13,0,0,0,0,0
-332,NA,1,1,0,0,1
-135,NA,0,0,1,0,1
-284,NA,0,1,0,0,1
-261,10,1,0,0,1,0
-190,NA,1,0,0,0,1
-73,NA,0,0,0,1,1
-195,2,0,0,0,0,0
-35,NA,1,1,0,0,1
-103,6,1,1,0,0,1
-52,12,1,1,0,0,0
-305,5,0,1,0,0,1
-287,3,0,1,0,0,0
-306,1,0,1,0,0,1
-59,10,1,1,0,0,0
-17,4,1,1,0,0,1
-61,0,0,1,0,0,1
-100,2,1,1,0,0,1
-224,3,0,1,0,0,1
-269,2,1,1,0,0,0
-331,NA,0,1,0,0,1
-107,3,0,1,0,0,1
-210,3,1,1,0,0,0
-47,2,1,1,0,0,1
-166,4,0,1,0,0,1
-149,NA,0,1,0,0,1
-112,9,0,1,0,0,1
-362,3,1,1,0,0,0
-157,3,0,0,1,0,1
-355,NA,0,0,0,1,1
-354,NA,0,0,1,0,0
-318,NA,0,0,0,1,1
-48,12,0,0,1,0,0
-7,13,0,0,1,0,0
-162,14,0,0,1,0,0
-256,NA,0,0,1,0,1
-310,1,0,0,0,1,1
-45,2,1,0,0,1,1
-222,4,1,0,1,0,0
-302,2,0,0,1,0,0
-215,11,1,0,1,0,0
-103,5,1,0,1,0,1
-315,2,0,0,0,1,1
-124,12,1,1,0,0,0
-230,2,1,0,0,1,1
-298,0,1,0,0,1,1
-191,NA,0,0,0,1,1
-108,NA,0,1,0,0,1
-249,NA,1,0,0,1,1
-196,7,1,1,0,0,0
-180,0,0,1,0,0,1
-128,14,1,1,0,0,0
-201,1,1,1,0,0,1
-52,2,1,1,0,0,1
-10,1,1,1,0,0,0
-53,NA,1,1,0,0,1
-16,3,0,1,0,0,1
-334,9,1,1,0,0,1
-238,2,0,1,0,0,1
-131,2,1,1,0,0,1
-9,2,1,1,0,0,1
-55,NA,0,0,1,0,1
-69,13,0,1,0,0,0
-271,7,0,1,0,0,1
-63,1,0,1,0,0,1
-30,3,1,1,0,0,1
-140,NA,0,1,0,0,1
-97,2,0,1,0,0,1
-98,NA,1,1,0,0,1
319,16,0,0,0,0,0
335,18,0,0,1,0,0
171,3,0,0,1,0,0
144,NA,1,0,0,1,0
197,13,1,0,1,0,0
136,13,0,0,1,0,0
272,22,1,0,1,0,0
75,14,0,0,0,0,0
44,10,1,0,1,0,0
292,14,0,1,0,0,1
236,13,0,0,1,0,1
191,11,0,0,1,0,0
316,11,0,0,1,0,0
292,4,1,1,0,0,1
109,2,1,1,0,0,0
180,12,0,0,1,0,1
-76,3,0,1,0,0,1
-272,2,0,0,1,0,0
-104,3,0,1,0,0,1
-192,12,1,0,1,0,0
-33,2,1,0,1,0,0
-178,2,1,1,0,0,1
-263,3,0,0,0,1,1
-142,6,0,0,1,0,0
-216,4,0,1,0,0,1
-112,5,1,1,0,0,0
-138,3,0,1,0,0,0
-146,10,1,1,0,0,1
-37,2,1,0,0,1,1
-317,0,1,0,0,1,1
-195,4,0,0,1,0,1
-49,3,0,0,0,0,0
-53,NA,0,1,0,0,1
-229,2,1,0,0,1,1
33,11,0,0,0,0,1
285,8,1,1,0,0,1
2,12,1,1,0,0,1
197,8,0,0,1,0,1
90,3,1,0,1,0,0
188,9,0,0,0,0,1
-269,2,0,0,0,1,1
-19,2,0,0,0,1,1
-305,2,0,0,1,0,1
-166,2,1,0,0,0,1
-186,2,1,0,0,1,1
-184,NA,1,0,1,0,0
-240,2,0,0,0,1,1
-111,8,1,0,0,0,0
-279,3,0,1,0,0,1
-336,1,0,0,0,1,1
-357,4,1,0,1,0,0
-251,2,0,0,0,1,0
-85,1,0,0,0,1,1
-55,5,0,0,1,0,0
-151,2,1,0,1,0,0
-98,3,1,0,1,0,1
-187,1,1,0,1,0,1
-124,8,0,0,1,0,0
-32,12,1,0,1,0,0
-32,1,0,0,1,0,0
-163,2,0,0,1,0,0
233,NA,1,1,0,0,1
138,4,0,1,0,0,1
300,8,1,1,0,0,1
288,10,0,0,1,0,1
343,3,0,1,0,0,1
249,4,0,1,0,0,1
53,NA,1,1,0,0,1
320,2,0,1,0,0,1
-14,2,0,0,0,1,1
-186,2,1,0,1,0,1
-231,1,0,0,1,0,0
-175,0,1,0,0,1,1
-361,2,0,0,1,0,1
-349,0,0,0,0,1,1
-99,2,1,0,0,1,1
-303,2,0,0,1,0,0
-113,8,0,0,1,0,0
-44,NA,1,1,0,0,1
-64,6,0,1,0,0,1
-246,2,1,0,1,0,1
-355,2,1,0,0,1,1
-191,0,0,1,0,0,1
-241,2,1,0,1,0,0
-236,1,0,0,0,1,1
-36,5,1,0,1,0,0
-301,4,1,0,0,1,0
-237,3,0,0,0,1,1
-313,5,0,1,0,0,1
247,13,1,1,0,0,1
216,14,1,1,0,0,1
300,9,1,1,0,0,0
293,14,0,0,0,1,1
25,11,1,0,0,1,1
160,3,0,1,0,0,1
128,NA,0,1,0,0,1
10,6,1,1,0,0,1
263,11,0,0,1,0,0
109,13,1,1,0,0,1
338,12,1,0,1,0,0
355,4,0,0,1,0,0
10,15,1,0,1,0,1
47,16,1,0,0,0,1
46,2,0,0,0,1,1
162,7,0,0,1,0,0
228,19,1,0,1,0,1
160,7,1,0,0,1,1
361,26,1,0,1,0,0
254,14,0,0,0,1,0
60,14,0,0,0,0,0
261,11,0,1,0,0,0
274,14,1,0,1,0,0
137,16,0,1,0,0,1
232,21,0,0,1,0,1
332,6,0,1,0,0,0
315,10,0,0,0,1,0
110,5,1,0,1,0,0
11,11,1,1,0,0,1
10,40,1,0,1,0,0
116,13,0,0,1,0,0
282,NA,1,0,0,1,1
122,12,0,1,0,0,1
3,12,1,1,0,0,0
311,3,0,0,0,1,1
259,7,1,0,1,0,1
331,4,0,1,0,0,0
152,NA,0,0,1,0,0
219,12,0,0,0,0,1
42,NA,0,0,1,0,0
30,6,1,1,0,0,1
116,4,0,0,0,0,1
137,6,1,0,0,1,0
127,NA,1,0,0,1,1
66,11,0,0,1,0,0
260,14,0,0,1,0,0
81,5,1,0,1,0,0
255,NA,1,0,1,0,0
321,NA,1,1,0,0,0
10,9,1,1,0,0,1
185,5,0,1,0,0,1
137,NA,0,1,0,0,1
101,NA,0,1,0,0,1
-19,3,1,1,0,0,1
-13,NA,1,1,0,0,1
-365,NA,1,0,0,1,1
-113,NA,0,0,0,0,1
-35,10,1,1,0,0,1
-342,11,0,1,0,0,1
-201,4,0,1,0,0,1
-88,2,0,1,0,0,1
-158,NA,1,0,0,0,1
-324,2,0,0,0,0,1
-125,NA,1,1,0,0,1
-97,NA,1,1,0,0,1
-123,3,0,1,0,0,1
-40,NA,1,0,0,0,1
333,NA,1,0,1,0,0
50,NA,0,0,0,1,1
164,2,1,0,0,1,1
51,12,1,0,0,0,0
263,NA,0,1,0,0,0
337,6,1,0,0,1,1
200,8,1,0,0,1,1
306,13,0,0,1,0,0
240,NA,1,1,0,0,1
170,NA,0,0,1,0,1
42,5,1,0,0,1,1
328,NA,0,0,1,0,1
-248,NA,0,0,1,0,0
-85,9,0,1,0,0,1
-125,3,0,0,0,1,1
-67,NA,0,1,0,0,1
-330,2,0,1,0,0,1
-125,4,1,0,1,0,1
-224,6,1,0,0,0,1
-317,0,0,0,1,0,1
-16,10,1,0,0,1,1
-186,2,1,0,1,0,0
-292,NA,1,0,1,0,1
-312,4,0,0,1,0,0
-317,NA,0,1,0,0,1
-169,7,1,1,0,0,1
-125,2,1,0,1,0,1
-171,2,0,0,0,1,1
-144,2,1,1,0,0,1
-85,3,0,0,1,0,0
-240,1,1,1,0,0,1
81,14,1,1,0,0,0
22,10,0,1,0,0,1
158,12,1,1,0,0,1
337,9,0,1,0,0,1
218,14,0,1,0,0,0
40,11,1,0,0,0,0
92,11,0,1,0,0,1
344,9,0,1,0,0,0
113,7,0,0,1,0,0
87,2,0,0,1,0,0
352,14,0,1,0,0,1
276,NA,0,1,0,0,1
340,13,0,1,0,0,1
340,NA,1,0,0,1,1
-293,NA,1,0,0,0,1
-143,1,0,0,1,0,1
-313,1,1,0,0,1,1
-94,2,1,0,0,1,1
-14,5,1,0,1,0,1
-180,NA,1,0,1,0,0
-117,6,0,0,1,0,1
-328,4,0,0,0,0,1
-162,1,0,0,0,1,0
-185,2,0,1,0,0,1
-157,3,1,0,0,0,1
-131,3,1,0,1,0,1
-203,NA,0,0,0,1,0
-250,11,1,0,1,0,0
-300,7,0,0,0,0,0
-328,11,1,0,1,0,1
197,15,1,0,1,0,0
234,12,0,1,0,0,0
293,21,1,0,1,0,0
105,16,0,0,1,0,0
92,16,0,0,1,0,0
6,10,0,0,1,0,0
212,22,0,0,1,0,0
359,14,1,0,1,0,0
306,34,0,0,1,0,0
247,18,0,1,0,0,0
279,13,0,0,0,0,0
81,12,1,0,1,0,0
357,16,0,0,0,1,0
129,12,1,0,1,0,0
-148,13,1,0,1,0,0
-270,3,1,0,1,0,0
-111,2,1,0,0,0,0
-80,5,1,0,1,0,0
-282,NA,1,0,1,0,1
-17,NA,0,0,1,0,1
-192,NA,1,0,1,0,0
-90,15,1,0,0,0,0
-183,15,1,0,1,0,0
-344,5,1,0,1,0,1
-342,NA,0,0,1,0,0
-53,5,0,0,1,0,0
-74,NA,0,0,1,0,1
-311,4,0,0,0,1,0
-41,6,1,0,0,0,0
-304,3,1,1,0,0,1
-213,NA,0,0,1,0,0
-180,2,1,0,0,0,1
-41,NA,0,0,1,0,0
-10,3,0,0,0,0,1
-174,8,0,0,1,0,0
256,6,0,0,0,1,1
57,4,1,0,1,0,1
190,NA,0,1,0,0,1
157,4,0,1,0,0,1
210,8,0,0,0,1,1
93,13,1,1,0,0,1
146,12,0,0,0,1,1
178,2,0,0,0,1,1
295,12,0,0,0,1,1
44,11,1,0,0,1,1
51,NA,1,1,0,0,1
291,14,1,1,0,0,1
125,12,1,1,0,0,1
261,NA,0,0,0,1,1
270,3,0,0,0,0,1
291,15,0,1,0,0,1
116,NA,1,1,0,0,1
225,NA,0,1,0,0,1
61,NA,1,1,0,0,1
1,NA,0,1,0,0,1
236,4,0,1,0,0,1
294,5,0,1,0,0,1
343,3,1,0,0,1,1
276,6,1,0,0,1,1
71,3,1,0,1,0,1
57,NA,1,0,0,1,1
236,10,0,0,0,1,1
184,7,0,0,1,0,1
45,9,1,0,1,0,0
269,9,0,1,0,0,1
40,23,0,0,1,0,0
106,27,0,0,1,0,0
349,14,1,0,1,0,0
247,14,1,0,1,0,0
134,3,0,0,1,0,0
114,11,0,0,1,0,1
108,9,1,0,1,0,0
128,12,1,0,1,0,0
232,29,0,0,0,0,0
159,11,0,0,1,0,1
111,NA,0,0,1,0,0
256,NA,0,0,1,0,0
254,17,1,0,0,0,0
31,5,1,0,1,0,0
254,17,1,0,0,0,0
4,14,0,0,1,0,0
285,23,0,0,1,0,0
348,NA,0,0,1,0,1
37,3,1,0,1,0,1
181,13,0,0,1,0,1
146,3,1,0,1,0,0
229,23,1,1,0,0,1
-109,10,0,0,0,0,0
-66,4,0,0,0,0,1
-20,NA,0,0,0,1,1
-125,6,1,0,1,0,0
-79,NA,0,1,0,0,1
-114,7,0,0,0,1,1
-116,4,0,0,0,1,1
-248,6,0,0,1,0,0
-226,2,0,0,1,0,0
-296,1,0,0,1,0,0
-325,2,0,0,0,0,0
-331,5,1,0,1,0,0
-209,NA,1,0,1,0,0
-82,NA,1,0,0,1,0
-259,10,1,1,0,0,0
-76,5,0,0,1,0,0
-271,4,1,0,1,0,0
-221,1,0,0,0,0,0
-262,0,0,0,0,1,1
-256,0,0,0,0,1,1
-80,2,1,0,0,1,0
-296,1,0,0,1,0,0
-221,11,1,0,0,1,0
-71,2,1,0,0,1,1
-207,NA,0,0,0,1,0
-205,11,0,0,1,0,0
-131,10,1,1,0,0,0
-362,NA,0,0,1,0,0
-261,1,0,0,1,0,0
-323,7,0,1,0,0,0
-352,3,0,0,0,0,0
-131,11,1,1,0,0,0
-142,1,1,0,0,0,1
-4,2,1,0,1,0,0
-171,4,1,0,1,0,0
-259,4,1,0,0,1,1
-198,NA,1,0,1,0,0
-326,3,0,0,1,0,1
-244,0,0,0,0,1,0
44,9,1,0,0,1,0
130,13,1,0,1,0,0
343,7,0,0,1,0,0
61,8,1,0,0,1,0
259,8,1,0,0,1,1
63,8,1,0,1,0,0
327,9,0,0,0,1,1
-342,2,1,1,0,0,1
-95,NA,0,1,0,0,1
-334,1,0,1,0,0,1
-338,1,0,1,0,0,1
-130,0,0,0,0,0,1
-300,3,0,1,0,0,1
-129,NA,0,1,0,0,1
-262,1,1,1,0,0,1
-308,3,1,1,0,0,1
-324,2,1,1,0,0,1
-225,2,1,0,0,1,1
-346,5,1,1,0,0,1
-145,NA,0,0,1,0,1
-80,8,1,0,0,0,1
-143,10,1,1,0,0,1
-333,7,1,1,0,0,1
-174,12,1,1,0,0,1
-52,1,0,1,0,0,0
-21,2,1,1,0,0,1
-305,2,0,0,1,0,0
-334,NA,0,1,0,0,0
-284,3,0,0,0,1,1
-215,14,0,0,1,0,0
-26,5,0,1,0,0,1
-90,9,1,1,0,0,1
-262,2,0,1,0,0,0
-254,4,0,0,1,0,0
-23,16,0,0,1,0,1
-176,12,1,1,0,0,0
-230,8,0,0,0,0,1
-347,14,1,0,1,0,0
-144,5,0,0,0,0,0
-343,4,1,0,1,0,0
-363,3,1,1,0,0,0
-213,1,0,1,0,0,0
155,13,1,0,1,0,1
163,NA,0,0,0,1,1
176,6,1,0,0,1,1
276,NA,1,0,0,1,1
0,NA,1,0,0,1,1
80,NA,1,0,0,1,1
304,NA,0,0,0,1,1
28,7,0,0,0,1,1
36,5,0,0,0,1,1
49,NA,0,0,1,0,1
123,NA,0,0,0,1,1
140,NA,1,0,0,1,1
160,NA,0,0,0,1,1
303,NA,0,0,0,1,1
-92,2,0,1,0,0,1
-55,8,1,0,0,1,1
-26,12,1,0,1,0,1
-72,NA,0,0,0,1,0
-274,4,1,1,0,0,1
-164,NA,0,0,1,0,1
-270,1,1,0,1,0,0
-141,16,1,0,1,0,0
-315,7,1,0,1,0,0
-314,1,0,1,0,0,1
-348,6,1,0,0,1,1
-361,6,1,0,1,0,0
-298,4,0,1,0,0,1
-33,13,0,1,0,0,1
-86,3,0,0,0,0,1
-283,1,1,1,0,0,1
-55,2,0,0,1,0,1
-207,12,1,0,1,0,0
-6,4,0,1,0,0,1
-4,5,1,0,1,0,1
-13,5,1,0,1,0,0
-125,4,1,0,0,1,1
-244,NA,1,0,1,0,1
-198,3,0,0,0,1,1
-205,0,0,0,0,1,1
-153,2,0,0,0,1,1
-213,1,1,0,0,1,1
-227,NA,1,1,0,0,1
-269,NA,0,1,0,0,1
-167,2,0,0,1,0,1
-30,2,0,0,0,1,0
-139,2,0,1,0,0,1
-251,NA,0,0,0,0,0
-139,5,1,1,0,0,1
-78,3,0,0,0,1,1
-185,NA,1,1,0,0,1
-26,8,1,0,1,0,0
-178,0,1,0,0,1,1
-19,3,0,0,0,1,1
-128,1,1,0,1,0,1
-156,2,0,0,1,0,0
-273,NA,1,0,1,0,0
-219,2,0,0,1,0,0
-335,5,1,0,0,0,0
-237,NA,0,0,1,0,0
-66,3,1,0,1,0,1
-58,4,1,0,0,0,0
-65,2,0,0,1,0,1
-269,8,1,1,0,0,1
-192,4,0,0,1,0,0
-97,NA,0,0,1,0,0
-119,3,1,0,1,0,0
-106,9,1,0,1,0,0
-253,2,0,0,1,0,1
-20,13,1,0,1,0,0
-25,NA,0,1,0,0,0
-77,13,0,0,1,0,0
-268,NA,1,0,0,0,0
-20,NA,0,0,1,0,0
-11,10,0,0,0,0,0
-152,5,1,0,1,0,1
-100,NA,0,0,1,0,0
-359,7,0,0,1,0,0
-308,3,0,0,1,0,0
-128,NA,1,0,1,0,0
-91,11,1,0,0,0,0
-30,NA,1,0,1,0,0
-279,12,0,0,0,0,0
-232,NA,1,0,1,0,0
-307,NA,1,1,0,0,0
-133,NA,0,0,1,0,1
-117,NA,1,0,0,0,0
-321,3,0,0,1,0,0
292,8,1,1,0,0,0
164,NA,0,1,0,0,1
223,6,1,1,0,0,1
97,NA,1,1,0,0,1
234,15,1,1,0,0,1
305,NA,0,1,0,0,1
-123,12,0,1,0,0,1
-51,2,1,1,0,0,1
-266,1,0,1,0,0,1
-52,2,1,0,1,0,1
-130,NA,0,1,0,0,1
-98,NA,0,1,0,0,1
-160,3,1,0,1,0,1
-214,4,0,0,0,0,1
-58,NA,1,1,0,0,1
-303,NA,0,0,0,0,1
-69,7,1,1,0,0,1
-43,NA,0,1,0,0,1
-174,1,0,1,0,0,1
-268,4,0,1,0,0,1
-17,NA,0,1,0,0,1
-353,1,0,1,0,0,1
-277,4,1,1,0,0,0
-303,NA,1,1,0,0,0
-365,2,0,1,0,0,1
23,10,1,0,1,0,1
168,3,1,1,0,0,1
169,51,1,0,1,0,0
172,11,0,0,1,0,0
206,2,1,1,0,0,0
319,16,0,0,1,0,0
284,14,0,1,0,0,0
168,8,1,0,0,0,1
193,11,1,1,0,0,1
190,5,0,1,0,0,1
177,7,0,0,1,0,0
34,25,0,0,0,0,0
275,7,1,0,1,0,0
-177,NA,0,0,1,0,1
-58,NA,1,0,1,0,0
-139,6,1,0,1,0,0
-152,NA,1,0,0,0,0
-349,10,1,0,1,0,0
-67,9,1,0,1,0,0
-315,NA,0,0,1,0,0
-65,NA,1,0,1,0,0
-74,NA,1,1,0,0,0
-55,2,1,0,0,0,0
-43,6,1,0,1,0,1
-5,2,1,0,1,0,0
-361,NA,1,0,1,0,0
-54,NA,1,0,0,0,1
-44,NA,1,0,1,0,1
-121,NA,0,0,1,0,0
-49,13,1,0,1,0,0
-296,3,0,0,1,0,1
-172,4,1,0,1,0,0
-17,NA,1,0,0,1,1
-195,NA,0,1,0,0,1
-272,NA,1,0,0,1,1
-42,NA,1,0,1,0,1
-320,1,0,0,1,0,0
-36,4,1,1,0,0,1
-133,NA,0,1,0,0,1
-69,3,1,0,1,0,1
-333,1,1,0,0,0,0
-137,NA,1,0,1,0,0
-14,NA,1,0,0,1,1
-20,3,1,0,0,0,1
267,16,1,0,0,0,0
38,6,1,0,1,0,1
153,NA,0,1,0,0,1
257,NA,0,1,0,0,1
290,NA,1,0,1,0,0
304,20,0,0,1,0,0
86,10,1,0,1,0,1
85,14,0,0,1,0,0
358,11,1,0,0,1,1
127,4,0,0,1,0,0
271,15,1,0,1,0,0
-107,7,1,1,0,0,1
-76,7,0,1,0,0,0
-87,3,0,1,0,0,1
-59,2,1,0,1,0,0
-163,20,1,1,0,0,0
-63,NA,1,1,0,0,1
-328,2,1,1,0,0,1
-57,8,0,1,0,0,1
-63,NA,1,1,0,0,0
-222,4,0,0,1,0,0
-294,2,0,1,0,0,0
-33,17,1,1,0,0,0
-315,3,1,1,0,0,0
-78,7,1,1,0,0,1
-310,NA,1,1,0,0,0
-296,4,0,1,0,0,0
-100,NA,1,1,0,0,0
98,NA,1,1,0,0,1
66,15,0,1,0,0,1
288,15,1,1,0,0,1
25,NA,0,1,0,0,1
346,11,0,1,0,0,0
307,NA,0,1,0,0,1
317,13,1,1,0,0,0
248,9,1,1,0,0,1
63,14,1,1,0,0,1
226,13,1,1,0,0,1
100,3,0,1,0,0,1
192,8,0,0,1,0,0
80,12,1,0,0,1,1
297,7,0,0,1,0,0
313,12,0,0,1,0,0
163,4,0,1,0,0,1
226,5,1,0,1,0,0
350,40,1,0,1,0,0
206,4,0,0,1,0,1
163,16,1,0,1,0,0
292,6,0,0,1,0,1
220,6,1,0,0,0,1
50,12,0,0,1,0,1
361,14,0,0,1,0,1
77,NA,1,1,0,0,1
85,6,1,1,0,0,0
204,15,1,0,1,0,0
238,9,0,1,0,0,0
36,3,0,0,0,1,1
149,12,0,0,1,0,0
248,14,1,0,1,0,0
135,4,0,1,0,0,1
132,5,1,1,0,0,0
321,11,1,1,0,0,1
236,9,0,1,0,0,1
54,NA,1,1,0,0,1
94,4,0,1,0,0,1
17,7,0,1,0,0,1
74,12,1,1,0,0,1
235,10,1,1,0,0,1
65,14,0,1,0,0,0
291,NA,0,0,1,0,1
69,NA,0,0,1,0,1
266,3,0,0,1,0,1
43,4,0,0,0,1,0
345,4,1,0,0,1,1
260,5,1,0,1,0,1
53,12,1,0,1,0,0
184,15,1,0,1,0,0
248,1,1,0,1,0,1
276,4,0,0,1,0,1
215,13,1,0,1,0,1
187,16,0,1,0,0,1
322,13,1,1,0,0,1
160,21,0,1,0,0,1
38,10,1,1,0,0,1
59,NA,1,1,0,0,1
251,NA,1,0,0,1,0
226,NA,1,0,0,1,1
312,NA,0,1,0,0,1
117,NA,1,1,0,0,1
292,NA,1,1,0,0,1
74,12,1,0,1,0,0
81,4,1,1,0,0,1
157,14,0,0,0,1,1
186,15,0,1,0,0,1
188,14,0,1,0,0,1
-292,3,1,1,0,0,0
-124,3,1,1,0,0,1
-11,8,0,1,0,0,1
-82,4,1,1,0,0,1
-68,6,0,0,0,0,0
-29,14,1,1,0,0,1
-153,1,0,1,0,0,1
-314,NA,0,0,0,0,1
-96,9,0,1,0,0,0
-319,1,1,1,0,0,0
-300,4,0,1,0,0,1
-326,4,0,1,0,0,0
-135,8,0,1,0,0,1
-129,7,1,1,0,0,1
-129,5,1,1,0,0,0
-257,6,0,0,0,1,0
-181,NA,0,0,0,1,1
-144,2,1,1,0,0,1
-232,6,1,1,0,0,1
-59,2,0,1,0,0,1
358,13,1,1,0,0,1
9,4,1,0,0,0,0
255,12,0,1,0,0,1
3,11,1,1,0,0,1
133,11,0,1,0,0,0
263,8,0,1,0,0,1
338,NA,1,1,0,0,1
43,1,0,1,0,0,1
86,11,1,0,0,0,1
197,15,0,1,0,0,0
307,17,0,1,0,0,1
241,6,0,1,0,0,1
8,1,0,1,0,0,1
285,13,1,1,0,0,0
-316,3,1,0,0,0,1
-21,4,0,0,0,1,1
-53,1,0,0,0,1,1
-2,NA,1,0,0,1,1
-261,1,1,0,1,0,1
-75,4,0,1,0,0,0
-179,NA,0,0,1,0,1
-343,NA,0,0,0,1,1
-24,4,1,0,1,0,1
-295,NA,1,0,1,0,1
-91,0,0,0,0,1,1
-42,3,0,0,0,1,0
-295,1,1,0,0,0,0
-3,2,0,0,0,1,1
-67,2,1,1,0,0,1
-178,10,1,0,1,0,0
-277,6,1,1,0,0,0
-103,8,1,0,1,0,0
-292,0,0,0,0,1,1
337,NA,0,1,0,0,1
14,6,1,1,0,0,1
52,NA,0,1,0,0,1
135,NA,1,1,0,0,1
345,NA,0,1,0,0,1
175,7,0,1,0,0,1
287,5,0,0,0,1,1
175,13,0,1,0,0,1
288,12,1,1,0,0,0
302,0,1,1,0,0,1
61,10,1,0,1,0,1
318,11,1,0,1,0,1
184,NA,1,0,0,1,0
201,NA,0,0,0,1,1
349,14,1,1,0,0,1
199,11,0,1,0,0,1
149,14,1,0,0,1,0
277,17,0,0,0,0,0
9,NA,1,0,0,1,1
262,NA,0,0,0,1,1
161,12,0,0,0,0,1
167,NA,1,1,0,0,1
58,14,0,1,0,0,1
216,9,0,1,0,0,1
334,11,0,1,0,0,0
41,6,1,0,0,1,1
80,NA,0,1,0,0,1
29,7,1,1,0,0,1
276,15,1,0,0,1,0
180,8,0,0,0,1,1
65,11,0,1,0,0,1
291,NA,0,1,0,0,0
266,5,1,0,0,1,0
329,14,1,0,1,0,0
287,NA,0,0,0,1,1
284,14,0,0,0,0,0
178,NA,1,0,1,0,0
66,11,1,0,1,0,0
304,11,0,0,1,0,0
308,NA,1,0,0,1,1
325,14,0,0,1,0,0
126,NA,1,0,1,0,0
211,5,0,0,0,1,0
140,NA,0,1,0,0,0
293,14,1,0,0,0,0
159,NA,1,0,1,0,0
103,10,0,1,0,0,1
241,5,1,1,0,0,1
61,NA,0,1,0,0,1
145,15,0,1,0,0,1
277,NA,0,1,0,0,1
133,6,1,1,0,0,0
325,NA,0,1,0,0,1
269,2,0,1,0,0,1
246,3,1,1,0,0,1
134,7,0,0,1,0,0
87,4,1,0,0,1,0
81,3,1,1,0,0,1
224,11,1,0,0,1,0
150,11,0,0,1,0,1
180,16,0,0,1,0,0
138,10,0,0,0,1,0
136,3,0,0,1,0,0
2,12,0,1,0,0,1
297,7,0,0,0,0,1
93,12,1,0,1,0,1
347,9,0,0,1,0,0
127,13,1,1,0,0,1
239,13,1,0,1,0,0
210,15,0,1,0,0,0
212,12,1,0,1,0,0
193,8,0,0,1,0,0
136,14,0,0,0,1,0
18,6,0,0,1,0,0
89,7,1,0,0,1,1
257,6,1,0,0,0,0
6,12,0,0,0,1,0
308,NA,1,0,0,0,1
63,6,0,0,0,0,0
142,12,0,0,0,0,1
222,10,0,1,0,0,1
257,17,1,0,1,0,0
133,NA,0,0,1,0,1
175,10,0,0,1,0,0
40,7,0,0,0,0,0
112,8,1,0,0,0,1
1,9,1,0,1,0,1
225,4,0,0,1,0,0
342,10,1,0,0,0,1
142,12,0,0,0,0,1
288,15,0,0,1,0,1
17,9,0,1,0,0,1
177,9,0,0,1,0,1
330,10,1,0,0,1,0
25,5,0,0,0,0,1
182,13,1,0,1,0,1
274,14,1,1,0,0,1
306,7,0,0,0,0,0
277,12,0,0,1,0,0
3,10,1,0,1,0,0
41,11,1,1,0,0,1
339,14,1,0,1,0,0
256,15,0,0,1,0,0
55,10,0,1,0,0,1
221,11,0,0,1,0,0
255,NA,1,1,0,0,1
211,NA,0,0,0,1,1
219,NA,1,1,0,0,1
180,3,0,1,0,0,1
65,5,1,1,0,0,1
115,16,1,0,0,1,1
143,10,1,0,0,1,1
141,2,0,0,0,1,1
328,11,1,0,0,1,1
290,2,0,0,0,1,1
-213,12,1,1,0,0,1
-149,4,0,1,0,0,1
-326,2,0,1,0,0,1
-291,11,1,1,0,0,1
-318,2,1,1,0,0,1
-206,6,1,1,0,0,1
-6,NA,1,1,0,0,1
-104,3,0,1,0,0,0
-1,NA,0,1,0,0,1
-110,1,0,1,0,0,1
-303,5,1,1,0,0,0
-296,2,0,1,0,0,1
-150,9,1,1,0,0,1
-56,1,0,1,0,0,0
-93,5,1,1,0,0,1
-275,8,0,1,0,0,1
22,8,1,0,0,0,0
173,2,0,1,0,0,1
352,NA,0,1,0,0,1
4,7,1,0,1,0,0
360,12,1,0,1,0,1
255,14,0,0,0,0,0
109,5,1,0,1,0,1
13,14,0,0,1,0,0
133,2,1,1,0,0,1
-39,NA,1,0,0,0,1
-84,4,1,1,0,0,1
-361,NA,1,0,1,0,0
-110,NA,0,0,1,0,0
-108,3,0,0,1,0,0
-104,8,1,0,1,0,0
-46,5,1,0,1,0,1
-308,2,0,0,0,0,1
-167,5,0,0,1,0,1
-62,NA,0,1,0,0,1
-334,4,0,0,1,0,0
-325,4,1,0,1,0,0
-213,3,0,1,0,0,1
-354,2,0,0,1,0,0
-196,NA,1,0,1,0,0
-344,NA,1,0,0,0,1
-25,3,0,0,1,0,1
-118,5,1,0,1,0,1
-149,12,1,1,0,0,1
-163,NA,1,0,1,0,1
-242,3,1,0,1,0,1
-288,NA,0,0,0,1,1
-312,3,1,0,1,0,1
-270,NA,0,0,0,0,1
-219,2,1,0,1,0,1
-284,3,0,1,0,0,0
-199,2,1,0,0,0,0
-277,5,1,0,1,0,1
-278,NA,0,0,0,0,1
-216,5,1,1,0,0,1
33,16,0,0,1,0,1
343,11,0,0,1,0,1
292,12,0,1,0,0,1
55,15,0,0,1,0,1
354,12,0,0,1,0,1
303,11,1,0,1,0,1
272,11,0,0,0,0,1
180,8,1,0,1,0,0
286,12,0,0,1,0,0
45,0,0,0,0,1,1
268,NA,0,0,0,1,1
163,NA,0,0,0,1,1
182,14,0,0,0,1,1
357,22,0,0,0,1,1
190,13,1,1,0,0,1
159,10,1,0,1,0,0
236,7,1,0,0,1,1
75,6,0,0,0,1,0
362,9,0,0,1,0,0
353,8,0,0,0,0,1
47,4,0,0,0,0,0
210,10,1,0,0,1,1
279,NA,1,1,0,0,1
342,5,0,0,1,0,1
216,11,1,1,0,0,1
267,15,1,0,1,0,1
78,6,0,0,0,0,0
52,4,0,0,0,1,1
320,11,1,0,0,1,1
107,2,0,0,1,0,1
66,6,0,0,0,1,1
-66,3,0,1,0,0,0
-75,2,0,0,1,0,0
-93,NA,1,0,1,0,1
-329,NA,1,0,0,1,1
-5,9,1,0,1,0,1
-86,2,1,0,0,1,1
-286,1,0,0,0,1,1
-62,3,0,1,0,0,1
-157,3,0,0,0,1,1
-266,0,0,0,0,1,1
-116,NA,1,0,1,0,1
-195,2,1,0,0,1,1
-156,NA,1,0,0,1,1
-305,0,0,0,0,1,1
-18,6,0,0,0,1,0
-59,1,0,0,0,1,1
-73,3,0,0,0,1,0
-256,2,0,0,1,0,1
-256,2,0,0,1,0,1
-180,5,1,0,1,0,1
-92,3,0,0,0,1,1
3,4,0,1,0,0,1
131,11,1,1,0,0,1
22,NA,1,1,0,0,0
22,23,1,1,0,0,1
230,11,1,1,0,0,1
65,12,1,1,0,0,1
4,NA,1,1,0,0,1
266,19,0,0,0,0,0
207,4,0,0,0,1,0
193,5,0,0,1,0,0
121,8,0,0,0,1,1
15,15,1,0,0,0,0
133,8,0,0,0,0,0
294,13,0,1,0,0,0
228,4,1,0,1,0,0
201,11,0,1,0,0,0
138,14,1,0,1,0,1
80,4,1,0,1,0,1
262,7,1,1,0,0,1
208,NA,1,1,0,0,1
11,8,0,1,0,0,1
248,16,0,0,1,0,0
29,7,0,0,0,0,0
26,5,0,0,1,0,1
184,3,0,0,0,1,0
86,2,1,0,0,1,0
3,7,0,0,0,0,1
150,10,1,1,0,0,1
16,NA,1,1,0,0,1
72,NA,1,1,0,0,1
219,NA,0,0,0,1,1
234,NA,0,0,1,0,0
234,28,0,0,1,0,0
117,2,1,0,0,1,1
152,13,1,0,0,1,1
185,22,0,1,0,0,1
32,5,0,0,0,1,1
132,9,0,0,1,0,0
182,NA,1,1,0,0,1
157,6,0,0,1,0,1
276,NA,0,0,1,0,0
115,13,1,0,0,0,0
169,NA,0,1,0,0,1
101,NA,0,0,1,0,0
282,6,0,0,1,0,0
59,NA,1,0,0,0,0
286,9,1,0,0,1,1
331,14,0,0,1,0,0
50,NA,1,0,1,0,1
123,NA,1,1,0,0,1
347,NA,1,1,0,0,0
96,NA,0,1,0,0,1
61,NA,1,1,0,0,1
364,NA,1,1,0,0,0
31,NA,0,1,0,0,0
51,15,0,1,0,0,1
190,11,0,0,0,1,1
-165,2,0,1,0,0,0
-349,NA,0,1,0,0,0
-330,4,1,1,0,0,1
-88,2,1,0,1,0,1
-160,NA,0,1,0,0,1
-200,6,0,1,0,0,1
-256,5,1,1,0,0,1
-131,5,1,1,0,0,1
-79,10,0,0,0,0,1
-257,1,0,1,0,0,1
-104,2,1,1,0,0,0
-310,NA,1,1,0,0,1
-27,4,0,1,0,0,1
-183,6,0,1,0,0,1
-61,9,1,1,0,0,1
-66,NA,0,0,1,0,1
-99,3,1,1,0,0,1
-292,4,1,1,0,0,1
-226,6,1,1,0,0,1
-101,10,0,1,0,0,1
-37,3,0,0,1,0,0
-334,2,0,0,0,0,1
-68,3,1,0,1,0,1
-15,2,1,1,0,0,1
-129,1,0,0,1,0,1
-208,2,1,0,1,0,1
-95,5,1,0,0,0,1
-42,5,0,0,1,0,1
-354,2,0,0,1,0,1
-325,2,0,0,1,0,1
-216,2,1,0,0,0,1
-257,13,1,0,1,0,0
-219,NA,0,0,1,0,1
-248,2,0,0,0,0,1
-311,4,0,0,1,0,1
-310,NA,0,0,1,0,1
-116,4,0,0,1,0,1
-131,3,0,1,0,0,1
-24,5,1,0,1,0,1
-348,3,1,0,1,0,1
213,0,0,0,0,1,1
332,10,0,0,1,0,0
304,13,0,0,1,0,0
255,NA,0,0,0,1,0
15,7,1,1,0,0,1
166,7,1,0,1,0,1
226,6,1,0,0,0,1
188,5,0,1,0,0,1
274,4,1,0,1,0,0
29,2,1,0,0,1,1
226,NA,1,0,0,1,1
121,14,1,0,1,0,0
52,13,0,0,1,0,0
297,13,0,0,0,0,1
141,17,0,0,0,0,0
290,4,1,0,1,0,1
340,6,1,1,0,0,0
81,17,1,0,1,0,0
336,14,1,0,0,1,1
326,13,0,0,0,1,0
228,4,1,0,0,1,1
355,6,0,0,0,0,0
59,12,1,1,0,0,1
109,NA,1,1,0,0,1
162,19,0,0,1,0,0
351,15,1,0,1,0,0
258,3,1,1,0,0,1
37,14,1,0,1,0,1
45,8,1,0,1,0,1
309,10,1,0,0,0,0
285,8,1,1,0,0,1
-131,6,0,0,1,0,1
-360,2,1,0,0,0,1
-89,11,1,0,1,0,0
-112,NA,0,1,0,0,0
-159,NA,0,0,1,0,1
-45,0,0,0,1,0,1
-6,5,0,0,0,1,0
-262,3,0,0,1,0,1
-5,1,0,1,0,0,1
-88,2,0,0,0,0,1
-262,5,1,0,0,0,0
-163,3,0,0,0,1,1
-60,NA,0,0,0,0,0
-83,14,0,0,1,0,0
-86,NA,0,0,1,0,0
-58,2,1,0,0,0,1
-356,3,1,0,1,0,0
-317,5,1,0,1,0,0
-180,8,1,0,0,0,1
-234,12,1,0,1,0,0
-255,3,0,0,0,0,0
-104,2,0,0,1,0,0
-343,4,0,0,1,0,1
-99,12,1,0,1,0,1
-104,10,0,0,1,0,0
-214,3,0,0,1,0,1
-20,10,1,0,1,0,0
-58,14,0,0,1,0,1
-186,9,1,0,1,0,0
-78,6,0,1,0,0,0
-165,4,1,0,1,0,1
-134,2,1,1,0,0,0
-114,NA,1,0,0,1,0
-2,5,0,1,0,0,0
-345,1,1,1,0,0,0
-161,2,0,0,1,0,1
-324,NA,1,1,0,0,0
-209,2,0,0,1,0,0
119,3,1,0,0,1,1
155,2,0,0,1,0,1
136,4,0,1,0,0,1
278,14,1,0,0,1,1
192,12,1,0,0,0,1
87,12,0,1,0,0,1
333,12,1,0,0,1,1
224,13,1,1,0,0,1
202,5,0,0,1,0,1
170,10,1,1,0,0,1
205,13,1,1,0,0,1
352,14,0,0,1,0,1
77,1,0,1,0,0,1
186,10,1,1,0,0,1
29,NA,1,0,1,0,0
26,7,0,0,1,0,0
156,13,1,0,1,0,0
71,17,1,0,1,0,0
338,13,1,0,1,0,0
282,14,0,0,0,1,1
317,5,1,0,0,0,1
118,6,0,0,1,0,1
112,15,1,0,1,0,0
327,15,0,0,1,0,0
144,NA,0,0,1,0,1
43,14,0,0,1,0,0
332,28,1,0,1,0,0
12,14,1,0,1,0,0
110,13,0,0,1,0,0
254,10,0,0,1,0,1
32,8,0,0,1,0,1
82,11,0,0,0,1,1
177,11,0,1,0,0,0
275,14,1,0,0,1,1
217,1,1,0,0,1,0
149,15,1,0,1,0,1
86,4,0,0,0,1,1
-354,3,0,1,0,0,1
-117,1,1,1,0,0,1
-263,3,1,1,0,0,1
-130,2,0,1,0,0,1
-153,NA,1,1,0,0,1
-346,0,0,1,0,0,1
-60,4,1,1,0,0,1
-257,1,0,1,0,0,1
-228,3,0,0,0,1,0
-110,1,1,1,0,0,1
-18,4,1,0,1,0,0
-342,2,1,1,0,0,1
-272,NA,0,1,0,0,1
-153,NA,1,1,0,0,1
-74,5,1,0,1,0,0
-188,4,0,1,0,0,1
-200,NA,1,1,0,0,1
-91,1,0,1,0,0,1
-9,2,1,1,0,0,0
-345,6,0,1,0,0,1
-346,1,1,1,0,0,1
305,9,0,0,0,0,1
-211,5,1,0,0,1,0
-16,5,0,0,1,0,0
-347,2,1,0,0,0,1
-110,2,0,0,1,0,1
-170,2,1,0,1,0,0
-301,10,0,1,0,0,0
-18,1,0,0,1,0,1
-44,3,0,1,0,0,1
-14,5,0,0,0,0,1
-140,7,1,0,1,0,1
-71,4,0,0,1,0,0
-111,2,0,0,1,0,1
-7,3,0,0,1,0,1
-111,NA,0,1,0,0,1
-189,NA,0,0,1,0,1
-86,NA,0,0,0,1,1
-356,4,1,0,0,0,1
-300,NA,0,0,0,1,1
-81,8,1,0,0,0,0
-103,3,0,0,0,1,1
-259,NA,0,0,1,0,0
-47,1,0,1,0,0,1
-302,6,1,0,1,0,0
-199,NA,0,0,0,1,1
-84,14,0,0,1,0,0
-298,2,0,0,0,1,1
-161,3,0,0,1,0,0
-83,3,1,0,0,0,1
-138,NA,1,0,1,0,1
-315,2,0,0,0,1,1
-304,NA,1,0,0,1,0
-252,NA,0,0,1,0,1
-303,2,1,0,1,0,0
-256,NA,1,1,0,0,0
-161,NA,1,0,0,1,1
-314,NA,1,0,0,1,0
-131,3,1,0,1,0,0
-232,2,0,0,0,1,1
50,12,1,0,0,0,1
178,6,1,0,0,1,1
233,4,0,0,0,1,1
58,NA,0,0,0,1,1
300,5,0,0,0,1,0
235,9,1,0,0,1,1
305,NA,0,0,0,1,1
163,NA,0,1,0,0,1
-1,2,1,0,1,0,1
-68,11,0,0,1,0,0
-181,3,1,0,0,0,0
-156,6,0,0,1,0,1
-206,1,1,0,1,0,1
-315,NA,0,0,0,1,1
-123,5,1,0,1,0,1
-146,1,1,0,1,0,0
-169,6,0,0,1,0,0
-196,7,1,0,0,1,0
-145,4,0,0,1,0,1
-124,NA,1,0,1,0,1
-206,2,0,0,1,0,1
-6,0,0,0,0,1,1
-304,3,0,0,0,1,1
-268,1,1,0,0,1,1
-334,1,1,0,0,1,1
-46,3,0,0,1,0,1
-174,9,1,0,0,0,0
-224,1,0,0,0,1,1
253,12,1,0,0,0,0
104,8,1,0,1,0,0
330,6,0,0,1,0,1
320,5,1,1,0,0,1
95,9,0,1,0,0,0
-43,11,1,0,1,0,0
-310,3,1,0,1,0,0
-143,4,0,0,0,0,0
-32,12,0,0,1,0,0
-314,4,0,0,0,1,1
-160,12,1,0,1,0,0
-48,12,1,0,1,0,0
-83,5,1,0,1,0,0
-278,3,1,0,1,0,0
-13,3,0,0,1,0,0
-78,2,1,0,1,0,1
-70,2,0,0,0,1,0
-47,10,1,1,0,0,0
-51,9,1,0,0,0,0
-285,9,0,1,0,0,1
-181,2,0,0,1,0,0
-359,7,1,0,0,1,0
-155,15,0,0,1,0,0
331,6,1,0,0,0,0
200,24,0,0,1,0,0
199,18,1,0,1,0,0
-105,2,0,0,0,1,1
-108,3,0,1,0,0,1
-75,NA,0,1,0,0,1
-171,3,1,1,0,0,1
-174,13,1,1,0,0,0
-221,2,1,1,0,0,1
-224,7,1,1,0,0,0
-26,8,1,1,0,0,1
-283,6,0,1,0,0,1
-139,3,0,1,0,0,0
-228,2,1,1,0,0,1
-347,NA,0,1,0,0,1
-104,4,1,1,0,0,1
-112,4,0,0,0,0,1
-251,4,1,1,0,0,1
-167,3,0,1,0,0,1
-130,1,0,1,0,0,1
-330,2,0,1,0,0,0
-331,3,0,1,0,0,1
-352,0,0,1,0,0,0
46,NA,1,1,0,0,1
242,13,0,0,0,0,1
150,12,0,0,0,0,1
204,14,0,0,1,0,0
233,2,0,0,1,0,1
360,7,0,0,1,0,1
37,5,0,0,1,0,0
187,11,1,0,1,0,1
245,8,0,0,1,0,1
284,9,1,0,1,0,1
177,12,0,0,1,0,0
97,11,0,0,1,0,1
169,14,0,1,0,0,1
1,NA,1,0,1,0,1
195,15,0,1,0,0,1
245,11,1,0,1,0,0
56,9,1,0,1,0,1
-58,0,1,0,0,1,0
-14,2,0,1,0,0,0
-1,1,0,0,0,1,1
-263,3,0,0,0,1,1
-288,1,0,0,0,1,1
-66,2,0,0,0,1,1
-66,1,0,0,0,1,1
-337,NA,1,0,0,1,1
-73,1,1,0,0,1,1
-233,1,1,0,1,0,1
-234,0,0,0,1,0,0
-272,1,0,1,0,0,1
-305,4,1,0,1,0,1
-270,3,0,0,1,0,1
-60,0,0,0,0,1,1
-13,2,0,0,1,0,1
-26,3,0,0,1,0,0
-196,NA,0,0,1,0,1
-354,2,0,0,0,1,1
-137,NA,0,0,0,1,1
200,19,1,0,1,0,1
1,9,0,1,0,0,1
300,8,0,1,0,0,0
364,9,1,0,1,0,0
184,4,0,0,1,0,1
172,15,1,0,1,0,0
16,2,0,0,0,1,1
320,10,1,1,0,0,0
102,12,1,0,0,1,0
169,8,1,0,1,0,1
59,NA,0,1,0,0,1
40,13,1,0,1,0,0
-324,7,0,1,0,0,0
320,7,0,1,0,0,1
109,0,0,1,0,0,1
280,9,0,0,0,0,1
247,6,0,1,0,0,1
332,10,0,1,0,0,1
28,6,1,0,1,0,1
20,16,0,1,0,0,1
131,14,0,1,0,0,1
55,NA,0,1,0,0,1
97,NA,0,0,1,0,1
180,NA,0,1,0,0,0
90,13,0,1,0,0,1
155,NA,0,1,0,0,1
263,11,1,0,0,1,1
321,13,1,0,0,1,1
94,11,1,0,1,0,1
219,2,0,1,0,0,0
327,NA,0,0,0,1,1
295,11,0,0,0,0,0
265,11,1,1,0,0,0
155,15,1,0,0,1,0
305,25,1,0,1,0,0
127,15,1,0,1,0,0
312,12,1,0,1,0,0
95,13,0,0,1,0,0
27,11,1,0,1,0,1
3,14,1,0,1,0,0
122,6,0,0,1,0,1
184,9,0,1,0,0,1
294,15,1,0,1,0,1
142,16,1,0,1,0,0
170,22,1,0,1,0,0
345,15,0,0,1,0,0
-333,NA,0,1,0,0,1
-11,NA,0,1,0,0,1
-12,NA,1,0,0,1,1
-242,0,1,1,0,0,1
-258,NA,0,0,1,0,1
-26,3,0,1,0,0,1
-1,NA,0,1,0,0,1
-205,3,0,1,0,0,1
-303,NA,1,1,0,0,1
-345,4,0,1,0,0,1
-34,11,0,1,0,0,1
-316,2,0,1,0,0,1
-277,5,1,0,1,0,1
-275,3,0,1,0,0,1
296,6,0,1,0,0,0
305,11,0,0,1,0,1
151,11,1,1,0,0,1
329,17,1,1,0,0,1
329,NA,0,0,0,1,1
128,11,0,0,0,1,1
190,5,0,0,0,0,1
300,NA,0,1,0,0,1
-329,1,0,1,0,0,1
-72,7,0,1,0,0,1
-6,6,1,1,0,0,0
-54,2,0,1,0,0,1
-175,NA,0,1,0,0,1
-161,3,1,1,0,0,1
-144,3,1,1,0,0,1
-178,3,0,1,0,0,1
-123,8,1,1,0,0,1
-5,NA,0,1,0,0,1
-122,14,1,1,0,0,0
-294,2,0,1,0,0,1
-175,4,1,1,0,0,1
-240,3,0,1,0,0,0
-255,0,0,1,0,0,1
178,NA,0,0,0,1,1
76,NA,1,0,0,0,0
122,6,1,1,0,0,1
104,NA,0,1,0,0,1
22,5,0,0,1,0,1
185,NA,1,1,0,0,1
100,8,1,0,1,0,1
3,3,0,0,1,0,1
165,16,1,0,1,0,0
288,4,0,0,1,0,1
36,14,0,0,1,0,1
268,11,0,0,0,1,1
66,5,1,0,0,1,1
347,15,1,0,0,1,1
87,14,1,1,0,0,1
176,17,0,0,0,0,1
9,2,1,0,0,1,1
33,12,0,0,1,0,1
183,15,1,0,1,0,0
259,13,1,0,1,0,1
347,10,1,1,0,0,1
18,2,1,1,0,0,1
65,NA,0,1,0,0,1
330,12,1,1,0,0,0
1,NA,0,1,0,0,1
330,NA,0,1,0,0,1
57,NA,0,0,1,0,1
359,NA,0,1,0,0,1
45,NA,0,0,0,1,1
198,7,0,0,0,1,1
5,3,0,0,0,1,1
0,10,1,1,0,0,1
340,8,0,0,0,1,1
100,NA,1,0,0,0,0
288,12,1,1,0,0,1
260,11,1,0,1,0,1
129,10,0,1,0,0,1
226,10,1,1,0,0,1
175,NA,0,0,0,0,1
274,NA,0,1,0,0,1
205,15,1,0,0,0,1
11,4,0,1,0,0,0
347,15,1,1,0,0,0
207,7,0,0,0,1,1
64,NA,1,0,0,1,1
218,9,0,1,0,0,1
202,NA,0,1,0,0,1
302,10,0,1,0,0,1
12,12,1,0,1,0,0
276,NA,1,0,0,1,1
1,14,0,0,0,1,0
320,14,0,0,1,0,1
320,14,0,0,1,0,0
262,11,1,0,1,0,0
-237,4,0,0,0,1,1
-98,8,0,0,1,0,0
-139,3,1,0,0,0,1
-229,5,0,0,0,1,1
-197,4,0,0,0,1,1
-41,9,1,0,0,1,1
-103,9,1,0,0,1,1
-121,2,0,0,0,1,1
-315,0,1,0,0,1,1
-214,3,1,0,0,1,1
-215,NA,0,0,0,1,1
-116,1,1,0,0,1,0
-266,NA,0,0,0,1,1
-163,15,0,0,0,1,0
-263,NA,0,0,0,1,1
-74,12,1,0,0,1,0
-297,5,0,0,1,0,0
-257,6,1,0,0,1,1
-45,2,1,0,0,1,1
-296,NA,0,0,0,1,1
-93,NA,0,1,0,0,1
-224,1,0,1,0,0,1
-118,NA,0,1,0,0,1
-79,30,0,1,0,0,0
-137,3,1,1,0,0,1
-66,NA,0,1,0,0,1
-202,4,1,1,0,0,0
-88,NA,1,1,0,0,1
-163,4,1,1,0,0,0
-202,NA,1,1,0,0,1
-234,0,0,1,0,0,1
-247,NA,0,1,0,0,1
-73,NA,0,1,0,0,1
-264,NA,0,1,0,0,0
-97,2,1,1,0,0,0
-251,3,1,1,0,0,1
-212,NA,0,1,0,0,1
-183,NA,0,1,0,0,1
117,19,1,0,1,0,1
94,14,0,0,0,0,1
235,9,0,0,0,1,1
25,5,0,1,0,0,1
36,15,0,0,1,0,1
88,8,0,0,0,1,1
292,7,0,0,1,0,1
51,NA,0,0,0,0,1
219,3,1,0,0,0,1
-39,NA,1,0,0,0,0
-124,NA,1,0,1,0,0
-131,NA,1,1,0,0,0
278,NA,1,1,0,0,1
297,NA,1,1,0,0,1
259,NA,0,1,0,0,1
170,NA,1,1,0,0,1
77,NA,0,1,0,0,1
0,NA,0,1,0,0,1
268,NA,0,1,0,0,1
269,NA,0,1,0,0,1
38,NA,1,0,0,0,1
204,NA,0,1,0,0,1
172,NA,0,1,0,0,1
201,6,1,0,1,0,1
106,7,1,1,0,0,0
190,17,1,0,1,0,0
353,14,1,0,0,0,0
331,8,1,0,0,0,0
-19,NA,0,0,1,0,1
-138,NA,1,0,1,0,0
359,11,0,1,0,0,1
126,13,0,0,0,0,0
39,9,1,0,1,0,1
99,NA,0,1,0,0,0
102,NA,1,0,0,1,1
230,13,0,0,0,1,1
288,9,0,1,0,0,1
290,11,1,0,0,1,1
118,10,0,0,0,1,1
125,14,1,0,1,0,0
251,NA,1,0,0,1,1
9,7,1,0,0,1,1
359,9,0,1,0,0,1
5,5,1,1,0,0,1
222,5,0,1,0,0,1
253,15,0,0,1,0,1
274,14,0,0,0,0,0
347,14,1,0,1,0,1
129,10,1,0,1,0,1
52,3,1,0,0,1,1
198,7,0,1,0,0,1
335,24,0,0,1,0,1
310,15,1,0,1,0,0
231,3,1,0,1,0,1
171,NA,0,0,0,0,1
118,11,0,0,1,0,0
348,NA,0,0,0,1,1
341,4,1,0,1,0,0
197,6,0,0,1,0,1
277,7,1,1,0,0,1
145,4,0,0,0,1,1
121,17,0,0,0,1,0
299,NA,0,0,1,0,1
31,11,1,1,0,0,1
-286,NA,1,1,0,0,0
-104,NA,0,1,0,0,1
-284,NA,0,0,0,0,0
45,NA,0,0,0,1,1
-178,NA,1,0,1,0,1
-108,NA,1,0,0,1,1
-318,NA,0,1,0,0,1
-7,7,0,1,0,0,1
-311,2,1,1,0,0,1
-307,NA,0,1,0,0,1
-306,7,0,1,0,0,0
-45,5,0,1,0,0,1
-85,17,1,1,0,0,0
-126,7,1,1,0,0,0
-31,12,1,1,0,0,0
-257,2,0,0,1,0,1
-342,2,1,1,0,0,1
-70,11,1,1,0,0,1
-76,3,1,1,0,0,1
-6,3,0,1,0,0,1
-257,5,0,0,0,1,0
-297,7,1,1,0,0,1
-208,1,0,1,0,0,1
-98,3,1,1,0,0,1
-266,3,1,1,0,0,1
-207,5,0,1,0,0,1
-332,3,0,1,0,0,1
-234,3,0,0,1,0,1
-76,2,0,1,0,0,1
-318,3,0,0,0,0,0
-335,3,0,0,1,0,0
-159,2,1,0,0,0,1
-44,3,1,0,1,0,0
-166,2,1,0,0,0,1
-271,11,0,0,0,0,1
-344,0,0,0,1,0,1
-143,2,0,1,0,0,1
-8,NA,0,0,0,0,1
-37,NA,1,0,1,0,1
-145,1,1,0,1,0,1
-281,2,1,0,1,0,0
-202,NA,1,0,1,0,1
-17,6,1,0,0,0,1
-247,5,0,0,0,0,1
-256,4,0,0,0,1,1
-172,1,0,1,0,0,1
-255,5,0,1,0,0,1
-249,NA,1,1,0,0,1
-293,1,0,1,0,0,1
-298,3,1,1,0,0,0
-94,2,1,1,0,0,1
-41,7,1,1,0,0,0
-203,1,1,1,0,0,1
-49,3,1,1,0,0,0
-89,5,1,1,0,0,1
-156,2,0,1,0,0,1
-122,9,1,1,0,0,1
-320,2,1,1,0,0,1
-123,2,0,1,0,0,0
-181,12,1,1,0,0,1
-41,7,1,1,0,0,0
-303,NA,1,1,0,0,1
-85,3,1,1,0,0,0
-31,NA,1,0,1,0,0
285,20,1,0,0,0,1
41,9,0,0,1,0,1
205,6,0,0,1,0,0
148,18,1,1,0,0,0
93,12,1,0,0,0,0
149,2,0,0,0,1,0
108,13,1,0,1,0,0
59,14,0,1,0,0,1
12,4,0,0,0,1,1
355,10,0,0,1,0,1
63,8,0,0,1,0,1
288,12,1,0,1,0,1
200,15,0,1,0,0,1
258,1,0,0,0,1,1
344,8,1,0,1,0,0
203,13,1,0,0,0,1
176,22,1,0,0,1,0
137,15,0,0,1,0,0
40,NA,1,0,1,0,0
246,17,1,0,1,0,0
292,NA,1,0,0,1,0
78,19,0,0,1,0,0
164,13,0,0,1,0,1
214,NA,1,0,1,0,0
219,15,1,0,0,0,0
57,NA,1,0,0,1,1
29,NA,1,1,0,0,1
168,12,1,0,1,0,0
220,4,0,0,1,0,1
263,13,1,0,0,0,1
191,6,1,0,1,0,1
326,13,0,0,1,0,0
309,NA,0,0,0,1,1
42,3,0,0,0,1,1
119,8,0,0,1,0,0
78,8,1,1,0,0,1
-327,6,1,0,1,0,0
-94,NA,0,0,1,0,0
-235,7,1,0,1,0,0
-265,3,0,0,1,0,0
-83,11,1,0,1,0,0
-2,11,0,0,1,0,0
-350,NA,0,0,1,0,0
-273,3,0,0,0,0,0
-202,NA,1,0,1,0,0
-242,4,1,1,0,0,0
-87,11,1,0,1,0,0
-298,7,1,1,0,0,0
-28,NA,0,0,1,0,0
-152,9,1,0,1,0,0
-70,8,1,1,0,0,0
-186,9,0,1,0,0,0
-346,4,1,1,0,0,0
-145,7,1,0,1,0,0
-327,3,0,0,0,0,1
-128,NA,0,0,0,1,1
-88,9,1,0,1,0,0
-125,NA,1,0,1,0,1
-37,5,0,0,0,1,1
-339,2,1,0,0,0,1
-332,0,0,0,0,0,1
-27,3,0,0,0,1,0
-119,2,0,0,1,0,0
-290,2,0,1,0,0,1
-345,5,0,0,0,0,0
-277,6,1,0,1,0,1
-180,2,1,0,0,1,1
-125,8,0,0,0,0,1
-118,4,1,0,0,0,1
-97,2,1,0,1,0,0
-320,1,0,0,0,1,1
-123,4,0,0,1,0,1
-307,3,1,0,1,0,0
-111,4,1,0,1,0,1
-354,NA,1,0,1,0,1
-201,0,0,0,0,0,1
-37,NA,1,1,0,0,1
-123,3,0,0,1,0,0
-159,8,1,0,0,0,1
-39,9,0,0,0,0,1
-181,2,1,0,1,0,1
-213,2,0,0,1,0,1
-79,NA,1,0,0,0,0
-244,0,0,0,0,0,1
-299,3,1,0,1,0,0
-53,3,0,0,0,1,1
-56,8,0,1,0,0,1
125,13,0,0,0,0,0
274,NA,0,1,0,0,1
345,NA,1,0,0,1,1
162,7,0,0,1,0,0
1,12,0,0,1,0,0
330,NA,0,0,1,0,1
149,NA,0,0,0,1,1
288,14,0,0,0,0,1
277,10,1,0,0,1,1
12,0,1,1,0,0,1
28,2,0,1,0,0,1
202,15,0,1,0,0,1
277,NA,1,1,0,0,1
291,14,1,1,0,0,0
271,15,0,1,0,0,1
324,21,1,1,0,0,1
47,7,1,0,0,0,1
258,11,1,1,0,0,1
163,9,0,1,0,0,1
134,11,0,1,0,0,0
54,4,1,1,0,0,1
24,14,0,1,0,0,1
38,8,0,0,0,1,1
190,11,0,0,1,0,0
286,NA,1,0,0,0,1
304,NA,0,1,0,0,1
306,10,0,0,0,1,1
58,14,0,0,1,0,0
199,9,1,0,1,0,1
363,15,1,1,0,0,1
239,5,1,1,0,0,1
263,11,1,0,0,0,1
81,6,1,0,1,0,0
341,6,0,0,1,0,0
20,12,1,0,0,1,1
220,10,1,1,0,0,1
268,11,0,0,0,0,0
4,15,1,0,1,0,1
11,6,0,0,0,1,1
10,4,0,0,0,1,1
113,12,0,0,0,1,1
170,7,0,0,1,0,1
95,8,0,1,0,0,1
243,8,1,0,1,0,1
313,10,1,0,1,0,1
97,NA,1,0,1,0,1
287,NA,1,1,0,0,0
316,9,0,0,0,0,1
298,NA,1,0,1,0,1
329,12,0,1,0,0,0
88,8,0,1,0,0,0
322,NA,0,0,0,1,1
5,3,0,0,0,1,1
99,NA,1,0,0,1,1
-124,13,0,0,1,0,0
-58,10,0,0,1,0,0
-92,13,0,0,1,0,0
-39,8,0,0,1,0,0
-187,12,0,0,1,0,1
-314,0,0,0,0,1,1
-15,7,0,0,1,0,0
-229,NA,0,0,1,0,0
-96,6,1,1,0,0,0
-304,7,1,0,1,0,0
-239,1,1,0,0,0,0
-67,NA,1,0,1,0,0
-40,3,0,0,1,0,0
-331,4,1,0,0,1,0
-160,NA,1,0,0,0,0
-262,NA,1,1,0,0,1
-107,6,0,0,1,0,0
-207,4,1,0,1,0,0
-5,0,1,0,0,0,0
-325,3,0,0,1,0,0
-153,1,0,0,0,0,0
-150,10,0,0,1,0,0
-128,7,0,0,1,0,0
-198,4,0,0,1,0,0
-311,5,0,0,1,0,0
-62,NA,1,1,0,0,1
-45,13,1,0,1,0,0
-220,5,1,0,1,0,0
-341,2,0,0,1,0,0
-125,14,1,0,1,0,0
-145,NA,1,0,1,0,0
-177,3,1,0,1,0,0
-298,NA,0,0,0,0,0
-204,NA,1,0,1,0,0
-303,6,1,0,0,0,1
-62,NA,1,1,0,0,1
-175,3,0,0,1,0,0
193,14,0,0,0,0,0
141,10,1,0,0,1,1
295,15,1,0,1,0,0
237,2,0,0,0,1,1
347,14,1,0,0,1,1
308,8,1,0,0,1,1
309,5,1,0,0,1,1
26,4,0,0,0,1,1
157,3,0,0,0,1,1
286,13,1,0,0,1,1
116,12,1,0,0,1,1
151,8,1,0,0,1,1
268,4,0,0,0,1,1
170,4,1,0,0,1,1
119,6,0,0,0,1,1
192,14,1,0,0,1,0
236,6,0,0,0,1,1
324,3,0,0,0,1,1
162,27,0,0,1,0,0
306,7,0,0,1,0,0
135,7,0,0,1,0,1
43,NA,0,0,1,0,1
41,NA,0,1,0,0,1
238,15,1,0,1,0,0
7,NA,1,1,0,0,1
42,6,1,1,0,0,1
148,14,1,0,0,0,1
201,NA,0,0,1,0,0
185,3,1,0,1,0,0
165,NA,0,0,0,0,1
239,NA,0,0,1,0,0
309,23,0,0,1,0,1
54,12,1,0,1,0,0
167,11,0,0,1,0,0
198,12,1,1,0,0,1
208,13,0,0,0,1,0
280,4,0,1,0,0,1
119,12,1,1,0,0,1
21,10,1,0,1,0,1
186,3,0,0,1,0,0
259,NA,0,0,1,0,1
275,13,0,0,1,0,1
152,9,0,0,1,0,1
142,NA,0,1,0,0,1
22,11,0,1,0,0,1
112,3,0,0,0,0,1
190,0,0,0,0,1,1
80,12,1,0,0,0,0
245,5,0,0,1,0,1
310,12,1,0,1,0,1
358,8,1,0,1,0,0
92,NA,0,1,0,0,1
-318,4,1,0,1,0,1
-18,2,0,0,0,1,1
-241,NA,0,0,1,0,1
-110,5,0,0,0,1,1
-251,2,1,0,0,1,1
-335,9,1,0,1,0,0
-336,2,1,1,0,0,0
-188,1,1,0,0,1,1
-120,6,0,0,0,1,1
-352,11,0,0,0,1,0
-188,1,1,0,0,1,1
-101,7,0,0,1,0,0
-173,3,1,0,0,1,1
-132,0,0,0,0,1,1
-129,4,1,0,1,0,1
-183,2,0,0,0,1,0
-31,2,0,0,0,1,1
-279,2,0,0,0,1,1
-229,1,0,0,0,1,1
-96,2,1,0,0,1,1
295,NA,0,0,0,1,1
351,8,1,0,0,0,0
8,2,0,0,0,1,1
2,9,1,0,0,1,0
315,NA,1,1,0,0,1
305,8,0,0,0,1,1
112,8,0,0,0,1,1
199,3,0,0,1,0,1
330,NA,0,1,0,0,1
169,NA,0,1,0,0,1
29,NA,1,1,0,0,1
244,NA,0,1,0,0,1
214,NA,1,1,0,0,1
52,NA,0,0,1,0,0
213,15,0,0,0,1,1
124,14,0,1,0,0,0
314,10,1,0,0,1,1
81,2,0,1,0,0,1
291,13,1,0,0,1,1
148,12,1,0,0,1,0
354,10,0,0,0,1,1
293,12,0,0,0,1,0
356,13,1,0,0,1,1
123,14,1,0,1,0,1
112,16,1,0,1,0,1
112,36,0,0,0,0,1
19,14,0,1,0,0,1
356,18,1,0,0,0,1
54,13,0,0,0,1,1
213,7,1,0,0,1,0
318,3,1,0,1,0,1
4,2,0,0,1,0,0
280,13,1,1,0,0,1
157,18,1,0,1,0,0
254,12,1,0,0,1,0
-88,0,1,0,0,1,1
-190,3,0,0,1,0,1
-139,4,1,1,0,0,1
-87,4,0,1,0,0,0
-344,NA,0,0,0,1,1
-64,NA,1,0,0,1,1
-231,0,0,0,0,1,0
-17,2,0,1,0,0,1
-336,NA,1,0,0,1,0
-70,3,0,1,0,0,1
-233,NA,0,0,1,0,0
-160,0,0,1,0,0,1
-91,2,1,1,0,0,1
-212,2,1,0,0,1,1
-235,NA,1,1,0,0,0
-342,NA,0,0,0,1,0
-314,NA,1,0,0,1,0
-235,2,0,0,0,1,0
-219,6,1,0,0,1,1
-40,NA,0,0,1,0,0
-320,3,0,0,0,0,0
-90,NA,1,0,1,0,1
-133,3,1,0,0,1,1
-257,NA,1,0,0,1,0
-65,NA,1,1,0,0,0
-177,NA,0,0,0,1,0
-206,NA,0,0,1,0,1
-192,3,0,0,1,0,1
339,26,1,0,1,0,0
332,15,1,0,1,0,0
176,13,1,0,1,0,0
97,18,0,1,0,0,0
295,14,1,1,0,0,0
16,15,1,1,0,0,0
40,13,1,0,1,0,0
247,15,1,0,1,0,0
240,42,0,0,1,0,0
284,NA,0,0,1,0,0
15,NA,0,1,0,0,0
162,NA,1,1,0,0,1
30,NA,1,1,0,0,1
116,NA,0,1,0,0,0
109,NA,0,1,0,0,1
15,13,1,1,0,0,0
72,NA,1,1,0,0,1
270,11,1,1,0,0,1
330,15,1,1,0,0,0
130,8,1,1,0,0,1
363,16,1,1,0,0,1
3,12,1,1,0,0,1
137,8,1,1,0,0,1
187,12,1,1,0,0,1
197,15,1,0,1,0,1
269,12,1,1,0,0,1
304,13,0,1,0,0,1
205,10,0,1,0,0,1
-249,4,1,0,1,0,0
-167,13,0,0,1,0,0
-334,6,0,0,0,0,0
-362,0,1,0,0,1,1
-245,11,1,0,1,0,0
-275,3,1,0,1,0,0
-175,2,1,1,0,0,1
-25,5,0,0,1,0,0
-198,2,1,0,1,0,1
-110,13,0,0,0,1,0
-136,3,0,1,0,0,0
-97,5,0,0,1,0,0
-79,3,0,0,1,0,0
-51,2,0,0,0,1,0
-273,3,0,0,0,0,1
-289,3,0,0,1,0,0
-34,7,1,0,0,1,1
-336,11,1,1,0,0,1
-199,13,1,0,0,1,0
-317,2,1,1,0,0,1
-286,3,1,0,1,0,0
-167,4,1,0,1,0,0
-336,1,1,0,0,0,0
-234,0,1,0,0,1,1
-275,1,0,0,1,0,0
-151,11,0,0,1,0,0
-161,NA,1,0,1,0,0
-235,1,0,0,0,0,1
-9,9,1,0,1,0,1
-90,3,1,0,0,1,0
-72,4,0,1,0,0,1
-62,NA,0,0,1,0,0
-56,6,0,0,0,1,0
-20,3,0,0,0,0,1
-312,2,0,1,0,0,1
-103,NA,0,0,0,1,1
-12,13,1,0,0,1,1
-259,5,1,0,1,0,1
-172,8,0,0,1,0,0
330,12,0,0,1,0,1
103,10,0,0,1,0,0
3,12,0,0,1,0,1
283,8,0,0,1,0,0
222,15,0,0,1,0,1
296,10,0,0,1,0,1
308,15,1,0,1,0,0
258,15,1,1,0,0,0
85,14,1,1,0,0,0
239,13,1,0,0,0,0
130,12,1,1,0,0,0
-102,NA,1,0,1,0,0
-198,10,1,0,1,0,0
320,13,0,0,0,1,1
119,16,0,0,1,0,0
56,14,1,0,1,0,0
128,13,0,0,1,0,0
229,8,0,0,1,0,0
312,2,0,0,1,0,0
52,4,0,0,1,0,0
331,NA,0,0,1,0,1
233,2,0,1,0,0,1
15,6,1,0,0,1,1
250,8,0,0,0,0,1
347,NA,1,1,0,0,1
-308,10,0,1,0,0,1
-187,16,1,0,0,1,0
-219,1,1,1,0,0,0
-139,11,1,0,0,0,1
-343,14,1,1,0,0,1
-220,2,0,0,0,0,1
-2,3,0,0,0,0,1
-286,NA,1,0,0,0,1
-2,2,0,0,0,0,1
-158,3,1,1,0,0,1
-110,3,0,1,0,0,1
-121,4,0,0,0,0,1
-192,7,1,1,0,0,1
-10,8,0,0,1,0,0
-153,1,0,0,1,0,0
-62,2,0,0,1,0,1
-281,5,1,1,0,0,1
-284,2,0,0,1,0,0
137,11,1,0,1,0,0
262,13,0,0,0,1,1
156,10,0,0,0,1,1
253,NA,0,1,0,0,1
333,6,0,0,0,1,1
105,14,1,0,0,1,1
230,15,1,0,0,0,1
-28,NA,0,0,0,1,1
-109,NA,0,0,0,1,1
-166,5,0,0,1,0,1
-234,10,1,0,1,0,0
-141,5,1,0,1,0,1
-44,NA,1,0,0,1,1
-24,3,1,0,0,1,1
-208,3,1,0,0,1,0
-46,0,0,0,0,1,1
-187,13,0,0,0,0,0
-46,6,0,0,1,0,1
-70,13,0,1,0,0,0
-130,2,1,0,0,1,1
-34,3,0,0,0,1,0
-14,11,1,0,1,0,0
-125,4,1,0,0,1,1
-262,2,1,0,0,1,0
133,10,0,0,0,0,0
230,NA,1,0,0,1,1
210,4,0,1,0,0,1
283,13,1,0,1,0,0
79,13,1,0,1,0,1
277,6,0,0,0,0,1
295,12,0,0,0,0,1
135,9,0,1,0,0,1
284,9,0,0,0,1,1
289,NA,0,0,1,0,1
131,2,1,0,1,0,1
46,NA,0,1,0,0,1
250,6,0,1,0,0,1
96,NA,0,1,0,0,1
161,5,1,1,0,0,1
-90,8,1,0,1,0,0
-36,NA,1,0,0,1,0
-335,2,1,0,1,0,0
-277,2,0,0,1,0,0
-324,1,0,0,0,1,0
-287,2,0,0,0,0,1
-5,2,0,0,1,0,1
-276,6,1,0,1,0,0
-9,4,1,0,1,0,1
-243,2,1,0,1,0,1
-17,15,0,0,1,0,1
-220,3,1,0,1,0,1
-218,8,1,0,0,0,0
-241,6,0,0,0,0,0
-249,5,0,0,1,0,0
-325,3,0,0,0,0,1
-324,7,0,0,1,0,0
-312,3,0,0,1,0,1
185,NA,0,0,0,1,1
36,6,0,0,0,1,1
15,12,1,0,0,1,1
201,12,0,0,0,1,1
17,14,1,0,1,0,1
36,NA,0,0,0,1,1
178,12,1,0,0,1,1
82,NA,1,1,0,0,1
272,11,0,0,0,1,1
344,14,0,0,0,1,1
6,12,1,1,0,0,1
297,10,1,0,0,0,1
278,14,1,0,0,0,0
320,NA,0,1,0,0,1
129,2,0,0,0,1,1
15,4,1,0,0,1,1
-296,2,1,1,0,0,1
-244,2,0,0,1,0,1
-246,NA,0,1,0,0,1
-103,2,1,0,0,1,1
-194,2,0,0,1,0,1
-73,16,1,0,0,0,1
-346,NA,1,0,0,1,0
-125,2,0,0,0,0,1
-77,4,0,0,0,1,1
-111,5,0,0,1,0,0
-272,NA,0,0,0,0,1
-158,0,0,0,0,0,1
-296,1,1,0,1,0,1
-343,NA,0,0,0,1,1
-91,0,1,0,0,1,1
-305,NA,0,0,0,1,1
-324,3,0,1,0,0,1
-132,0,1,0,0,1,1
-60,NA,1,1,0,0,1
306,14,1,0,0,0,1
2,15,1,0,0,1,0
23,7,0,0,0,1,1
275,3,0,0,0,1,1
148,5,0,0,1,0,1
181,5,0,1,0,0,1
36,NA,0,1,0,0,0
103,4,1,0,0,1,1
5,2,1,1,0,0,1
331,16,0,0,1,0,1
-192,2,1,0,0,1,1
-21,3,0,0,0,1,1
-353,NA,0,0,1,0,1
-173,NA,0,1,0,0,1
-129,1,0,0,0,1,1
-286,5,1,0,0,1,1
-275,4,1,0,0,1,1
-236,3,1,0,1,0,1
-204,3,1,0,0,1,1
-105,1,1,0,0,1,1
-231,NA,0,1,0,0,1
-135,4,0,0,0,1,0
-328,4,1,0,0,1,1
-193,1,1,0,0,1,1
-160,2,0,0,1,0,1
-331,2,1,0,0,1,1
-292,0,0,0,0,1,1
-278,2,1,0,0,1,1
-337,2,1,0,0,1,1
-328,0,1,0,0,1,1
76,7,0,0,0,0,1
256,10,0,0,1,0,0
346,NA,0,0,0,0,0
287,13,1,1,0,0,1
334,6,1,0,0,1,1
73,NA,1,1,0,0,1
156,15,0,0,0,0,0
362,12,1,0,0,1,1
275,NA,0,0,0,1,0
263,18,1,0,1,0,1
132,11,0,0,1,0,0
159,8,0,0,1,0,1
128,16,1,0,1,0,1
11,6,0,0,0,1,1
199,9,1,0,0,1,0
102,46,0,0,1,0,0
39,NA,0,1,0,0,1
345,12,0,0,1,0,0
44,1,0,0,0,1,1
263,14,0,0,1,0,0
216,13,1,0,1,0,0
22,7,1,0,0,1,1
324,13,1,0,1,0,1
159,5,0,0,0,1,1
73,7,1,0,0,1,1
17,5,1,0,0,0,1
273,3,1,0,0,1,1
162,8,0,0,1,0,1
256,14,1,0,1,0,1
113,12,1,0,0,1,1
63,12,0,0,0,0,1
-165,2,0,0,0,1,1
-140,NA,1,1,0,0,1
-188,5,1,1,0,0,1
-153,NA,0,1,0,0,1
-358,2,0,1,0,0,1
-174,14,1,0,0,1,0
-101,3,1,1,0,0,0
-220,2,0,1,0,0,1
-50,13,0,1,0,0,0
-241,1,0,1,0,0,1
-140,NA,1,1,0,0,1
-92,11,0,0,1,0,0
-360,8,1,1,0,0,1
-284,9,1,1,0,0,1
-96,1,1,1,0,0,1
-146,2,1,1,0,0,1
-57,9,1,0,0,0,0
-26,NA,0,0,0,0,1
-163,2,0,1,0,0,1
-217,NA,0,1,0,0,1
-116,9,1,1,0,0,1
-195,3,0,1,0,0,0
-18,2,0,1,0,0,1
-131,2,1,1,0,0,1
-181,3,0,1,0,0,1
-346,NA,0,1,0,0,1
-118,4,0,1,0,0,1
-339,4,1,1,0,0,0
-249,3,1,1,0,0,1
-343,13,0,1,0,0,0
-26,5,0,1,0,0,1
-88,2,0,0,0,0,1
-308,2,1,1,0,0,1
-136,NA,0,1,0,0,1
-318,NA,0,0,1,0,1
-81,2,1,1,0,0,1
-96,4,1,1,0,0,1
-1,1,0,1,0,0,1
53,2,0,0,0,1,1
148,6,0,0,0,1,1
106,5,1,0,0,1,1
220,6,1,0,0,1,1
50,12,0,0,0,1,1
156,2,0,0,0,1,1
-113,15,1,0,1,0,0
-61,12,0,1,0,0,0
-115,NA,1,0,1,0,0
-90,3,0,1,0,0,1
-26,4,0,0,1,0,0
-95,13,0,0,1,0,0
-311,11,1,1,0,0,0
-258,8,1,1,0,0,0
-212,3,1,0,0,0,1
-25,10,0,0,0,0,0
-246,11,0,0,0,0,1
-40,22,0,0,1,0,0
-10,2,0,1,0,0,1
-187,NA,1,0,0,0,1
-242,11,0,0,1,0,0
184,7,0,1,0,0,1
9,1,0,1,0,0,0
20,18,1,1,0,0,1
18,5,0,1,0,0,1
347,13,1,1,0,0,1
339,8,1,1,0,0,1
115,14,1,1,0,0,1
57,9,0,1,0,0,1
236,1,1,1,0,0,1
135,13,1,0,1,0,1
209,3,1,0,0,1,1
-280,NA,1,0,1,0,1
-120,NA,1,0,1,0,1
123,6,0,0,1,0,1
199,7,1,0,1,0,1
83,9,0,1,0,0,1
81,15,1,0,0,1,0
279,12,0,0,0,1,1
97,11,1,1,0,0,1
27,4,1,1,0,0,1
207,11,1,1,0,0,1
354,NA,1,1,0,0,1
263,12,1,1,0,0,1
227,2,0,1,0,0,1
130,7,0,1,0,0,1
290,6,1,1,0,0,1
16,10,0,1,0,0,1
296,11,0,1,0,0,1
238,13,0,1,0,0,1
142,13,1,1,0,0,1
145,7,0,1,0,0,1
317,12,1,1,0,0,1
135,7,1,1,0,0,1
161,15,1,1,0,0,1
72,10,0,1,0,0,1
301,9,0,1,0,0,0
330,10,0,0,0,1,1
23,13,0,1,0,0,1
359,NA,0,1,0,0,1
118,7,1,0,0,1,1
259,NA,1,0,0,1,1
229,9,0,1,0,0,1
338,10,0,0,1,0,1
92,9,0,0,1,0,1
150,11,0,0,0,0,0
101,3,1,0,0,1,0
119,4,0,0,0,1,1
-52,2,0,0,1,0,1
-247,4,0,0,0,0,1
-101,2,1,1,0,0,1
-286,1,1,0,1,0,1
-270,4,0,0,0,0,0
-20,12,0,0,0,0,1
-32,4,1,0,1,0,1
-343,7,0,0,0,0,0
-135,2,1,0,0,0,1
-265,NA,1,1,0,0,1
-245,1,1,0,0,0,1
-167,2,0,1,0,0,1
-17,2,0,1,0,0,1
-205,NA,0,0,1,0,1
-270,9,1,0,0,0,0
-137,2,1,0,1,0,1
-211,2,1,0,1,0,1
-14,2,1,0,1,0,0
-208,2,1,1,0,0,1
-137,7,0,0,1,0,1
81,10,0,1,0,0,1
189,7,1,0,1,0,1
107,11,0,0,1,0,0
205,13,0,1,0,0,1
226,19,0,0,1,0,0
19,2,0,0,1,0,0
210,12,0,1,0,0,0
142,16,0,0,1,0,0
167,12,0,0,1,0,0
137,12,1,1,0,0,1
317,15,0,1,0,0,0
318,12,0,1,0,0,0
234,9,1,0,1,0,0
157,16,1,1,0,0,0
-250,5,1,1,0,0,1
-345,NA,0,0,0,1,1
-349,NA,1,0,0,1,1
-190,2,0,0,0,1,1
-61,11,1,0,0,0,1
-324,2,1,1,0,0,1
-165,NA,1,0,0,1,0
-199,2,0,0,0,1,0
-237,0,1,0,0,1,1
-90,4,0,1,0,0,1
-211,0,0,0,0,1,1
-319,9,0,0,0,1,1
-340,0,0,0,0,1,1
-98,3,1,0,0,0,1
-24,0,1,0,0,1,1
-188,9,0,1,0,0,1
-136,6,1,0,0,0,1
-301,0,1,0,0,1,1
-326,2,0,1,0,0,0
161,9,1,1,0,0,1
202,8,1,0,0,1,1
292,13,0,0,0,1,1
317,12,0,0,0,1,1
319,11,0,0,0,1,1
190,10,0,0,0,1,1
205,12,0,0,1,0,1
358,2,1,0,0,1,1
207,8,0,0,0,1,0
119,20,0,0,0,1,0
20,NA,0,1,0,0,1
138,NA,1,1,0,0,0
224,2,1,0,0,1,1
184,NA,0,0,0,0,0
201,8,0,1,0,0,1
157,NA,1,0,0,0,0
52,12,1,0,1,0,1
205,14,0,0,1,0,0
185,9,1,1,0,0,1
250,12,1,0,1,0,1
352,17,1,0,0,0,0
307,14,1,0,1,0,0
89,9,0,0,0,0,1
-5,7,0,0,1,0,1
-341,NA,1,1,0,0,1
-42,NA,1,0,1,0,1
-262,NA,1,1,0,0,1
-103,NA,0,0,0,1,1
-196,NA,1,1,0,0,1
-271,4,0,0,0,0,1
-348,1,0,0,1,0,1
-312,2,0,0,1,0,1
-99,2,1,0,0,0,1
-137,5,1,0,0,0,1
-30,4,1,0,1,0,1
-143,2,0,1,0,0,1
-119,2,0,0,0,1,0
-76,4,1,0,0,0,1
-19,4,0,0,0,1,1
-263,1,0,0,1,0,0
-253,7,1,0,1,0,0
-24,1,1,0,1,0,1
-355,NA,0,0,1,0,1
-82,5,0,0,0,1,0
-30,NA,1,0,1,0,1
-352,NA,1,0,0,1,1
-36,4,0,1,0,0,1
-136,3,1,0,1,0,1
-321,1,0,0,0,0,1
-318,4,1,0,1,0,1
-289,9,1,0,1,0,1
-23,NA,1,0,1,0,1
-269,NA,0,0,1,0,1
-174,NA,1,1,0,0,1
-105,2,1,1,0,0,1
-201,NA,1,0,0,1,1
-231,1,1,0,0,1,0
-108,8,0,0,1,0,0
-23,5,0,1,0,0,1
-205,NA,1,0,1,0,1
-160,2,0,0,0,1,1
-93,4,1,0,0,0,1
-41,NA,1,0,1,0,1
-309,0,0,0,0,0,1
163,12,0,1,0,0,1
176,15,0,0,1,0,1
278,20,1,0,1,0,0
-324,NA,1,1,0,0,1
-196,NA,0,1,0,0,1
-124,NA,0,1,0,0,1
-149,NA,0,1,0,0,1
-333,NA,0,1,0,0,0
-241,NA,1,1,0,0,1
-265,NA,1,1,0,0,0
-123,NA,0,1,0,0,1
-321,NA,1,1,0,0,1
-271,NA,0,1,0,0,1
-77,NA,0,1,0,0,1
-265,NA,1,1,0,0,1
-327,NA,1,1,0,0,0
-69,NA,1,1,0,0,1
-266,NA,0,1,0,0,1
-63,NA,0,1,0,0,1
-241,NA,1,1,0,0,1
-142,NA,1,1,0,0,1
-200,NA,1,1,0,0,1
-40,NA,1,1,0,0,0
-69,NA,1,1,0,0,1
-228,NA,0,1,0,0,1
-331,NA,0,1,0,0,1
-328,NA,0,1,0,0,1
-211,NA,1,1,0,0,1
-267,NA,0,1,0,0,1
-80,NA,1,1,0,0,0
-12,NA,0,1,0,0,1
-84,NA,1,1,0,0,1
-184,NA,1,1,0,0,1
-117,NA,0,1,0,0,1
-130,NA,0,1,0,0,1
262,6,1,1,0,0,1
114,13,0,1,0,0,1
85,9,1,1,0,0,1
193,10,0,1,0,0,1
46,8,0,1,0,0,1
33,12,1,1,0,0,1
355,11,0,1,0,0,1
60,NA,0,1,0,0,1
45,6,1,1,0,0,1
220,5,0,1,0,0,1
278,3,0,1,0,0,1
-221,NA,0,0,0,1,1
-61,3,0,1,0,0,0
-141,NA,0,0,0,1,1
-37,4,0,1,0,0,1
-244,14,0,1,0,0,1
-2,7,0,0,1,0,1
-205,2,0,0,1,0,1
-61,6,0,1,0,0,0
-126,5,1,1,0,0,1
-308,8,1,1,0,0,1
-197,6,0,0,0,1,1
-182,7,1,1,0,0,0
-302,NA,0,0,0,0,1
-326,2,0,1,0,0,1
-100,2,1,0,1,0,1
-143,4,0,1,0,0,0
-218,5,0,1,0,0,1
-292,3,1,0,0,1,1
-227,2,0,0,0,1,1
-81,NA,0,0,0,1,1
-242,2,1,0,0,0,1
-321,NA,0,0,0,1,1
-313,NA,1,1,0,0,1
-353,0,0,0,0,1,1
-136,2,0,1,0,0,1
-89,4,0,0,1,0,1
-12,0,1,0,0,1,1
-310,NA,0,0,0,1,1
-57,7,1,0,0,1,1
-87,1,0,0,0,1,1
-253,2,1,0,0,1,1
-59,0,0,0,0,1,1
-97,NA,0,0,0,1,1
-159,8,1,0,0,1,1
-75,NA,0,1,0,0,1
-189,0,0,0,0,1,1
-174,3,1,0,0,1,1
-276,2,1,0,1,0,1
-46,4,0,1,0,0,1
-339,4,0,0,1,0,0
-261,2,0,0,0,1,1
-82,2,1,0,0,1,1
-272,3,0,0,0,1,1
-120,NA,0,0,1,0,1
-244,0,1,0,0,1,1
-125,1,0,0,0,0,0
-320,1,0,0,1,0,1
-38,7,1,0,0,1,1
-125,8,1,1,0,0,1
-57,3,0,0,1,0,0
-231,6,1,0,0,0,1
-131,6,0,0,1,0,0
-328,3,1,0,1,0,0
-61,3,1,0,0,1,1
-338,NA,1,1,0,0,0
-132,3,0,1,0,0,1
-225,2,1,0,0,1,1
207,9,1,0,0,1,1
223,NA,0,1,0,0,0
186,0,0,0,0,1,1
190,4,0,0,0,1,1
279,6,0,0,0,1,0
339,14,1,0,1,0,0
187,NA,0,1,0,0,1
88,11,0,1,0,0,0
-303,6,1,0,1,0,0
-313,NA,1,0,0,0,1
-77,1,1,0,0,1,1
-305,4,0,0,0,1,1
-248,NA,1,0,0,1,0
-294,NA,1,0,0,0,1
-17,9,1,1,0,0,1
-27,2,1,0,0,0,1
-2,NA,1,0,0,1,0
-20,3,0,0,1,0,1
-141,7,0,0,1,0,0
-44,NA,1,0,0,1,1
-331,5,1,0,1,0,1
-156,6,1,0,1,0,1
-273,NA,0,0,0,1,1
-186,NA,0,0,0,1,1
-22,7,0,0,0,1,1
-42,NA,1,0,0,1,1
-66,2,1,0,0,1,1
-336,NA,0,0,0,1,1
-108,9,0,0,1,0,1
-28,4,1,0,1,0,1
-173,1,0,0,0,0,1
-177,3,0,1,0,0,1
-109,3,1,0,1,0,1
-117,6,0,0,0,0,0
-94,0,1,0,0,1,1
-203,8,1,0,0,0,1
-283,1,1,0,1,0,0
-184,2,0,1,0,0,1
-83,6,0,0,1,0,1
-76,2,1,0,1,0,1
-56,3,1,0,0,0,0
-8,2,1,0,0,1,1
-24,2,1,0,0,1,1
-351,3,0,0,0,1,0
-209,3,1,0,0,1,1
-305,1,0,0,0,1,1
-124,0,0,0,0,1,1
-79,5,1,1,0,0,0
-166,3,0,0,0,1,1
-127,2,1,0,1,0,1
-170,12,1,0,1,0,0
-344,7,0,0,1,0,1
-55,3,1,0,1,0,1
-107,4,1,1,0,0,1
-205,3,1,0,1,0,1
-320,4,0,0,1,0,0
-79,3,1,1,0,0,1
-74,9,1,0,0,1,0
-362,4,1,1,0,0,1
-185,3,0,0,1,0,1
-319,4,0,0,1,0,1
-223,9,0,1,0,0,1
-163,7,0,1,0,0,0
-79,2,0,0,1,0,0
-151,5,1,0,1,0,0
-6,NA,1,0,1,0,0
-186,NA,0,0,0,0,1
-23,1,1,0,1,0,0
-151,11,1,0,1,0,0
-324,2,1,0,1,0,1
-194,5,0,1,0,0,1
-11,9,1,1,0,0,1
-21,6,0,1,0,0,0
-283,11,1,1,0,0,0
-8,NA,0,0,0,1,1
-256,2,0,1,0,0,1
-123,5,1,0,1,0,0
-51,2,1,1,0,0,1
-126,2,0,1,0,0,1
-247,2,1,1,0,0,1
-46,NA,0,1,0,0,0
-145,2,0,1,0,0,0
-172,2,1,1,0,0,0
-306,4,0,1,0,0,0
-66,2,1,1,0,0,1
-92,8,0,1,0,0,0
-251,2,1,1,0,0,1
-353,1,1,1,0,0,1
-317,1,1,1,0,0,1
102,3,0,0,0,1,1
348,14,1,0,0,1,1
229,3,0,0,0,1,1
190,NA,0,0,0,1,1
185,NA,1,0,0,1,1
128,NA,1,0,0,0,0
225,NA,1,0,0,1,1
267,11,1,0,1,0,1
104,14,0,1,0,0,0
214,12,1,1,0,0,0
146,NA,0,0,1,0,0
354,14,0,1,0,0,0
193,9,0,1,0,0,0
296,12,0,1,0,0,1
193,13,1,1,0,0,1
122,8,1,0,0,1,0
261,14,1,1,0,0,1
-316,NA,1,0,0,0,0
-266,2,0,0,1,0,1
-113,0,0,0,0,1,1
-296,4,0,0,1,0,0
-88,2,1,0,0,1,1
-20,12,1,0,0,1,0
-318,2,1,0,1,0,1
-234,NA,0,0,0,1,1
-157,2,1,0,1,0,1
-356,1,1,1,0,0,1
-295,NA,0,0,0,1,1
-331,1,1,0,0,1,0
-271,3,0,0,0,1,1
-334,3,1,0,0,1,1
-120,NA,0,0,0,1,1
-240,2,1,0,0,0,1
-323,NA,1,0,0,1,1
-178,8,1,1,0,0,1
-134,2,0,0,0,1,1
-231,NA,1,0,0,1,1
-160,4,0,0,0,1,1
-159,8,0,0,0,1,0
-262,NA,0,0,0,1,1
-214,4,1,0,1,0,0
-230,1,1,0,0,1,1
-55,3,1,0,0,1,0
-193,6,0,0,0,0,0
-191,2,1,0,0,1,1
-213,3,1,0,1,0,0
-157,NA,1,0,0,1,1
-136,NA,1,0,0,1,0
-315,2,0,0,1,0,1
-111,7,0,0,1,0,0
-290,3,0,0,1,0,1
-217,7,0,0,0,1,1
-169,2,0,0,1,0,1
-234,NA,0,0,1,0,1
-300,NA,0,0,1,0,1
-217,5,1,0,1,0,0
-97,2,0,0,1,0,0
-250,9,1,0,1,0,1
-224,4,0,0,1,0,0
-357,NA,1,0,0,1,1
-342,NA,0,1,0,0,1
-119,2,0,0,0,1,1
-122,NA,0,0,0,1,1
-282,3,0,1,0,0,1
-160,NA,0,0,0,1,1
-319,3,1,1,0,0,0
-157,NA,0,1,0,0,1
-173,0,0,0,0,1,1
-307,0,1,0,0,1,1
-102,2,0,0,1,0,0
-250,4,0,0,1,0,0
206,NA,0,0,0,1,1
268,8,0,0,0,0,0
17,NA,0,0,0,1,1
202,13,1,1,0,0,1
242,NA,1,0,0,1,1
234,NA,0,0,0,1,0
114,7,1,0,0,1,1
165,NA,0,0,0,1,1
238,9,1,0,1,0,1
309,11,0,1,0,0,1
274,13,0,1,0,0,1
338,4,1,1,0,0,1
184,9,0,1,0,0,1
140,13,0,1,0,0,1
267,NA,1,1,0,0,1
106,10,0,1,0,0,1
129,4,1,1,0,0,1
281,14,0,1,0,0,1
114,8,1,1,0,0,1
304,3,1,0,0,0,0
234,14,1,1,0,0,1
136,8,1,0,1,0,1
174,14,1,1,0,0,1
15,2,0,0,1,0,1
311,9,1,0,0,1,1
352,11,0,1,0,0,1
230,15,0,0,1,0,0
237,6,0,0,1,0,1
206,7,1,0,0,0,1
171,9,1,0,1,0,0
