id,EM,PrevImpr,Rec,DetLength,percJudgeSentToEM,judgeAlreadyUsedEM
1,1,1,0,513,0.25,0
2,1,2,0,296,0.035087719559669495,0
3,1,2,1,1486,0.010526316240429878,0
4,1,1,0,74,0.048648648,1
5,1,1,0,1068,0.1910112351179123,1
7,1,1,0,262,0.003968254,0
8,1,2,0,1256,0.044117648,1
9,1,2,0,179,0.003968254,1
10,1,1,1,528,0,0
11,1,2,1,1947,0.011976048350334167,0
12,1,2,0,293,0,0
16,1,0,0,839,0.063432835,1
17,1,1,0,61,0.75,1
18,1,1,0,1220,0,0
20,1,1,0,21,0.1538461595773697,1
22,1,1,1,593,0.023166023194789886,0
24,1,0,0,891,0.1910112351179123,0
26,1,0,0,898,0.011976048350334167,1
27,1,0,0,1215,0.013698630034923553,1
28,1,0,0,949,0.1910112351179123,1
30,1,2,0,683,0.13333334028720856,0
33,1,0,0,566,0,0
34,1,0,0,1278,0.1910112351179123,1
35,1,0,0,1363,0.045977011,0
39,1,0,1,568,0.005333333,0
40,1,0,0,751,0,0
44,1,1,1,224,0.035087719559669495,1
45,1,0,0,974,0.4444444477558136,1
46,1,0,0,799,0.4444444477558136,1
47,1,0,1,1251,0.045977011,1
49,1,0,1,737,0.052631579,0
51,1,0,0,867,0.011904762126505375,1
52,1,0,0,798,0.048034936,0
53,1,1,1,1594,0.010526316240429878,1
54,1,0,0,502,0,0
55,1,0,0,862,0.1910112351179123,1
56,1,0,0,948,0.045977011,1
57,1,0,1,944,0.1910112351179123,1
58,1,0,1,231,0.1910112351179123,1
59,1,0,0,1246,0,0
60,1,2,0,1102,0.1325966864824295,1
61,1,0,0,2002,0.1325966864824295,0
62,1,0,0,1169,0.052631579,1
63,1,0,0,1077,0.014652014710009098,1
64,1,0,0,355,0.014652014710009098,1
65,1,0,0,417,0.1910112351179123,1
66,1,0,0,981,0.1538461595773697,1
67,1,0,0,498,0.023166023194789886,1
68,1,1,0,1319,0.042553190141916275,1
69,1,1,0,40,0.035087719559669495,1
70,1,0,0,484,0.063432835,1
71,1,0,0,141,0.1910112351179123,1
72,1,0,1,313,0.1538461595773697,1
74,1,0,0,1212,0,0
75,1,0,0,424,0.063432835,1
77,1,0,0,365,0.048034936,1
78,1,0,0,255,0.034246575087308884,1
79,1,0,0,338,0.044117648,0
80,1,0,0,617,0.045161292,1
81,1,0,0,826,0.010989011265337467,0
82,1,0,0,945,0.045161292,1
83,1,0,0,1526,0,0
84,1,0,0,597,0.045161292,1
85,1,0,0,801,0.048034936,1
86,1,0,0,651,0.010989011265337467,1
88,1,0,0,526,0.010989011265337467,1
89,1,0,0,719,0.063432835,1
90,1,0,0,614,0.010452961549162865,0
91,1,0,0,168,0.045161292,1
92,1,0,1,256,0.010452961549162865,1
94,1,0,1,22,0.014652014710009098,1
95,1,0,0,770,0.013698630034923553,1
96,1,1,0,453,0.00990099,0
97,1,0,0,616,0.023166023194789886,1
98,1,0,0,700,0.023166023194789886,1
99,1,0,0,714,0.063432835,1
100,1,0,0,490,0.1325966864824295,1
102,1,0,1,2,0.048034936,1
103,1,0,0,1654,0.023166023194789886,1
104,1,0,1,9,0.059459459,1
105,1,0,0,161,0.10382513701915741,1
106,1,0,0,149,0.029239766,0
107,1,0,0,1898,0.015957447,1
108,1,0,0,1129,0.10382513701915741,1
109,1,0,0,203,0.10382513701915741,1
110,1,0,1,1236,0.003816794,0
111,1,0,1,579,0.10382513701915741,1
112,1,0,1,510,0.010526316240429878,1
114,1,0,0,307,0.015957447,1
115,1,0,0,1082,0.10382513701915741,1
116,1,0,0,1282,0.023166023194789886,1
117,1,0,0,731,0.0625,1
118,1,0,0,945,0.0625,0
119,1,0,1,646,0.1325966864824295,1
120,1,0,0,347,0.030864198,1
121,1,0,0,496,0.10382513701915741,1
122,1,0,1,191,0.029239766,1
124,1,1,0,282,0.005333333,1
125,1,1,0,1371,0.035087719559669495,1
126,1,0,0,142,0.064516127,0
127,1,1,0,783,0,0
128,1,0,0,1297,0.006896552,0
129,1,0,1,480,0.1325966864824295,1
130,1,0,0,1246,0.10382513701915741,1
131,1,0,0,1515,0.006329114,1
132,1,0,0,130,0.013698630034923553,1
133,1,0,0,771,0.048034936,1
134,1,0,0,429,0.048648648,1
135,1,0,0,1446,0.032051284,1
136,1,0,0,994,0.064516127,1
137,1,0,1,594,0.041025642305612564,1
138,1,0,0,826,0.015625,1
139,1,0,0,904,0.015625,1
140,1,0,0,153,0.029239766,1
141,1,0,0,1049,0.1325966864824295,1
142,1,0,0,823,0.027272727340459824,1
143,1,0,0,1304,0,0
144,1,0,0,833,0.1325966864824295,1
145,1,0,0,756,0.10000000149011612,0
146,1,0,0,1287,0.019867551,1
147,1,0,0,1038,0.059459459,1
149,1,0,0,701,0.0625,1
150,1,0,0,553,0.059459459,1
151,1,0,0,227,0.10382513701915741,1
152,1,0,0,294,0.048034936,1
153,1,0,1,1009,0.063432835,1
154,1,0,0,1194,0.013793103396892548,1
155,1,0,0,1017,0.032051284,1
156,1,0,0,869,0.034246575087308884,1
157,1,0,0,791,0.25,0
158,1,0,1,253,0.035087719559669495,1
159,1,0,0,802,0.042553190141916275,1
160,1,0,0,219,0.025641025975346565,1
161,1,0,0,520,0.059459459,1
162,1,0,0,622,0.064516127,1
163,1,0,0,209,0.010101010091602802,0
164,1,0,0,429,0.25,1
165,1,0,0,1023,0.041025642305612564,1
166,1,0,0,407,0.10382513701915741,1
167,1,0,0,721,0.1325966864824295,1
168,1,0,0,570,0.010452961549162865,1
169,1,0,0,266,0.005,1
170,1,0,0,47,0.083333336,0
171,1,0,0,373,0.00990099,1
172,1,0,0,703,0.059459459,1
173,1,0,0,603,0.048648648,1
175,1,0,0,1254,0.015625,0
176,1,0,0,823,0.027272727340459824,1
177,1,0,0,866,0.063432835,1
178,1,0,0,117,0.063432835,1
179,1,0,0,630,0.1910112351179123,1
180,1,0,0,89,0.10000000149011612,1
181,1,0,0,76,0.75,1
182,1,0,0,211,0.041025642305612564,1
183,1,0,0,919,0.032051284,1
184,1,0,0,271,0.10382513701915741,1
185,1,0,0,312,0.013793103396892548,0
186,1,3,0,191,0.008333334,1
187,1,0,0,457,0.034246575087308884,1
188,1,1,0,347,0.005586592,1
189,1,0,0,1656,0,0
190,1,0,0,106,0.032051284,1
191,1,1,0,230,0,0
192,1,0,0,45,0.10382513701915741,1
193,1,0,0,1371,0.064516127,1
194,1,0,0,1241,0.041025642305612564,1
195,1,1,0,529,0.004926108,0
196,1,0,0,109,0.1538461595773697,1
197,1,0,0,398,0.083333336,1
198,1,0,0,1120,0.059459459,1
199,1,0,0,684,0.042553190141916275,1
200,1,0,0,189,0.1538461595773697,1
201,1,0,0,58,0.059459459,1
202,1,0,0,1389,0.006896552,1
203,1,0,0,266,0.013793103396892548,1
204,1,0,0,692,0.015957447,1
205,1,0,0,259,0.25,1
206,1,0,0,200,0.041025642305612564,1
207,1,0,0,303,0.030864198,0
208,1,0,0,598,0.064516127,1
209,1,0,0,327,0.029239766,1
210,1,0,0,648,0.018181818,1
211,1,0,0,280,0.005,0
213,1,0,0,146,0.25,1
214,1,0,0,388,0.1325966864824295,1
215,1,0,0,276,0.019607843831181526,0
216,1,0,0,635,0.013698630034923553,1
217,1,0,0,84,0.010452961549162865,1
218,1,0,0,573,0.1325966864824295,1
219,1,0,0,864,0.048034936,1
220,1,0,0,1205,0.013698630034923553,1
221,1,0,0,518,0.063432835,1
222,1,0,0,354,0.10382513701915741,1
223,1,0,0,282,0.1325966864824295,1
224,1,0,0,11,0.059459459,1
225,1,0,0,536,0.048648648,1
226,1,0,0,30,0.25,1
227,1,0,0,499,0.10000000149011612,1
228,1,0,0,274,0.030864198,1
229,1,1,0,265,0.004926108,1
230,1,0,0,98,0.025641025975346565,1
231,1,0,0,85,0.042553190141916275,1
232,1,0,0,489,0.037500001,1
233,1,0,0,805,0.037500001,0
234,1,0,0,1393,0.063432835,1
235,1,0,0,1449,0.064516127,1
237,1,0,0,588,0.013953488320112228,1
239,1,0,0,612,0.041025642305612564,1
240,1,0,0,455,0.083333336,1
241,1,0,0,13,0.005586592,0
242,1,0,0,1026,0.015957447,1
243,1,0,0,1157,0,0
244,1,0,0,253,0.030864198,1
245,1,0,0,399,0.037500001,1
246,1,0,0,545,0.025641025975346565,1
247,1,0,0,692,0.048034936,1
248,1,0,0,688,0.1325966864824295,1
249,1,0,0,782,0.025641025975346565,1
250,1,0,0,387,0.059459459,1
252,1,0,0,707,0.064516127,1
253,1,0,0,729,0.010526316240429878,0
254,1,0,0,660,0.013953488320112228,1
256,1,0,0,416,0.037500001,1
257,1,0,0,202,0.030864198,1
260,1,0,0,735,0.019999999552965164,1
261,1,0,0,94,0.048034936,1
262,1,0,0,23,0.1325966864824295,1
264,1,0,0,300,0.019867551,1
266,1,2,1,441,0.003968254,1
270,1,1,1,205,0,0
271,1,1,1,627,0.011904762126505375,0
272,1,2,0,690,0.4444444477558136,0
276,1,0,0,2395,0,0
277,1,2,0,405,0,0
278,1,2,0,382,0.1325966864824295,1
279,1,1,0,669,0,0
281,1,2,1,337,0.013698630034923553,0
282,1,1,0,1800,0.032051284,0
284,1,2,0,307,0.048034936,1
285,1,1,1,743,0.1325966864824295,1
287,1,1,1,410,0.015957447,0
288,1,1,0,455,0,0
289,1,0,1,1125,0.1910112351179123,1
290,1,0,1,764,0,0
291,1,0,0,908,0.011976048350334167,1
292,1,1,0,512,0.045977011,1
293,1,0,0,942,0.1910112351179123,1
295,1,2,0,432,0,0
300,1,0,0,996,0.1910112351179123,1
302,1,1,0,488,0.035087719559669495,1
304,1,0,0,1348,0.1910112351179123,1
305,1,0,0,921,0.4444444477558136,1
307,1,0,0,967,0.1910112351179123,1
308,1,0,0,893,0,0
309,1,0,0,788,0.4444444477558136,1
311,1,0,0,346,0.052631579,1
314,1,0,1,832,0,0
315,1,0,0,491,0.1910112351179123,1
317,1,2,1,467,0.10382513701915741,1
318,1,0,1,643,0.014652014710009098,0
320,1,0,0,596,0.1910112351179123,1
321,1,0,0,422,0.035087719559669495,1
322,1,0,0,1032,0.045977011,1
323,1,0,0,583,0.034246575087308884,0
324,1,0,0,168,0.063432835,0
325,1,0,0,1319,0.015957447,1
326,1,1,1,1161,0,0
327,1,0,1,353,0.004926108,0
329,1,0,1,618,0.1910112351179123,1
330,1,0,1,330,0.041025642305612564,0
331,1,0,1,155,0.063432835,1
332,1,0,0,964,0,0
333,1,2,1,607,0.1325966864824295,1
334,1,1,1,2306,0.006329114,0
335,1,0,1,634,0.045161292,0
336,1,0,0,162,0.1538461595773697,1
337,1,0,0,402,0.10382513701915741,0
338,1,0,0,62,0.063432835,1
339,1,0,0,424,0.063432835,1
340,1,0,1,443,0.1538461595773697,1
341,1,1,0,153,0.13333334028720856,1
342,1,0,0,255,0.034246575087308884,1
343,1,0,0,257,0.034246575087308884,1
345,1,0,0,632,0.045161292,1
347,1,0,0,922,0.045161292,1
348,1,0,0,1148,0,0
351,1,0,0,1498,0,0
352,1,1,0,1461,0.75,0
353,1,0,0,100,0.003546099,0
354,1,0,0,298,0.25,1
355,1,0,0,168,0.045161292,1
357,1,0,0,208,0.75,1
358,1,0,0,206,0.059459459,0
359,1,0,0,366,0.063432835,1
360,1,0,0,360,0.063432835,1
361,1,0,0,616,0.023166023194789886,1
362,1,1,0,1169,0.025641025975346565,1
363,1,0,0,245,0.044117648,1
364,1,0,0,335,0.048034936,1
365,1,0,1,733,0,0
366,1,0,0,146,0.063432835,1
367,1,0,0,2264,0.019999999552965164,0
368,1,0,0,1029,0.013953488320112228,0
369,1,0,0,136,0.014652014710009098,1
370,1,0,0,881,0.041025642305612564,1
371,1,0,0,1219,0.1325966864824295,1
372,1,0,0,254,0.015957447,1
373,1,0,0,1264,0.1325966864824295,1
374,1,0,0,1246,0.005333333,1
375,1,0,0,364,0.029239766,1
376,1,0,1,530,0.10382513701915741,1
378,1,0,0,1044,0,0
379,1,0,0,1497,0.063432835,1
380,1,0,0,455,0.10382513701915741,1
381,1,0,0,682,0.10382513701915741,1
382,1,0,0,1172,0.1538461595773697,1
383,1,0,0,1148,0.1325966864824295,1
384,1,0,0,1421,0.064516127,1
385,1,0,0,581,0.10382513701915741,1
386,1,0,0,494,0.048648648,1
387,1,0,0,7,0.048648648,1
388,1,0,0,1360,0.048648648,0
389,1,0,0,1038,0.25,1
390,1,0,0,650,0.25,1
391,1,0,0,1188,0.018181818,0
392,1,0,0,72,0,0
393,1,0,0,1276,0.019867551,0
394,1,0,0,1401,0.071428575,0
395,1,0,0,1401,0.071428575,0
396,1,0,0,530,0.0625,1
397,1,1,0,1252,0.042553190141916275,1
398,1,0,0,132,0.025641025975346565,0
399,1,0,0,711,0.042553190141916275,0
400,1,0,0,259,0.048648648,1
401,1,0,0,355,0.0625,1
402,1,0,0,1066,0.015625,1
403,1,0,0,308,0,0
404,1,0,0,994,0,0
405,1,0,0,754,0.064516127,1
406,1,0,0,703,0.041025642305612564,1
407,1,0,0,328,0.029239766,1
408,1,0,0,971,0.064516127,1
409,1,0,0,1022,0.10382513701915741,1
410,1,0,0,1092,0.064516127,1
411,1,0,0,791,0.1325966864824295,1
412,1,0,0,1259,0.064516127,1
413,1,0,0,173,0.003816794,1
414,1,0,0,1252,0,0
415,1,0,0,1046,0.030864198,1
416,1,0,0,137,0.059459459,1
417,1,0,1,155,0.1538461595773697,0
418,1,0,0,1203,0.048034936,1
419,1,0,0,450,0.1325966864824295,1
420,1,0,0,745,0.042553190141916275,1
421,1,0,1,199,0.044117648,1
422,1,0,0,791,0.25,0
423,1,0,0,182,0.25,1
424,1,0,0,697,0.1325966864824295,1
425,1,0,0,703,0.13333334028720856,1
426,1,0,1,200,0.048648648,1
427,1,0,0,88,0.019607843831181526,1
428,1,0,0,823,0.027272727340459824,1
429,1,0,0,175,0,0
430,1,1,0,719,0.10382513701915741,1
431,1,0,0,862,0.003546099,1
432,1,0,0,327,0.1325966864824295,1
433,1,0,0,754,0.1325966864824295,1
434,1,0,1,571,0.1325966864824295,1
435,1,0,0,755,0.042553190141916275,1
436,1,0,0,148,0.064516127,1
437,1,0,0,641,0.032051284,1
438,1,0,0,503,0.005747126,1
439,1,0,0,279,0.008333334,0
440,1,0,0,391,0.010526316240429878,1
441,1,0,0,1620,0,0
442,1,0,0,589,0.005747126,0
443,1,0,0,757,0,0
444,1,0,0,966,0.027272727340459824,0
445,1,0,0,1074,0.042553190141916275,1
446,1,0,0,123,0.010101010091602802,1
447,1,0,0,502,0.019867551,1
449,1,0,0,342,0.004926108,1
451,1,0,0,598,0.048648648,1
452,1,0,0,85,0,0
453,1,0,0,324,0.013953488320112228,1
454,1,0,0,78,0.059459459,1
456,0,0,1,804,0.008,1
458,0,0,0,724,0.00625,0
459,0,0,1,445,0,0
460,0,0,0,855,0,0
461,0,0,0,1126,0,0
462,0,0,1,869,0.040935673,0
464,0,0,1,457,0.040935673,0
466,0,0,0,1284,0.040935673,0
469,0,0,0,774,0.057471264,1
473,0,0,0,932,0.017964073,1
474,0,0,0,1163,0.13812154531478882,1
479,0,0,0,1152,0.017964073,1
485,0,0,1,1039,0,0
491,0,0,0,1634,0.078947365,1
492,0,0,0,987,0.017964073,1
496,0,0,1,377,0,0
502,0,0,0,968,0,0
506,0,0,0,1142,0.015789473429322243,1
507,0,0,1,679,0,0
509,0,0,0,640,0,0
510,0,0,1,1321,0.017543859779834747,1
516,0,0,0,481,0.023809524,0
519,0,0,0,113,0.017543859779834747,1
524,0,0,0,294,0.026490066200494766,0
528,0,0,0,406,0,0
529,0,0,0,199,0.004878049,0
530,0,1,1,940,0.00390625,0
531,0,0,1,2298,0.030769231,0
532,0,0,0,2211,0.017964073,0
534,0,0,1,1141,0,0
535,0,0,1,1579,0,0
536,0,0,0,931,0,0
537,0,0,0,784,0.017964073,1
538,0,0,1,898,0.006756757,0
539,0,0,0,996,0,0
540,0,0,0,915,0.011363636702299118,0
541,0,0,0,692,0,0
543,0,0,0,1031,0,0
544,0,0,0,1025,0.20224718749523163,1
545,0,0,1,1310,0.027027027681469917,0
546,0,0,0,225,0,0
547,0,0,1,514,0.023809524,0
552,0,0,0,481,0.023809524,0
553,0,0,0,1093,0.011363636702299118,0
554,0,0,1,819,0.011363636702299118,0
555,0,0,0,734,0.00625,1
556,0,0,0,816,0.006756757,1
557,0,0,0,863,0.057471264,1
558,0,0,1,85,0,0
559,0,0,1,821,0,0
561,0,0,1,1191,0.006756757,0
562,0,0,0,991,0,0
563,0,0,0,659,0.00625,1
564,0,0,0,835,0.00625,0
565,0,0,1,1222,0.010204081423580647,1
566,0,0,1,476,0,0
567,0,0,1,895,0.007042253,0
568,0,0,0,239,0.067164183,0
569,0,0,1,731,0,0
570,0,0,1,407,0,0
571,0,0,0,771,0,0
572,0,0,0,901,0.007042253,1
573,0,0,0,605,0,0
574,0,0,0,1003,0,0
575,0,0,0,427,0,0
576,0,0,0,442,0,0
577,0,0,0,1236,0,0
578,0,0,0,242,0,0
579,0,0,1,187,0,0
580,0,1,1,888,0.008,1
581,0,0,0,1428,0.005952381,0
582,0,0,0,1983,0.01,0
583,0,0,1,947,0,0
587,0,0,1,1308,0.052401747554540634,0
593,0,0,0,714,0,0
602,0,0,1,833,0,0
604,0,0,1,108,0.017543859779834747,1
613,0,0,1,246,0,0
614,0,1,1,1117,0,0
615,0,0,1,1876,0.03846154,0
619,0,0,0,1182,0.00625,0
621,0,0,0,631,0.00625,0
623,0,0,1,870,0,0
624,0,0,0,757,0.006756757,0
626,0,0,0,939,0.007042253,0
627,0,0,0,969,0,0
628,0,0,1,1068,0.017964073,1
633,0,0,0,740,0,0
634,0,0,1,1037,0.007042253,0
635,0,0,0,782,0.00625,0
636,0,0,1,1229,0,0
644,0,0,0,879,0.003584229,1
645,0,0,0,161,0.016666668,0
646,0,0,1,1520,0.006666667,0
648,0,0,0,1124,0,0
649,0,0,0,352,0.005952381,1
650,0,0,0,288,0,0
651,0,0,0,609,0.011363636702299118,0
652,0,0,1,1099,0.071428575,1
653,0,0,0,558,0.016438355669379234,1
654,0,1,0,1489,0.069892474,1
655,0,1,0,42,0,0
657,0,0,1,174,0,0
658,0,0,0,371,0.004950495,0
660,0,0,0,421,0.004950495,0
661,0,0,1,362,0.003584229,1
662,0,0,1,316,0.003584229,1
663,0,0,0,479,0.018315019086003304,1
664,0,0,1,517,0,0
665,0,0,0,19,0,0
666,0,0,0,1069,0.005747126,0
668,0,0,0,297,0.064864866,1
669,0,0,0,33,0,0
670,0,0,0,349,0,0
671,0,0,0,505,0,0
672,0,0,0,651,0.051612902,1
673,0,0,1,172,0.054054055362939835,0
674,0,0,1,882,0,0
675,0,0,1,195,0,0
676,0,0,1,224,0.002277904,1
677,0,0,1,371,0.005952381,1
678,0,0,0,424,0,0
679,0,0,1,739,0.004878049,0
680,0,1,0,1036,0,0
681,0,0,1,204,0.002277904,1
682,0,0,0,307,0.004950495,1
683,0,0,0,850,0.036363635,0
684,0,0,0,154,0.008,1
685,0,0,0,1968,0,0
686,0,0,1,950,0.035087719559669495,1
687,0,0,0,155,0.003584229,1
688,0,0,0,805,0,0
689,0,0,0,1158,0,0
691,0,0,1,385,0.008,1
692,0,0,0,279,0,0
693,0,0,0,126,0.003584229,1
696,0,0,0,139,0.018617020919919014,1
697,0,0,0,418,0,0
698,0,0,0,1416,0,0
700,0,0,0,161,0,0
701,0,0,0,302,0,0
702,0,0,0,640,0,0
703,0,0,0,748,0.013937282375991344,0
705,0,0,0,1400,0,0
706,0,0,0,323,0,0
707,0,0,1,50,0.020202020183205605,0
708,0,0,0,289,0.002793296,1
709,0,0,0,551,0.016438355669379234,1
711,0,0,0,163,0.009852217,1
712,0,0,0,860,0,0
713,0,0,0,239,0.04109589,1
714,0,0,0,311,0.002793296,0
715,0,1,0,440,0.064864866,1
716,0,0,0,676,0.01,0
718,0,0,0,724,0,0
719,0,0,0,453,0.008,1
720,0,0,0,240,0.011363636702299118,0
721,0,0,0,2,0.00390625,0
722,0,0,0,1603,0.018617020919919014,1
723,0,0,0,8,0,0
724,0,0,1,156,0,0
725,0,0,0,137,0.003952569,0
726,0,0,0,286,0.057471264,1
727,0,0,1,360,0.040935673,1
729,0,0,1,815,0.040935673,1
730,0,0,1,429,0,0
733,0,0,0,155,0.052401747554540634,1
734,0,0,0,326,0.016438355669379234,1
735,0,0,0,1264,0.057471264,1
736,0,0,0,455,0,0
737,0,0,0,305,0,0
739,0,0,1,719,0.051612902,0
740,0,0,0,761,0.007092198,1
741,0,0,0,1024,0.008,1
742,0,0,0,1238,0,0
743,0,0,0,288,0.013937282375991344,1
744,0,0,0,365,0.004878049,0
745,0,0,1,575,0,0
746,0,0,0,341,0.016438355669379234,1
747,0,0,0,190,0.002793296,0
748,0,0,1,241,0,0
751,0,0,1,538,0,0
752,0,1,0,1074,0,0
753,0,0,0,224,0.035087719559669495,0
754,0,0,0,287,0.016438355669379234,1
755,0,0,0,747,0.018604651,0
756,0,0,0,165,0.013937282375991344,1
757,0,0,0,1869,0.012195121496915817,0
758,0,0,1,1023,0.064864866,1
759,0,0,0,145,0.002277904,1
760,0,0,0,1028,0,0
761,0,0,0,1084,0.032258063554763794,1
762,0,0,0,1035,0,0
763,0,0,1,287,0.052401747554540634,1
764,0,0,1,288,0.020202020183205605,0
765,0,0,1,140,0,0
766,0,0,0,1102,0,0
767,0,1,0,680,0.018617020919919014,1
768,0,0,0,2095,0.005747126,0
769,0,0,1,618,0.051612902,0
770,0,0,0,297,0.016438355669379234,1
771,0,0,0,141,0.051612902,1
772,0,0,0,988,0.027027027681469917,1
773,0,0,1,401,0,0
774,0,0,0,152,0.002793296,1
775,0,0,1,352,0.011494253,0
776,0,0,0,720,0.067164183,1
777,0,0,0,812,0.002793296,0
778,0,0,0,1112,0.020202020183205605,0
779,0,0,1,1275,0.002793296,0
780,0,0,0,516,0,0
781,0,0,1,842,0.004878049,0
782,0,0,0,1664,0.067164183,1
783,0,0,0,1330,0,0
784,0,0,0,107,0.016438355669379234,1
785,0,0,1,265,0.00390625,0
786,0,0,1,183,0.037037037,0
787,0,0,0,246,0.002277904,1
788,0,0,1,409,0.00390625,0
789,0,0,0,17,0,0
790,0,0,0,809,0.009852217,1
791,0,1,1,499,0,0
792,0,0,1,517,0.013937282375991344,1
793,0,0,0,703,0.008,1
794,0,0,0,783,0,0
795,0,0,0,427,0.002277904,1
796,0,0,1,304,0.017543859779834747,1
797,0,0,0,1,0.052401747554540634,1
798,0,0,0,1740,0,0
799,0,0,0,10,0,0
800,0,0,1,147,0,0
801,0,0,0,124,0,0
803,0,0,0,342,0,0
805,0,0,0,961,0.003584229,1
806,0,0,0,596,0.008,1
807,0,1,0,1460,0,0
808,0,0,1,1886,0,0
809,0,0,0,603,0.027027027681469917,1
810,0,0,0,362,0,0
811,0,0,0,176,0.013937282375991344,0
812,0,0,1,372,0,0
814,0,0,0,346,0,0
815,0,0,0,533,0,0
816,0,0,1,539,0,0
817,0,0,0,19,0,0
819,0,0,1,578,0.009852217,1
821,0,0,0,1600,0.01,0
823,0,0,0,260,0.067164183,1
824,0,0,1,172,0.002277904,1
825,0,0,0,301,0,0
827,0,0,0,729,0.007092198,1
828,0,0,1,713,0.064864866,1
829,0,1,0,1058,0.008,1
830,0,0,0,284,0.00390625,0
831,0,0,1,877,0.046153847,1
832,0,0,0,159,0.04109589,1
833,0,0,0,2280,0.009852217,0
834,0,0,0,906,0,0
835,0,0,0,123,0.037037037,0
836,0,0,0,1025,0,0
837,0,0,1,1335,0.012658228166401386,1
838,0,0,0,337,0.017964073,1
839,0,0,1,377,0.052401747554540634,1
841,0,1,0,493,0.007633588,0
842,0,0,0,756,0.026490066200494766,0
845,0,0,0,164,0.003584229,1
846,0,0,0,430,0.051612902,1
847,0,0,0,640,0.00862069,0
849,0,0,1,938,0.018604651,0
850,0,0,0,511,0.002793296,1
852,0,0,1,629,0.008,1
853,0,0,0,134,0,0
854,0,0,1,699,0.003952569,0
855,0,0,0,176,0.006944444,0
856,0,0,0,379,0.005747126,0
857,0,1,0,368,0,0
858,0,0,1,503,0.046153847,1
859,0,0,0,644,0,0
860,0,0,1,618,0.003952569,0
861,0,0,0,543,0.020689655,0
863,0,0,0,1760,0.007042253,0
864,0,0,0,4,0,0
866,0,0,0,164,0.035087719559669495,1
868,0,0,0,397,0,0
869,0,0,1,1035,0,0
870,0,0,0,1028,0.009852217,1
871,0,0,0,1640,0.006622517,1
873,0,1,1,646,0.01,0
874,0,0,0,1988,0.008,1
875,0,0,0,1155,0,0
876,0,0,0,193,0,0
877,0,0,0,1021,0,0
878,0,0,1,540,0.052401747554540634,1
879,0,0,0,527,0.005747126,0
880,0,0,0,372,0,0
881,0,0,0,1316,0,0
882,0,0,0,419,0.005405406,1
883,0,0,0,757,0.047872342,0
884,0,0,0,1254,0.03846154,1
885,0,0,0,1000,0.007042253,0
886,0,0,0,1170,0.057471264,1
887,0,0,0,650,0.011111111380159855,1
888,0,0,0,433,0.069892474,1
889,0,0,0,1036,0,0
890,0,0,0,1512,0,0
891,0,0,0,78,0.064864866,1
892,0,0,0,1285,0.003952569,0
893,0,0,0,1611,0.011111111380159855,1
894,0,0,0,1125,0.047872342,1
895,0,0,0,1015,0.008,1
896,0,0,0,123,0.018604651,1
897,0,0,0,692,0.011173184029757977,0
898,0,0,0,277,0.016483517363667488,1
899,0,0,1,1261,0.046153847,1
900,0,0,0,395,0.013937282375991344,1
901,0,0,1,836,0.10928961634635925,1
902,0,0,0,894,0.008,1
903,0,0,0,624,0.13812154531478882,1
904,0,1,0,295,0.020202020183205605,1
905,0,0,0,784,0,0
906,0,0,0,1130,0,0
907,0,0,0,924,0,0
908,0,0,1,679,0.016438355669379234,1
909,0,0,0,138,0.00862069,0
910,0,0,1,641,0,0
911,0,0,0,1036,0.006666667,0
912,0,0,0,327,0.01,0
913,0,0,0,1041,0.007092198,1
914,0,0,0,1091,0,0
915,0,0,0,1158,0.005405406,1
916,0,0,0,769,0,0
917,0,0,0,1031,0.003952569,0
918,0,0,0,851,0,0
919,0,0,0,694,0,0
920,0,0,0,1129,0.020689655,1
921,0,0,0,1454,0.006666667,0
922,0,0,0,843,0,0
923,0,0,0,157,0.007092198,1
924,0,0,1,289,0,0
925,0,0,1,2056,0.10928961634635925,1
926,0,0,0,263,0,0
927,0,0,0,1053,0.015789473429322243,1
928,0,0,0,1262,0,0
929,0,0,0,1010,0,0
930,0,0,0,582,0,0
931,0,0,1,534,0.051612902,1
932,0,0,0,317,0,0
933,0,0,0,1567,0.018604651,1
934,0,0,0,520,0.007042253,0
935,0,0,1,812,0,0
936,0,0,0,1162,0.01,0
937,0,0,0,1092,0.012658228166401386,1
938,0,0,0,1194,0.018617020919919014,1
939,0,0,0,677,0,0
940,0,0,1,584,0.027027027681469917,1
941,0,0,0,1042,0,0
943,0,1,1,761,0.016438355669379234,1
944,0,0,0,1434,0,0
945,0,0,0,1475,0.064864866,1
946,0,0,0,1079,0.013793103396892548,1
947,0,0,0,148,0.035087719559669495,1
948,0,0,0,628,0,0
949,0,0,0,283,0.035087719559669495,1
950,0,0,0,290,0.035087719559669495,1
951,0,0,0,893,0,0
952,0,0,0,841,0,0
953,0,0,0,720,0.013937282375991344,1
954,0,0,0,616,0.030769231,1
955,0,0,0,284,0.007092198,1
956,0,0,0,1196,0,0
957,0,1,0,699,0.036363635,1
958,0,0,0,820,0.018617020919919014,1
959,0,0,0,1538,0,0
960,0,0,0,1082,0,0
961,0,0,0,1854,0,0
962,0,0,0,1309,0.13812154531478882,1
963,0,0,0,221,0.027027027681469917,1
964,0,0,1,364,0.020833334,0
965,0,0,1,501,0.013793103396892548,0
966,0,0,0,878,0,0
967,0,0,0,1380,0.046153847,1
969,0,0,0,579,0,0
970,0,0,0,941,0.005747126,0
971,0,0,1,1160,0,0
972,0,0,0,1271,0,0
973,0,0,0,651,0,0
974,0,0,0,486,0.005747126,0
975,0,0,0,950,0.036363635,0
977,0,1,0,899,0.005952381,1
978,0,0,0,1488,0.009852217,0
979,0,0,0,1351,0.018617020919919014,1
981,0,0,1,123,0.018604651,1
982,0,0,0,697,0,0
983,0,0,0,279,0,0
984,0,0,1,1236,0,0
985,0,0,0,1267,0.008,1
986,0,0,0,406,0,0
987,0,0,1,498,0.003584229,1
988,0,0,1,188,0,0
989,0,0,0,1267,0,0
990,0,0,0,650,0,0
991,0,0,0,170,0.00390625,0
992,0,1,0,729,0,0
993,0,0,0,1180,0,0
994,0,0,0,414,0.020833334,0
995,0,0,1,1217,0.005434783,1
996,0,0,0,133,0.035087719559669495,1
997,0,0,0,729,0.016483517363667488,1
998,0,0,0,488,0,0
999,0,0,0,243,0.01,0
1000,0,0,1,427,0.002793296,1
1001,0,0,1,574,0.054054055362939835,1
1002,0,0,0,1162,0.030769231,0
1003,0,0,0,1113,0.021276595070958138,0
1004,0,0,0,1167,0.019801979884505272,0
1005,0,0,0,1512,0.013793103396892548,0
1006,0,0,0,771,0.005747126,0
1007,0,0,1,652,0.006622517,1
1008,0,0,0,285,0.009852217,0
1009,0,0,1,526,0.015789473429322243,1
1010,0,0,0,152,0.037037037,1
1011,0,0,0,1191,0,0
1012,0,0,0,694,0.018617020919919014,1
1013,0,0,0,134,0.007092198,1
1014,0,0,0,1236,0,0
1015,0,0,0,565,0,0
1016,0,0,0,1260,0.069892474,1
1017,0,0,1,130,0.006622517,1
1018,0,0,0,671,0.006666667,0
1020,0,0,0,1182,0.03846154,1
1021,0,0,1,1167,0,0
1022,0,0,0,668,0.018604651,1
1023,0,0,0,865,0.005405406,1
1024,0,0,0,172,0.002277904,1
1025,0,0,0,1328,0.046153847,1
1026,0,0,0,779,0.003952569,0
1027,0,0,0,1064,0,0
1028,0,0,0,905,0.054054055362939835,1
1029,0,0,0,761,0,0
1030,0,0,0,1396,0.03846154,1
1031,0,0,1,233,0,0
1032,0,0,0,264,0,0
1033,0,0,0,1393,0.01,0
1034,0,0,0,1180,0,0
1035,0,0,1,564,0.004878049,0
1036,0,0,0,506,0.067164183,1
1038,0,2,0,1080,0.018617020919919014,1
1039,0,0,0,1194,0.018617020919919014,1
1041,0,0,1,769,0.078125,1
1042,0,0,1,727,0.015789473429322243,1
1044,0,0,0,413,0.012195121496915817,1
1045,0,0,1,216,0.005434783,1
1046,0,0,1,1500,0.047872342,0
1047,0,0,0,699,0,0
1048,0,0,0,140,0.018604651,1
1049,0,0,0,1189,0,0
1050,0,0,0,566,0.011173184029757977,0
1051,0,0,0,1252,0,0
1052,0,0,0,104,0.005952381,1
1053,0,0,0,709,0.008,1
1054,0,0,0,350,0.005952381,1
1055,0,0,1,253,0,0
1056,0,0,0,1358,0,0
1057,0,0,0,309,0,0
1058,0,0,0,1059,0.020833334,0
1059,0,0,0,1279,0,0
1060,0,0,0,704,0.050000001,0
1061,0,0,0,858,0,0
1062,0,0,0,917,0,0
1063,0,0,0,699,0.052401747554540634,1
1064,0,0,0,144,0,0
1065,0,0,0,799,0.10928961634635925,1
1066,0,0,0,1019,0.009852217,1
1067,0,0,0,280,0,0
1068,0,0,0,890,0.046153847,1
1069,0,0,0,1282,0,0
1070,0,0,0,884,0.13812154531478882,1
1071,0,0,0,963,0.069892474,1
1072,0,0,0,978,0.026490066200494766,1
1073,0,0,0,868,0,0
1074,0,0,0,1163,0.008,1
1075,0,0,1,1050,0.026490066200494766,1
1076,0,0,1,888,0,0
1078,0,0,0,805,0.054054055362939835,0
1079,0,0,0,511,0,0
1080,0,0,0,1017,0,0
1081,0,0,0,905,0,0
1082,0,0,0,1222,0.011111111380159855,1
1083,0,0,0,1408,0.018617020919919014,1
1084,0,0,0,683,0,0
1085,0,0,0,829,0.007092198,1
1086,0,0,0,763,0.011494253,0
1087,0,0,0,387,0.020833334,1
1088,0,0,0,1315,0.008,1
1089,0,0,0,861,0.004950495,1
1090,0,0,0,152,0.004878049,1
1091,0,0,0,127,0.003584229,1
1092,0,0,0,1147,0,0
1093,0,0,0,1197,0,0
1094,0,0,0,1010,0.019801979884505272,1
1095,0,0,0,835,0.064864866,1
1096,0,0,0,265,0.00862069,0
1097,0,0,0,774,0,0
1098,0,0,0,528,0,0
1099,0,0,1,577,0.13812154531478882,1
1100,0,0,0,248,0.003952569,0
1101,0,0,0,470,0,0
1102,0,0,0,1003,0.009852217,1
1103,0,0,0,349,0,0
1104,0,0,0,738,0,0
1105,0,0,0,476,0.013793103396892548,1
1106,0,0,0,231,0.00390625,1
1107,0,0,0,45,0.125,1
1108,0,0,0,372,0.032258063554763794,1
1109,0,0,0,794,0,0
1110,0,0,0,503,0.069892474,1
1111,0,0,0,272,0,0
1112,0,0,0,1237,0,0
1113,0,0,0,608,0.002277904,1
1114,0,0,0,1032,0.008,1
1115,0,0,0,950,0,0
1116,0,0,0,125,0.011173184029757977,1
1117,0,0,0,278,0.026490066200494766,1
1118,0,0,1,896,0,0
1119,0,0,0,230,0,0
1120,0,0,0,569,0,0
1121,0,0,0,329,0.046153847,1
1122,0,0,0,1639,0.011173184029757977,0
1123,0,0,1,671,0.01,0
1124,0,0,0,592,0.003952569,0
1125,0,0,0,249,0.006622517,1
1126,0,0,0,272,0.011494253,0
1127,0,0,0,393,0.018604651,1
1128,0,0,0,778,0,0
1129,0,1,0,743,0.009852217,0
1130,0,0,0,301,0,0
1131,0,0,0,695,0.04109589,1
1132,0,0,0,550,0.005405406,1
1133,0,0,0,589,0.008,1
1134,0,0,0,211,0,0
1135,0,0,0,497,0,0
1136,0,0,0,1136,0,0
1137,0,0,0,449,0,0
1138,0,0,0,702,0.003952569,0
1139,0,0,0,545,0.050000001,0
1140,0,0,0,213,0.021052632480859756,1
1141,0,0,0,69,0,0
1142,0,0,0,411,0.006666667,0
1143,0,0,0,788,0.005434783,1
1144,0,0,0,640,0,0
1145,0,0,0,245,0,0
1146,0,0,0,581,0.005405406,1
1147,0,0,0,821,0.011111111380159855,1
1148,0,0,0,883,0,0
1149,0,0,0,84,0,0
1150,0,0,0,199,0,0
1151,0,0,0,807,0.007092198,1
1152,0,0,0,285,0.016438355669379234,1
1153,0,0,1,415,0.005405406,1
1154,0,0,0,43,0.00390625,1
1155,0,0,0,78,0.035087719559669495,1
1156,0,0,0,532,0.046153847,1
1157,0,0,0,217,0,0
1158,0,0,1,248,0.046153847,1
1159,0,0,0,378,0,0
1160,0,0,1,777,0,0
1161,0,0,0,985,0,0
1162,0,0,0,241,0.037037037,0
1163,0,0,0,889,0.015789473429322243,1
1164,0,0,0,524,0.005747126,1
1165,0,0,0,695,0,0
1166,0,0,0,140,0,0
1167,0,0,0,825,0.018617020919919014,1
1168,0,1,1,297,0.020833334,1
1169,0,0,0,715,0,0
1170,0,0,0,633,0.03846154,1
1171,0,0,0,744,0.003952569,0
1172,0,0,0,371,0,0
1173,0,0,0,793,0.047872342,1
1174,0,0,0,291,0.04109589,1
1175,0,0,0,1086,0,0
1176,0,0,0,682,0.004950495,1
1177,0,0,0,732,0.009852217,0
1178,0,0,0,109,0,0
1179,0,0,0,529,0,0
1180,0,0,0,363,0,0
1181,0,0,0,218,0,0
1182,0,0,0,628,0,0
1183,0,1,0,259,0,0
1185,0,0,0,1908,0.026490066200494766,0
1187,0,0,0,811,0.011111111380159855,1
1188,0,0,1,652,0.019801979884505272,1
1189,0,0,1,220,0,0
1190,0,0,0,336,0.013937282375991344,1
1191,0,0,0,455,0.016483517363667488,1
1192,0,0,0,763,0.012195121496915817,1
1193,0,0,0,834,0.018617020919919014,1
1194,0,0,0,172,0.003952569,0
1195,0,0,0,584,0,0
1196,0,0,0,179,0.018518518656492233,0
1197,0,0,0,113,0.011111111380159855,1
1198,0,0,0,881,0,0
1199,0,0,0,168,0.037037037,1
1200,0,1,0,714,0.039999999,1
1201,0,0,0,956,0.012195121496915817,1
1202,0,0,0,329,0,0
1203,0,0,0,661,0.046153847,1
1204,0,0,0,657,0.011173184029757977,0
1205,0,0,0,760,0.026490066200494766,1
1206,0,0,0,114,0.019801979884505272,1
1207,0,0,1,679,0,0
1208,0,0,0,555,0.011494253,1
1209,0,0,0,258,0,0
1211,0,0,1,630,0.054054055362939835,1
1212,0,0,0,99,0.011494253,1
1213,0,0,0,607,0.047872342,1
1214,0,0,0,66,0,0
1215,0,0,0,435,0.018604651,1
1216,0,0,0,243,0.064864866,1
1217,0,0,0,328,0,0
1218,0,0,1,309,0.009852217,1
1219,0,0,0,438,0.002277904,1
1220,0,2,0,66,0,0
1221,0,0,0,100,0,0
1222,0,0,0,1209,0.018604651,1
1223,0,0,0,161,0,0
1225,0,0,0,1384,0,0
1226,0,0,0,1057,0,0
1227,0,0,0,846,0.003952569,0
1228,0,0,0,190,0.037037037,1
1229,0,0,0,712,0.047872342,1
1230,0,0,0,176,0.013793103396892548,1
1232,0,0,0,920,0,0
1233,0,0,0,152,0.009852217,1
1234,0,1,0,734,0.006666667,0
1235,0,0,0,906,0.004878049,1
1236,0,0,0,267,0,0
1237,0,0,0,755,0,0
1238,0,0,0,538,0.004950495,1
1239,0,0,0,665,0,0
1240,0,0,0,697,0.005405406,1
1241,0,0,0,577,0.13812154531478882,1
1242,0,0,0,262,0.011111111380159855,1
1243,0,0,1,1376,0.015789473429322243,1
1244,0,0,0,617,0,0
1245,0,0,0,701,0,0
1246,0,0,0,58,0.016438355669379234,1
1247,0,0,1,507,0.064864866,1
1248,0,0,0,434,0,0
1249,0,0,0,279,0.003952569,1
1250,0,0,0,743,0,0
1251,0,0,0,308,0,0
1252,0,0,0,1505,0.018617020919919014,1
1253,0,0,0,566,0.006666667,0
1254,0,0,0,143,0.021052632480859756,1
1256,0,0,1,1301,0,0
1257,0,0,0,1383,0,0
1258,0,0,0,1131,0.020833334,1
1259,0,0,0,165,0,0
1260,0,2,0,689,0.006666667,0
1261,0,0,1,210,0,0
1262,0,0,0,81,0,0
1263,0,0,1,184,0,0
1264,0,0,0,409,0,0
1265,0,0,0,1004,0,0
1266,0,0,0,483,0,0
1267,0,0,0,603,0,0
1268,0,0,0,545,0.13812154531478882,1
1269,0,0,0,285,0.011494253,1
1270,0,0,0,90,0,0
1271,0,0,1,701,0.027027027681469917,1
1272,0,0,0,595,0.005405406,1
1273,0,0,0,288,0.04109589,1
1275,0,0,1,928,0.015789473429322243,1
1276,0,0,0,1235,0.03846154,1
1277,0,0,1,98,0,0
1278,0,0,0,184,0,0
1279,0,0,0,821,0,0
1280,0,0,1,258,0.005952381,1
1281,0,0,0,520,0.002793296,1
1284,0,1,0,147,0.005952381,1
1285,0,2,1,1102,0,0
1286,0,1,1,704,0.017964073,1
1287,0,1,1,270,0,0
1288,0,1,1,1009,0.040935673,0
1289,0,2,1,342,0,0
1290,0,2,0,376,0.011173184029757977,0
1291,0,1,0,678,0,0
1292,0,1,0,40,0.011494253,1
1293,0,1,0,1099,0,0
1294,0,2,0,212,0.015789473429322243,1
1295,0,1,1,806,0,0
1296,0,1,1,402,0,0
1297,0,1,1,404,0,0
1298,0,2,0,432,0.016438355669379234,1
1299,0,1,0,535,0.067164183,1
1300,0,1,0,871,0.005952381,1
1301,0,1,0,2373,0.013793103396892548,0
1302,0,0,0,158,0.016438355669379234,1
1303,0,0,0,1214,0,0
1304,0,0,0,545,0.026490066200494766,1
1305,0,0,1,466,0.002277904,1
1306,0,0,0,547,0.04109589,1
1307,0,0,0,1177,0.005405406,1
1308,0,0,0,620,0,0
1309,0,0,0,217,0,0
1310,0,0,0,702,0.005952381,1
1311,0,0,0,584,0,0
1312,0,0,0,119,0.002277904,1
1313,0,0,0,365,0.018604651,1
1314,0,0,0,567,0,0
1315,0,0,1,589,0,0
1316,0,0,0,1164,0,0
1317,0,0,0,312,0.006622517,1
1318,0,0,0,17,0,0
1319,0,0,0,230,0.04109589,1
1320,0,0,0,34,0.032258063554763794,1
1321,0,0,0,755,0.016438355669379234,1
1322,0,0,0,1509,0,0
1323,0,0,0,515,0.012658228166401386,1
1324,0,0,0,1056,0.018315019086003304,1
1325,0,0,0,481,0,0
1326,0,0,1,637,0,0
1327,0,0,0,416,0,0
1328,0,0,0,708,0.011173184029757977,0
1329,0,0,0,657,0.005405406,1
1330,0,0,0,391,0,0
1331,0,0,1,697,0.005405406,1
1332,0,0,0,734,0.004878049,0
1333,0,0,0,285,0,0
1339,0,2,1,247,0,0
1340,0,2,0,337,0,0
1341,0,1,0,558,0,0
1342,0,1,0,67,0.039215688,0
1343,0,1,0,1091,0,0
1344,0,2,1,382,0.019801979884505272,0
1345,0,1,0,721,0.035087719559669495,1
1346,0,1,1,401,0.057471264,1
1347,0,1,1,431,0,0
1348,0,2,0,372,0.25,0
1349,0,1,0,516,0,0
1350,0,1,1,831,0.009852217,0
1351,0,1,0,1372,0.008,1
1352,0,0,0,293,0,0
1353,0,0,0,1332,0.030769231,0
1354,0,0,0,413,0.020689655,1
1355,0,0,1,453,0.011111111380159855,1
1356,0,0,0,617,0.018617020919919014,1
1357,0,0,0,1175,0,0
1358,0,0,1,730,0.007633588,1
1359,0,0,0,369,0.005434783,1
1360,0,0,0,307,0.052401747554540634,1
1361,0,0,0,225,0,0
1362,0,0,0,427,0.006622517,1
1363,0,0,0,652,0,0
1364,0,0,1,1181,0,0
1365,0,0,0,232,0.013793103396892548,1
1366,0,0,0,44,0.04109589,1
1367,0,0,0,277,0.027027027681469917,1
1368,0,0,0,72,0.013937282375991344,1
1369,0,0,0,1434,0,0
1370,0,0,0,506,0.009852217,1
1371,0,0,0,563,0.018617020919919014,1
1372,0,0,0,840,0,0
1374,0,0,0,754,0.019801979884505272,0
1375,0,0,0,27,0,0
1376,0,0,0,180,0,0
1377,0,0,0,705,0,0
1378,0,0,0,464,0,0
1379,0,0,0,60,0,0
1380,0,0,0,5,0.055555556,1
1381,0,2,1,762,0.20224718749523163,1
1385,0,1,0,1573,0.010204081423580647,0
1386,0,2,0,245,0.006756757,1
1387,0,2,0,319,0.026490066200494766,1
1389,0,1,0,1411,0.01,0
1390,0,2,1,297,0.007633588,1
1391,0,1,0,663,0,0
1393,0,2,1,345,0,0
1394,0,1,0,583,0,0
1396,0,1,0,1775,0.064864866,1
1397,0,0,1,191,0,0
1398,0,0,0,1212,0.015789473429322243,1
1399,0,0,0,416,0.013793103396892548,1
1400,0,0,1,339,0.003584229,1
1401,0,0,0,596,0.020202020183205605,0
1402,0,0,0,1448,0.007092198,1
1403,0,0,1,786,0,0
1404,0,0,1,224,0,0
1405,0,0,0,292,0.002277904,1
1406,0,0,0,307,0,0
1407,0,0,0,412,0,0
1408,0,0,1,600,0.015789473429322243,1
1409,0,0,0,986,0.020833334,0
1410,0,0,0,241,0,0
1411,0,0,0,27,0,0
1412,0,0,0,244,0.007633588,1
1413,0,0,0,54,0,0
1414,0,0,0,707,0.032258063554763794,1
1415,0,0,0,1444,0.018617020919919014,1
1416,0,1,0,536,0,0
1417,0,0,0,532,0.067164183,1
1418,0,0,0,868,0.051612902,0
1419,0,0,0,1090,0.026490066200494766,0
1420,0,0,1,576,0.047872342,0
1421,0,0,0,22,0,0
1422,0,0,0,163,0.054054055362939835,1
1423,0,0,0,722,0.007042253,1
1424,0,0,0,672,0.020833334,1
1425,0,0,0,169,0,0
1426,0,0,0,79,0.002793296,1
1427,0,0,0,3,0,0
1428,0,1,0,672,0.017543859779834747,1
1429,0,2,1,380,0,0
1431,0,1,1,1168,0,0
1432,0,1,0,727,0.040935673,0
1433,0,2,0,132,0.009852217,0
1434,0,1,0,522,0.064864866,1
1435,0,1,0,1523,0,0
1437,0,2,1,378,0.005952381,1
1438,0,1,0,1798,0,0
1439,0,2,0,566,0,0
1440,0,1,1,9,0,0
1441,0,1,1,610,0.046153847,0
1442,0,1,0,493,0,0
1443,0,2,0,633,0,0
1444,0,1,1,329,0,0
1445,0,1,1,240,0.054054055362939835,0
1446,0,1,1,423,0.016483517363667488,1
1447,0,1,0,1324,0,0
1448,0,0,0,57,0,0
1449,0,0,0,1321,0.018604651,0
1450,0,0,1,99,0.005952381,1
1451,0,0,0,910,0.018604651,1
1452,0,0,1,49,0.067164183,1
1453,0,0,0,244,0,0
1454,0,0,1,269,0,0
1455,0,0,0,299,0,0
1456,0,0,1,285,0.078125,1
1457,0,0,1,252,0,0
1458,0,0,0,160,0.030769231,1
1459,0,0,0,314,0.020689655,1
1460,0,0,0,69,0.2916666567325592,1
1462,0,0,0,406,0,0
1463,0,0,0,533,0.013937282375991344,1
1464,0,0,0,574,0,0
1465,0,0,0,63,0,0
1466,0,0,0,527,0.054054055362939835,1
1467,0,0,0,1150,0.015789473429322243,1
1468,0,0,0,634,0.007042253,1
1469,0,0,0,647,0,0
1470,0,0,0,481,0,0
1471,0,0,1,1027,0.003584229,0
1472,0,0,0,465,0.012195121496915817,1
1473,0,0,0,674,0.006944444,0
1474,0,0,0,15,0,0
1475,0,0,0,183,0,0
1476,0,0,0,750,0.019801979884505272,1
1477,0,0,0,654,0.005405406,1
1478,0,0,0,241,0,0
1479,0,0,0,57,0.007092198,1
1482,0,1,1,635,0,0
1483,0,2,1,259,0.002793296,0
1484,0,1,0,582,0,0
1485,0,1,1,1071,0.017964073,1
1488,0,1,0,1452,0,0
1489,0,2,1,366,0.003584229,1
1490,0,1,0,5,0,0
1491,0,1,1,654,0,0
1492,0,1,0,579,0.007042253,1
1493,0,2,0,723,0,0
1494,0,1,1,422,0,0
1495,0,1,1,252,0.011173184029757977,0
1496,0,2,1,342,0.007633588,1
1497,0,1,0,1257,0,0
1498,0,0,0,67,0.006944444,1
1499,0,0,0,1408,0,0
1500,0,0,1,112,0,0
1501,0,0,0,1079,0.013793103396892548,1
1502,0,0,0,49,0.009852217,0
1503,0,0,0,301,0.014705882407724857,1
1504,0,0,0,343,0.03846154,1
1505,0,0,0,523,0,0
1506,0,0,0,649,0.014705882407724857,1
1507,0,0,0,140,0.006666667,1
1508,0,0,0,339,0.013937282375991344,1
1509,0,0,1,775,0.002277904,1
1510,0,0,0,395,0,0
1511,0,0,0,557,0.009852217,1
1512,0,0,0,398,0.10928961634635925,1
1513,0,0,0,105,0,0
1514,0,0,0,586,0.016438355669379234,1
1515,0,0,0,1340,0.026490066200494766,0
1516,0,0,0,478,0,0
1517,0,0,0,400,0.054054055362939835,1
1518,0,0,1,471,0,0
1519,0,0,0,702,0.00390625,1
1520,0,0,0,260,0,0
1521,0,0,0,756,0,0
1522,0,0,0,599,0,0
1524,0,0,0,773,0,0
1525,0,0,0,635,0.050000001,0
1526,0,0,0,357,0.002793296,1
1530,0,1,0,613,0.011173184029757977,0
1531,0,1,1,1501,0,0
1535,0,1,0,1590,0.005434783,1
1537,0,1,0,23,0,0
1538,0,1,1,682,0,0
1539,0,1,1,454,0.027027027681469917,1
1540,0,2,0,606,0.10928961634635925,1
1541,0,1,1,313,0.017964073,1
1542,0,1,0,186,0,0
1543,0,1,0,290,0.004878049,0
1545,0,0,0,53,0.005952381,1
1546,0,0,1,1273,0.008,1
1547,0,0,1,104,0,0
1548,0,0,0,1068,0,0
1549,0,0,1,61,0,0
1550,0,0,0,297,0.047872342,1
1552,0,0,0,617,0.019801979884505272,1
1553,0,0,0,726,0.003952569,0
1554,0,0,0,108,0.009852217,1
1555,0,0,0,224,0.050000001,1
1556,0,0,0,767,0.10928961634635925,1
1557,0,0,1,334,0.016438355669379234,1
1558,0,0,0,488,0,0
1559,0,0,0,465,0.036363635,1
1560,0,0,0,77,0.011173184029757977,1
1561,0,0,0,1648,0.064864866,1
1562,0,0,0,524,0.020833334,1
1563,0,0,0,519,0,0
1565,0,0,0,783,0.009852217,1
1566,0,1,0,368,0.005405406,1
1567,0,0,0,832,0.069892474,1
1568,0,0,0,657,0,0
1569,0,0,0,361,0.026490066200494766,1
1570,0,0,0,849,0.003952569,0
1571,0,0,0,678,0.020833334,1
1573,0,0,1,4003,0,0
1574,0,0,0,1395,0.006756757,0
1575,0,0,0,889,0.057471264,1
1576,0,0,0,497,0.057471264,1
1577,0,0,0,502,0,0
1578,0,0,0,18,0,0
1579,0,1,1,512,0.005952381,1
1583,0,0,0,1036,0,0
1585,0,1,0,31,0,0
1586,0,0,0,1403,0.027027027681469917,0
1587,0,0,0,381,0.009852217,1
1588,0,0,1,967,0,0
1589,0,0,0,1455,0.009852217,0
1590,0,0,0,933,0,0
1591,0,0,0,854,0.13812154531478882,1
1593,0,0,0,245,0,0
1594,0,0,0,89,0.018315019086003304,1
1595,0,0,0,111,0.009852217,1
1596,0,0,0,530,0.009852217,0
1597,0,0,0,899,0.018617020919919014,1
1598,0,1,1,481,0.011363636702299118,0
1600,0,1,1,168,0,0
1602,0,0,0,1098,0.078947365,0
1605,0,0,0,2093,0.050000001,0
1606,0,0,0,501,0,0
1607,0,0,0,1195,0.011494253,0
1608,0,0,0,1168,0,0
1610,0,0,0,288,0.016438355669379234,1
1611,0,0,0,1030,0.011173184029757977,0
1612,0,0,0,1186,0,0
1613,0,0,0,773,0,0
1614,0,0,0,184,0.04109589,1
1615,0,0,0,1086,0,0
1616,0,0,0,1030,0,0
1617,0,0,0,618,0.047872342,1
1619,0,0,0,194,0,0
1620,0,0,0,119,0,0
1621,0,0,1,1,0.018315019086003304,1
1622,0,0,1,867,0.023809524,0
1623,0,0,1,737,0.017964073,1
1624,0,0,0,829,0.011494253,0
1625,0,0,1,1114,0.011363636702299118,0
1626,0,0,0,7,0.037037037,1
1629,0,1,0,78,0,0
1635,0,0,1,116,0,0
1636,0,0,1,304,0,0
1637,0,0,0,90,0,0
1638,0,0,1,170,0.009852217,1
1639,0,0,0,871,0,0
1640,0,0,0,135,0.018315019086003304,1
1641,0,0,0,217,0,0
1642,0,0,0,378,0,0
1643,0,0,0,427,0.030769231,1
1644,0,0,0,4,0.030769231,1
1645,0,0,0,210,0,0
1646,0,1,0,526,0,0
1649,0,0,0,698,0,0
1651,0,0,1,738,0.020202020183205605,0
1652,0,1,0,19,0.004878049,0
1655,0,0,0,99,0,0
1656,0,0,0,960,0,0
1657,0,0,0,96,0,0
1658,0,1,0,210,0.10928961634635925,1
1659,0,0,0,890,0,0
1660,0,0,0,960,0.003584229,1
1661,0,0,0,565,0.050000001,0
1662,0,0,0,45,0,0
1664,0,0,0,69,0,0
1665,0,0,0,947,0.019801979884505272,0
1666,0,0,0,432,0,0
1669,0,1,1,160,0,0
1670,0,1,1,197,0.011494253,0
1671,0,1,0,123,0,0
1672,0,2,1,1069,0.026490066200494766,0
1674,0,1,0,633,0.003584229,1
1675,0,1,1,405,0.035087719559669495,0
1676,0,0,1,318,0.018617020919919014,1
1677,0,0,0,51,0,0
1678,0,1,1,229,0.037037037,1
1681,0,0,1,209,0.026490066200494766,0
1682,0,0,0,1032,0,0
1683,0,0,0,1007,0,0
1684,0,0,0,455,0.016483517363667488,1
1685,0,0,0,85,0.011173184029757977,0
1686,0,0,0,750,0.016483517363667488,1
1687,0,1,1,444,0.17307692766189575,1
1688,0,2,1,1136,0,0
1690,0,1,0,70,0.020689655,0
1691,0,1,0,97,0.003584229,1
1692,0,1,0,258,0.00625,0
1693,0,2,0,863,0.021052632480859756,0
1695,0,2,0,229,0.002277904,1
1696,0,1,0,309,0,0
1697,0,1,0,295,0,0
1698,0,0,0,558,0,0
1699,0,0,0,44,0.016483517363667488,0
1700,0,1,0,150,0,0
1701,0,0,0,259,0.00862069,0
1702,0,0,0,339,0.04109589,1
1703,0,0,1,213,0.005952381,1
1704,0,0,0,408,0.035087719559669495,1
1705,0,0,1,889,0,0
1706,0,0,0,411,0,0
1707,0,0,0,23,0,0
1708,0,0,0,416,0,0
1709,0,0,1,203,0,0
1710,0,1,0,360,0.064864866,1
1711,0,0,0,117,0,0
1713,0,4,1,1188,0,0
1714,0,1,1,141,0.032258063554763794,1
1715,0,1,1,314,0.00390625,0
1716,0,1,1,527,0,0
1717,0,2,1,783,0,0
1718,0,1,1,532,0,0
1719,0,1,1,323,0.009852217,1
1720,0,0,0,993,0,0
1721,0,1,0,408,0.013793103396892548,0
1722,0,0,0,278,0.057471264,1
1723,0,0,1,156,0.036363635,0
1724,0,0,1,155,0.016483517363667488,0
1725,0,1,0,101,0.035714287,1
1726,0,0,0,165,0.003584229,1
1728,0,0,1,357,0.016483517363667488,1
1729,0,0,0,821,0.006756757,1
1730,0,0,0,588,0.052401747554540634,0
1731,0,0,0,355,0.004878049,0
1732,0,0,0,4,0.016438355669379234,1
1733,0,0,0,624,0.016438355669379234,1
1734,0,1,0,531,0.012195121496915817,1
1735,0,1,0,791,0,0
1736,0,0,0,490,0,0
1737,0,0,0,812,0.007092198,1
1738,0,0,0,1151,0,0
1739,0,0,0,481,0.078947365,1
1740,0,0,0,763,0,0
1741,0,0,0,1205,0.005952381,1
1742,0,0,1,230,0,0
1743,0,0,0,745,0.047872342,1
1744,0,0,0,917,0,0
1745,0,0,0,198,0.005405406,1
1746,0,0,0,356,0,0
1747,0,0,0,655,0.13812154531478882,1
1749,0,0,0,37,0,0
1750,0,0,0,344,0,0
1751,0,0,0,208,0.04109589,1
1752,0,0,0,84,0,0
1753,0,0,0,471,0,0
1754,0,0,0,237,0,0
1755,0,0,0,428,0.009852217,0
1756,0,0,1,29,0,0
1757,0,0,0,494,0.026490066200494766,0
1759,0,0,0,116,0.018315019086003304,1
1760,0,0,0,196,0.018315019086003304,1
1763,0,0,0,1026,0.005434783,1
1764,0,0,0,978,0.051612902,1
1765,0,0,0,521,0.018617020919919014,1
1766,0,0,0,682,0,0
1767,0,0,0,912,0,0
1768,0,0,0,226,0.011494253,0
1769,0,0,0,879,0.006622517,1
1770,0,0,0,256,0,0
1771,0,0,0,243,0.013937282375991344,1
1772,0,0,0,446,0.035087719559669495,1
1773,0,1,0,628,0,0
1774,0,0,0,1031,0.046153847,1
1775,0,0,0,108,0.01,0
1776,0,0,1,261,0,0
1777,0,0,0,154,0.026490066200494766,1
1778,0,0,1,40,0.005952381,1
1779,0,0,0,259,0.011173184029757977,0
1781,0,0,0,489,0.009852217,0
1782,0,0,0,2,0,0
1783,0,0,0,735,0,0
1784,0,0,1,209,0.002277904,1
1785,0,0,0,52,0,0
1786,0,0,0,216,0,0
1789,0,1,0,90,0.012658228166401386,1
1790,0,0,1,382,0,0
1791,0,0,0,1290,0.04109589,1
1792,0,0,0,1462,0.005405406,1
1793,0,0,0,518,0,0
1794,0,0,0,811,0.026490066200494766,1
1795,0,0,0,827,0.015789473429322243,1
1796,0,0,0,138,0.011173184029757977,0
1797,0,0,0,854,0.002277904,1
1798,0,0,1,289,0,0
1799,0,0,0,211,0.013937282375991344,1
1801,0,0,0,1021,0,0
1803,0,0,0,76,0,0
1804,0,0,1,263,0,0
1805,0,0,0,121,0.008,1
1806,0,0,0,28,0.002277904,0
1807,0,0,0,320,0.017543859779834747,1
1809,0,0,0,69,0,0
1811,0,0,1,7,0,0
1812,0,0,0,708,0,0
1813,0,0,0,227,0,0
1814,0,0,0,278,0.020202020183205605,0
1815,0,0,0,197,0,0
1816,0,0,1,213,0,0