state,year,fips,vmt,fatalityrate,sb_useage,speed65,speed70,drinkage21,ba08,income,age,primary,secondary
AK,1983,2,3358,0.0446694,,0,0,1,0,17973,28.23497,0,0
AK,1984,2,3589,0.0373363,,0,0,1,0,18093,28.34354,0,0
AK,1985,2,3840,0.0330729,,0,0,1,0,18925,28.37282,0,0
AK,1986,2,4008,0.0251996,,0,0,1,0,18466,28.39665,0,0
AK,1987,2,3900,0.0194872,,0,0,1,0,18021,28.45325,0,0
AK,1988,2,3841,0.0252538,,0,0,1,0,18447,28.85142,0,0
AK,1989,2,3887,0.0216105,,0,0,1,0,19970,29.14895,0,0
AK,1990,2,3979,0.0246293,0.45,0,0,1,0,21073,29.58628,0,0
AK,1991,2,4021,0.0251181,0.66,0,0,1,0,21496,29.82771,0,1
AK,1992,2,3841,0.0281177,0.66,1,0,1,0,22073,30.2107,0,1
AK,1993,2,3918,0.0301174,0.69,1,0,1,0,22711,30.46439,0,1
AK,1994,2,4150,0.0204819,0.69,1,0,1,0,23417,30.75657,0,1
AK,1995,2,4123,0.0211011,0.69,1,0,1,0,23971,31.1786,0,1
AK,1996,2,4115,0.0196841,0.69,1,0,1,0,24310,31.44535,0,1
AK,1997,2,4387,0.0175519,0.69,1,0,1,0,24969,31.60147,0,1
AL,1983,1,31032,0.0299691,,0,0,0,0,9505,34.20065,0,0
AL,1984,1,32961,0.0282758,0.13,0,0,0,0,10417,34.42163,0,0
AL,1985,1,35091,0.0251346,0.17,0,0,1,0,11133,34.60257,0,0
AL,1986,1,34003,0.0317913,0.29,0,0,1,0,11736,34.76067,0,0
AL,1987,1,37426,0.0296852,0.21,1,0,1,0,12394,34.95566,0,0
AL,1988,1,39684,0.0258039,0.29,1,0,1,0,13288,35.13696,0,0
AL,1989,1,40765,0.0252422,0.38,1,0,1,0,14266,35.32786,0,0
AL,1990,1,42347,0.0264718,0.44,1,0,1,0,15213,35.62292,0,0
AL,1991,1,42924,0.0259994,0.47,1,0,1,0,15895,35.68874,0,0
AL,1992,1,45762,0.0225296,0.58,1,0,1,0,16817,35.83262,0,1
AL,1993,1,47337,0.0220546,0.55,1,0,1,0,17398,35.94825,0,1
AL,1994,1,48956,0.0221219,0.55,1,0,1,0,18163,36.09201,0,1
AL,1995,1,50628,0.0220036,0.52,1,1,1,1,19041,36.20575,0,1
AL,1996,1,51433,0.0222814,0.54,1,1,1,1,19838,36.38513,0,1
AL,1997,1,53458,0.0222979,0.52,1,1,1,1,20672,36.50072,0,1
AR,1983,5,16684,0.0333853,,0,0,1,0,9267,35.42214,0,0
AR,1984,5,16621,0.0315865,,0,0,1,0,10263,35.56396,0,0
AR,1985,5,17112,0.0312062,,0,0,1,0,10919,35.69191,0,0
AR,1986,5,17555,0.0343492,0.198,0,0,1,0,11409,35.86727,0,0
AR,1987,5,18306,0.0349066,,1,0,1,0,11842,36.00813,0,0
AR,1988,5,19219,0.0317394,0.301,1,0,1,0,12637,36.14387,0,0
AR,1989,5,20414,0.0316939,,1,0,1,0,13353,36.29208,0,0
AR,1990,5,21011,0.0287468,0.34,1,0,1,0,14025,36.42568,0,0
AR,1991,5,21934,0.0277195,0.52,1,0,1,0,14766,36.46632,0,1
AR,1992,5,23081,0.0254755,0.55,1,0,1,0,15807,36.5057,0,1
AR,1993,5,23995,0.0242967,0.55,1,0,1,0,16380,36.59258,0,1
AR,1994,5,24948,0.0244108,0.51,1,0,1,0,17090,36.62239,0,1
AR,1995,5,26653,0.0236746,0.51,1,0,1,0,17934,36.62849,0,1
AR,1996,5,27840,0.0220905,0.48,1,0,1,0,18808,36.66524,0,1
AR,1997,5,28144,0.0234508,0.48,1,0,1,0,19595,36.81758,0,1
AZ,1983,4,19611,0.0344195,,0,0,0,0,11277,34.11422,0,0
AZ,1984,4,20613,0.0421579,,0,0,1,0,12375,34.24707,0,0
AZ,1985,4,21580,0.0413809,,0,0,1,0,13280,34.33136,0,0
AZ,1986,4,22665,0.0444297,,0,0,1,0,13980,34.47534,0,0
AZ,1987,4,31729,0.0295944,,1,0,1,0,14631,34.54303,0,0
AZ,1988,4,34247,0.0275645,,1,0,1,0,15246,34.65613,0,0
AZ,1989,4,34816,0.025247,,1,0,1,0,15919,34.70411,0,0
AZ,1990,4,35456,0.0245093,0.55,1,0,1,0,16608,34.88562,0,0
AZ,1991,4,34929,0.0233617,0.65,1,0,1,0,16971,35.00491,0,1
AZ,1992,4,35047,0.0230833,0.73,1,0,1,0,17583,35.19247,0,1
AZ,1993,4,39150,0.0204598,0.73,1,0,1,0,18270,35.28326,0,1
AZ,1994,4,38774,0.0233146,0.6,1,0,1,0,19127,35.49593,0,1
AZ,1995,4,39653,0.0261014,0.6,1,1,1,0,20078,35.49486,0,1
AZ,1996,4,42123,0.0235976,0.56,1,1,1,0,21071,35.55243,0,1
AZ,1997,4,43491,0.0218666,0.63,1,1,1,0,21998,35.70044,0,1
CA,1983,6,182652,0.0250367,,0,0,1,0,14258,33.73746,0,0
CA,1984,6,196537,0.0255423,,0,0,1,0,15593,33.78443,0,0
CA,1985,6,207600,0.0238921,0.258,0,0,1,0,16523,33.80183,0,0
CA,1986,6,214913,0.0244424,0.4543,0,0,1,0,17255,33.81114,0,1
CA,1987,6,226301,0.0243216,0.481,1,0,1,0,18175,33.82216,0,1
CA,1988,6,241575,0.0223202,0.5085,1,0,1,0,19263,33.80381,0,1
CA,1989,6,251482,0.0215204,0.533,1,0,1,0,20226,33.75921,0,1
CA,1990,6,258926,0.0200521,0.571,1,0,1,1,21363,33.83672,0,1
CA,1991,6,257976,0.0181722,0.5935,1,0,1,1,21491,33.79849,0,1
CA,1992,6,262548,0.0159666,0.666,1,0,1,1,22191,33.89958,0,1
CA,1993,6,266408,0.0156302,0.813,1,0,1,1,22430,33.98206,0,1
CA,1994,6,271943,0.0155621,0.827,1,0,1,1,22953,34.054,0,1
CA,1995,6,276371,0.015168,0.817,1,1,1,1,23983,34.17737,0,1
CA,1996,6,278043,0.0143467,0.845,1,1,1,1,25142,34.29433,0,1
CA,1997,6,285612,0.0129126,0.852,1,1,1,1,26314,34.48209,0,1
CO,1983,8,24109,0.026795,,0,0,0,0,13460,32.60923,0,0
CO,1984,8,24588,0.0247275,,0,0,0,0,14597,32.79044,0,0
CO,1985,8,26146,0.0221449,,0,0,0,0,15224,32.94546,0,0
CO,1986,8,26382,0.0228565,,0,0,0,0,15571,33.11536,0,0
CO,1987,8,26968,0.0219149,,1,0,1,0,16147,33.29124,0,1
CO,1988,8,27665,0.0179649,,1,0,1,0,16985,33.52192,0,1
CO,1989,8,27577,0.0191101,,1,0,1,0,18110,33.77364,0,1
CO,1990,8,27178,0.0200162,0.5,1,0,1,0,19290,34.01883,0,1
CO,1991,8,27744,0.0195718,0.51,1,0,1,0,20099,34.17677,0,1
CO,1992,8,28927,0.0180454,0.5,1,0,1,0,21005,34.34635,0,1
CO,1993,8,32718,0.0170854,0.53,1,0,1,0,22117,34.55241,0,1
CO,1994,8,33705,0.0173861,0.54,1,0,1,0,23019,34.78416,0,1
CO,1995,8,35058,0.0183981,0.56,1,0,1,0,24304,34.98942,0,1
CO,1996,8,36141,0.017072,0.56,1,0,1,0,25627,35.19139,0,1
CO,1997,8,37746,0.0162401,0.59,1,0,1,0,27015,35.31959,0,1
CT,1983,9,20630,0.0212312,,0,0,0,0,15620,36.03425,0,0
CT,1984,9,21076,0.0222528,,0,0,0,0,17360,36.19124,0,0
CT,1985,9,22152,0.0202239,,0,0,1,0,18531,36.30098,0,0
CT,1986,9,24053,0.0189166,,0,0,1,0,19815,36.35538,1,0
CT,1987,9,26775,0.0167694,,0,0,1,0,21588,36.45135,1,0
CT,1988,9,26062,0.0185711,,0,0,1,0,23699,36.50171,1,0
CT,1989,9,26183,0.0155062,,0,0,1,0,25407,36.57438,1,0
CT,1990,9,26303,0.0146371,0.59,0,0,1,0,26453,36.7701,1,0
CT,1991,9,26628,0.0116419,0.61,1,0,1,0,26721,36.82064,1,0
CT,1992,9,26459,0.0111871,0.71,0,0,1,0,28345,36.9771,1,0
CT,1993,9,27001,0.0126662,0.71,0,0,1,0,29232,37.06562,1,0
CT,1994,9,27138,0.0114231,0.72,0,0,1,0,30310,37.16059,1,0
CT,1995,9,28045,0.0113033,0.72,0,0,1,0,32073,37.27996,1,0
CT,1996,9,28135,0.0110183,0.62,0,0,1,0,33979,37.42757,1,0
CT,1997,9,28552,0.0118731,0.64,0,0,1,0,35863,37.54728,1,0
DC,1983,11,3099,0.0212972,,0,0,0,0,15267,35.72385,0,0
DC,1984,11,3214,0.0199129,,0,0,0,0,16620,35.83573,0,0
DC,1985,11,3223,0.0186162,,0,0,0,0,17531,35.88743,0,0
DC,1986,11,3287,0.0133861,,0,0,1,0,18335,35.89141,0,1
DC,1987,11,3368,0.0157363,,1,0,1,0,19566,35.97664,0,1
DC,1988,11,3405,0.0179148,,1,0,1,0,21782,36.04154,0,1
DC,1989,11,3414,0.0210896,,1,0,1,0,23438,36.1165,0,1
DC,1990,11,3407,0.0140886,0.49,1,0,1,0,25646,36.91365,0,1
DC,1991,11,3430,0.0183673,0.49,1,0,1,0,27028,36.86105,0,1
DC,1992,11,3562,0.0140371,0.59,1,0,1,0,28597,37.04135,0,1
DC,1993,11,3485,0.0163558,0.62,1,0,1,0,29912,37.23086,0,1
DC,1994,11,3448,0.0200116,0.62,1,0,1,0,31212,37.42154,0,1
DC,1995,11,3465,0.0167388,0.63,1,0,1,0,32398,37.65045,0,1
DC,1996,11,3316,0.0186972,0.58,1,0,1,0,34213,38.06775,0,1
DC,1997,11,3326,0.0180397,0.66,1,0,1,0,35704,38.37567,0,1
DE,1983,10,4886,0.0225133,,0,0,1,0,13159,34.22155,0,0
DE,1984,10,5138,0.0253017,,0,0,1,0,14291,34.42247,0,0
DE,1985,10,5365,0.0193849,,0,0,1,0,15451,34.56594,0,0
DE,1986,10,5762,0.0236029,,0,0,1,0,16257,34.70903,0,0
DE,1987,10,6086,0.0239895,,1,0,1,0,17423,34.91209,0,0
DE,1988,10,6404,0.0249844,,1,0,1,0,18878,35.06135,0,0
DE,1989,10,6446,0.0179957,,1,0,1,0,20563,35.17413,0,0
DE,1990,10,6548,0.0210751,0.45,1,0,1,0,21590,35.42389,0,0
DE,1991,10,6721,0.0151763,0.54,1,0,1,0,22241,35.49125,0,0
DE,1992,10,6892,0.0203134,0.7,1,0,1,0,23004,35.65156,0,1
DE,1993,10,6895,0.0159536,0.63,1,0,1,0,23542,35.84438,0,1
DE,1994,10,7025,0.0159431,0.59,1,0,1,0,24465,35.9685,0,1
DE,1995,10,7515,0.0161011,0.63,1,0,1,0,25603,36.24027,0,1
DE,1996,10,7666,0.0151318,0.62,1,0,1,0,27125,36.46009,0,1
DE,1997,10,8007,0.0178594,0.59,1,0,1,0,28493,36.59892,0,1
FL,1983,12,81776,0.0328458,,0,0,0,0,12469,38.51542,0,0
FL,1984,12,85475,0.0329219,,0,0,0,0,13476,38.63661,0,0
FL,1985,12,88056,0.0321614,0.223,0,0,1,0,14367,38.70986,0,0
FL,1986,12,87273,0.0324384,0.3445,0,0,1,0,15102,38.73518,0,0
FL,1987,12,93819,0.0302604,0.5515,1,0,1,0,16001,38.80276,0,1
FL,1988,12,105319,0.0292255,0.471,1,0,1,0,17092,38.8234,0,1
FL,1989,12,108877,0.0274071,0.55,1,0,1,0,18405,38.87442,0,1
FL,1990,12,109997,0.0262825,0.53,1,0,1,0,19127,38.69661,0,1
FL,1991,12,113483,0.0217037,0.5295,1,0,1,0,19451,38.76631,0,1
FL,1992,12,114311,0.0212316,0.558,1,0,1,0,19910,38.83504,0,1
FL,1993,12,120467,0.0218815,0.616,1,0,1,0,21080,38.86478,0,1
FL,1994,12,121989,0.0220266,0.602,1,0,1,1,21761,38.92697,0,1
FL,1995,12,127801,0.0219482,0.59,1,1,1,1,22676,38.99817,0,1
FL,1996,12,130004,0.0211763,0.627,1,1,1,1,23834,39.10277,0,1
FL,1997,12,134007,0.0207825,0.6,1,1,1,1,24799,39.16958,0,1
GA,1983,13,48837,0.0265373,,0,0,0,0,10742,32.93328,0,0
GA,1984,13,50486,0.0279285,,0,0,0,0,12028,33.10339,0,0
GA,1985,13,53713,0.0253384,,0,0,0,0,12928,33.20224,0,0
GA,1986,13,56833,0.026921,,0,0,1,0,13768,33.30277,0,0
GA,1987,13,60293,0.0265205,0.198,0,0,1,0,14562,33.43366,0,0
GA,1988,13,62262,0.0265652,0.278,1,0,1,0,15591,33.50747,0,1
GA,1989,13,75705,0.0215574,0.388,1,0,1,0,16466,33.58587,0,1
GA,1990,13,72746,0.021472,0.417,1,0,1,0,17385,33.85953,0,1
GA,1991,13,73005,0.0190261,0.456,1,0,1,0,17930,33.96189,0,1
GA,1992,13,77904,0.0168797,0.461,1,0,1,0,18888,34.09488,0,1
GA,1993,13,78426,0.0177747,0.572,1,0,1,0,19668,34.17944,0,1
GA,1994,13,82822,0.0172056,0.529,1,0,1,0,20632,34.30395,0,1
GA,1995,13,85384,0.0174272,0.507,1,1,1,0,21696,34.41508,0,1
GA,1996,13,89132,0.017648,0.611,1,1,1,0,22900,34.52568,0,1
GA,1997,13,93317,0.0168994,0.68,1,1,1,1,23882,34.63508,0,1
HI,1983,15,5873,0.0240082,,0,0,0,0,13028,32.71693,0,0
HI,1984,15,6505,0.0212144,,0,0,0,0,13740,32.93847,0,0
HI,1985,15,6762,0.0186335,0.33,0,0,0,0,14494,33.16086,0,0
HI,1986,15,6971,0.0172142,0.726,0,0,1,0,15325,33.48086,1,0
HI,1987,15,7218,0.0192574,0.661,0,0,1,0,16262,33.81618,1,0
HI,1988,15,7419,0.0199488,0.665,0,0,1,0,17815,34.10531,1,0
HI,1989,15,7750,0.0192258,0.7830001,0,0,1,0,19395,34.37186,1,0
HI,1990,15,8066,0.021944,0.805,0,0,1,0,21529,34.87897,1,0
HI,1991,15,8143,0.0165787,0.853,0,0,1,0,22171,34.97968,1,0
HI,1992,15,8066,0.0159931,0.831,0,0,1,0,22906,35.17717,1,0
HI,1993,15,8074,0.0165965,0.8419999,0,0,1,0,23638,35.34814,1,0
HI,1994,15,7935,0.0153749,0.825,0,0,1,0,24090,35.52658,1,0
HI,1995,15,7945,0.0163625,0.799,0,0,1,0,24848,35.76539,1,0
HI,1996,15,8030,0.0184309,0.8,0,0,1,0,25086,36.07124,1,0
HI,1997,15,7947,0.0164842,0.8,0,0,1,1,25598,36.39651,1,0
IA,1983,19,19661,0.0261431,,0,0,0,0,11218,35.41377,0,0
IA,1984,19,20497,0.0204908,,0,0,0,0,12460,35.605,0,0
IA,1985,19,20191,0.0234758,0.18,0,0,0,0,13042,35.81485,0,0
IA,1986,19,20413,0.0216039,0.43,0,0,1,0,13688,36.08493,1,0
IA,1987,19,20808,0.0235967,0.56,1,0,1,0,14511,36.37153,1,0
IA,1988,19,21907,0.0254257,0.55,1,0,1,0,14882,36.56857,1,0
IA,1989,19,22571,0.0227726,0.59,1,0,1,0,16058,36.66882,1,0
IA,1990,19,22993,0.0202235,0.61,1,0,1,0,16885,36.6696,1,0
IA,1991,19,23020,0.021199,0.68,1,0,1,0,17304,36.69196,1,0
IA,1992,19,23926,0.0182646,0.71,1,0,1,0,18368,36.85265,1,0
IA,1993,19,25118,0.0182737,0.73,1,0,1,0,18461,36.93945,1,0
IA,1994,19,25737,0.0185725,0.73,1,0,1,0,19964,37.05333,1,0
IA,1995,19,25987,0.0202794,0.76,1,0,1,0,20412,37.20432,1,0
IA,1996,19,26880,0.0172991,0.75,1,0,1,0,22032,37.29958,1,0
IA,1997,19,27984,0.0167238,0.75,1,0,1,0,23120,37.37587,1,0
ID,1983,16,8287,0.0317365,,0,0,0,0,10122,32.17271,0,0
ID,1984,16,7768,0.0311534,,0,0,0,0,10780,32.36332,0,0
ID,1985,16,7710,0.0330739,0.235,0,0,0,0,11331,32.60078,0,0
ID,1986,16,7781,0.0331577,0.27,0,0,0,0,11663,32.86223,0,1
ID,1987,16,8119,0.0320236,0.32,1,0,1,0,12265,33.19096,0,1
ID,1988,16,8127,0.031623,0.34,1,0,1,0,13108,33.48856,0,1
ID,1989,16,8422,0.0282593,0.33,1,0,1,0,14283,33.70094,0,1
ID,1990,16,9849,0.0247741,0.35,1,0,1,0,15346,33.76305,0,1
ID,1991,16,10318,0.0255864,0.46,1,0,1,0,15664,33.91728,0,1
ID,1992,16,10764,0.0225753,0.53,1,0,1,0,16607,33.99413,0,1
ID,1993,16,11481,0.0200331,0.59,1,0,1,0,17699,34.04111,0,1
ID,1994,16,11652,0.0214555,0.54,1,0,1,0,18186,34.06496,0,1
ID,1995,16,12296,0.0213077,0.5,1,1,1,0,18961,34.20654,0,1
ID,1996,16,12961,0.0199059,0.5,1,1,1,0,19741,34.35408,0,1
ID,1997,16,12880,0.0201087,0.49,1,1,1,1,20392,34.50406,0,1
IL,1983,17,67370,0.022651,,0,0,1,0,13180,34.36077,0,0
IL,1984,17,69910,0.0221285,,0,0,1,0,14547,34.4693,0,0
IL,1985,17,70844,0.0216532,0.159,0,0,1,0,15322,34.60092,0,0
IL,1986,17,74144,0.0215257,0.362,0,0,1,0,16106,34.71236,0,1
IL,1987,17,75756,0.0218333,0.373,1,0,1,0,17066,34.87646,0,1
IL,1988,17,78483,0.0234063,0.395,1,0,1,0,18212,35.03312,0,1
IL,1989,17,81297,0.0215014,0.4,1,0,1,0,19427,35.1508,0,1
IL,1990,17,83334,0.0190678,0.471,1,0,1,0,20494,35.42041,0,1
IL,1991,17,85430,0.0169495,0.504,1,0,1,0,20966,35.41954,0,1
IL,1992,17,87642,0.0157915,0.64,1,0,1,0,22209,35.51555,0,1
IL,1993,17,89693,0.0155196,0.67,1,0,1,0,22895,35.59361,0,1
IL,1994,17,92316,0.0168335,0.683,1,0,1,0,23956,35.62673,0,1
IL,1995,17,94189,0.0168385,0.687,1,0,1,0,25135,35.67132,0,1
IL,1996,17,96730,0.0152693,0.64,1,0,1,0,26393,35.72411,0,1
IL,1997,17,99319,0.0140658,0.642,1,0,1,1,27688,35.78322,0,1
IN,1983,18,39837,0.0255039,,0,0,1,0,11001,34.07998,0,0
IN,1984,18,41074,0.0225203,,0,0,1,0,12199,34.29332,0,0
IN,1985,18,40782,0.0238831,,0,0,1,0,12844,34.49176,0,0
IN,1986,18,40780,0.0254537,0.196,0,0,1,0,13513,34.69555,0,0
IN,1987,18,44122,0.023911,0.367,1,0,1,0,14324,34.89602,0,1
IN,1988,18,51124,0.0214968,0.441,1,0,1,0,15231,35.06287,0,1
IN,1989,18,56192,0.01728,0.461,1,0,1,0,16296,35.15727,0,1
IN,1990,18,53697,0.0195355,0.473,1,0,1,0,17167,35.4417,0,1
IN,1991,18,54266,0.0188332,0.52,1,0,1,0,17624,35.4977,0,1
IN,1992,18,57072,0.0157871,0.56,1,0,1,0,18763,35.65319,0,1
IN,1993,18,60461,0.0149022,0.56,1,0,1,0,19649,35.7684,0,1
IN,1994,18,62108,0.0156341,0.56,1,0,1,0,20734,35.83475,0,1
IN,1995,18,64552,0.0148717,0.64,1,0,1,0,21427,35.93618,0,1
IN,1996,18,66220,0.0148596,0.62,1,0,1,0,22234,36.06285,0,1
IN,1997,18,68620,0.0136258,0.63,1,0,1,0,23202,36.10934,0,1
KS,1983,20,18153,0.0226409,,0,0,0,0,12273,34.97045,0,0
KS,1984,20,18717,0.027248,,0,0,0,0,13421,35.08154,0,0
KS,1985,20,19275,0.025214,0.099,0,0,1,0,14121,35.14977,0,0
KS,1986,20,19826,0.0252194,0.236,0,0,1,0,14703,35.29528,0,1
KS,1987,20,20561,0.0238802,0.423,1,0,1,0,15327,35.36159,0,1
KS,1988,20,21161,0.022825,0.482,1,0,1,0,16040,35.44693,0,1
KS,1989,20,21913,0.0195318,0.52,1,0,1,0,16802,35.47808,0,1
KS,1990,20,22849,0.0194319,0.578,1,0,1,0,17940,35.59708,0,1
KS,1991,20,23186,0.01764,0.635,1,0,1,0,18492,35.60047,0,1
KS,1992,20,24163,0.0160162,0.703,1,0,1,0,19447,35.71392,0,1
KS,1993,20,24115,0.0177483,0.7,1,0,1,1,20048,35.7961,0,1
KS,1994,20,24678,0.0179107,0.7,1,0,1,1,20638,35.86905,0,1
KS,1995,20,25153,0.0175725,0.54,1,1,1,1,21481,36.01546,0,1
KS,1996,20,25942,0.0188883,0.54,1,1,1,1,22707,36.13588,0,1
KS,1997,20,26524,0.0181722,0.56,1,1,1,1,23972,36.16293,0,1
KY,1983,21,26719,0.0291179,0.06,0,0,1,0,9696,34.01682,0,0
KY,1984,21,27951,0.0269758,0.07,0,0,1,0,10838,34.19585,0,0
KY,1985,21,28520,0.0249649,0.09,0,0,1,0,11278,34.39881,0,0
KY,1986,21,29252,0.0275195,0.13,0,0,1,0,11715,34.62644,0,0
KY,1987,21,30320,0.0278364,0.21,1,0,1,0,12441,34.87771,0,0
KY,1988,21,31614,0.0265072,,1,0,1,0,13187,35.1283,0,0
KY,1989,21,32165,0.0240012,0.26,1,0,1,0,14204,35.33684,0,0
KY,1990,21,33639,0.0252386,0.32,1,0,1,0,15085,35.59314,0,0
KY,1991,21,35213,0.0234572,0.39,1,0,1,0,15719,35.66816,0,0
KY,1992,21,38062,0.0214124,0.41,1,0,1,0,16677,35.79183,0,0
KY,1993,21,39598,0.0219961,0.42,1,0,1,0,17207,35.91676,0,0
KY,1994,21,39822,0.0195369,0.58,1,0,1,0,17872,35.99733,0,1
KY,1995,21,41095,0.0206594,0.54,1,0,1,0,18601,36.15645,0,1
KY,1996,21,42586,0.0197718,0.55,1,0,1,0,19475,36.31981,0,1
KY,1997,21,44762,0.0191457,0.54,1,0,1,0,20570,36.36817,0,1
LA,1983,22,27573,0.0338374,,0,0,0,0,10724,32.13996,0,0
LA,1984,22,31588,0.0304229,,0,0,0,0,11421,32.27105,0,0
LA,1985,22,33365,0.0279035,,0,0,0,0,11876,32.40501,0,0
LA,1986,22,29861,0.0312113,0.12,0,0,0,0,11802,32.64546,0,0
LA,1987,22,30599,0.0269943,0.35,1,0,1,0,12010,32.88427,0,1
LA,1988,22,34682,0.0266709,0.36,1,0,1,0,12829,33.09141,0,1
LA,1989,22,37914,0.0231577,0.41,1,0,1,0,13620,33.34373,0,1
LA,1990,22,37667,0.02546,0.43,1,0,1,0,14773,33.88932,0,1
LA,1991,22,34710,0.0248343,0.42,1,0,1,0,15593,33.91446,0,1
LA,1992,22,33853,0.026172,0.5,1,0,1,0,16381,34.04681,0,1
LA,1993,22,36351,0.0241534,0.48,1,0,1,0,17133,34.21114,0,1
LA,1994,22,37430,0.022522,0.5,1,0,1,0,18086,34.33136,0,1
LA,1995,22,38647,0.0231325,0.59,1,0,1,0,18826,34.49894,0,1
LA,1996,22,38095,0.0236776,0.63,1,0,1,0,19609,34.71262,0,1
LA,1997,22,38840,0.0239701,0.67,1,0,1,0,20458,34.90413,0,1
MA,1983,25,37541,0.017341,,0,0,0,0,14009,35.90611,0,0
MA,1984,25,38540,0.0172807,,0,0,0,0,15703,36.01558,0,0
MA,1985,25,39696,0.0186921,0.2,0,0,1,0,16842,36.08628,0,0
MA,1986,25,40745,0.0184563,0.35,0,0,1,0,18100,36.13642,0,0
MA,1987,25,42305,0.0162865,0.26,0,0,1,0,19600,36.20315,0,0
MA,1988,25,43334,0.0167305,,0,0,1,0,21417,36.25172,0,0
MA,1989,25,46214,0.0150604,0.29,0,0,1,0,22634,36.26585,0,0
MA,1990,25,46130,0.0131151,0.3,0,0,1,0,23210,36.46203,0,0
MA,1991,25,46537,0.0118615,0.36,1,0,1,0,23590,36.5425,0,0
MA,1992,25,47348,0.0102433,0.34,1,0,1,0,24538,36.7324,0,0
MA,1993,25,46684,0.0101748,0.34,1,0,1,0,25333,36.84069,0,0
MA,1994,25,46990,0.0093637,0.52,1,0,1,0,26433,36.95366,0,1
MA,1995,25,48053,0.0092398,0.53,1,0,1,0,28097,37.09949,0,1
MA,1996,25,49956,0.0083273,0.54,1,0,1,0,29591,37.25541,0,1
MA,1997,25,50468,0.0087382,0.53,1,0,1,0,31239,37.38256,0,1
MD,1983,24,30618,0.0214253,,0,0,1,0,13852,34.26184,0,0
MD,1984,24,31702,0.0202826,,0,0,1,0,15279,34.40427,0,0
MD,1985,24,33337,0.0218676,0.18,0,0,1,0,16454,34.54469,0,0
MD,1986,24,35208,0.0222677,0.55,0,0,1,0,17461,34.63836,0,1
MD,1987,24,36493,0.0223056,0.56,1,0,1,0,18665,34.72748,0,1
MD,1988,24,37498,0.0208278,0.57,1,0,1,0,20079,34.75936,0,1
MD,1989,24,38922,0.0186527,0.62,1,0,1,0,21469,34.82172,0,1
MD,1990,24,40536,0.0174413,0.65,1,0,1,0,22482,35.0643,0,1
MD,1991,24,41349,0.016784,0.67,1,0,1,0,22877,35.12738,0,1
MD,1992,24,41896,0.0157294,0.67,1,0,1,0,23548,35.29245,0,1
MD,1993,24,43311,0.0153772,0.7,1,0,1,0,24283,35.4098,0,1
MD,1994,24,44165,0.0147402,0.7,1,0,1,0,25329,35.5534,0,1
MD,1995,24,44882,0.0149503,0.7,1,0,1,0,26141,35.67639,0,1
MD,1996,24,46187,0.0131639,0.7,1,0,1,0,27298,35.89209,0,1
MD,1997,24,46609,0.0131091,0.71,1,0,1,0,28674,35.99752,0,1
ME,1983,23,7924,0.0282686,,0,0,0,0,10431,35.13855,0,0
ME,1984,23,9345,0.0248261,,0,0,0,0,11500,35.31763,0,0
ME,1985,23,9277,0.0222055,,0,0,1,0,12301,35.45527,0,0
ME,1986,23,10022,0.021353,,0,0,1,0,13272,35.58823,0,0
ME,1987,23,10766,0.0215493,,1,0,1,0,14392,35.73558,0,0
ME,1988,23,11401,0.0224542,,1,0,1,1,15537,35.83999,0,0
ME,1989,23,11739,0.0165261,,1,0,1,1,16618,35.93143,0,0
ME,1990,23,11871,0.0179429,0.35,1,0,1,1,17159,36.07067,0,0
ME,1991,23,11849,0.017301,0.36,1,0,1,1,17300,36.17969,0,0
ME,1992,23,12151,0.0176117,0.36,1,0,1,1,18008,36.43003,0,0
ME,1993,23,12182,0.0151863,0.36,1,0,1,1,18463,36.62063,0,0
ME,1994,23,12469,0.0150774,0.36,1,0,1,1,19190,36.82917,0,0
ME,1995,23,12589,0.0148542,0.5,1,0,1,1,19995,37.07216,0,0
ME,1996,23,12819,0.0131836,0.5,1,0,1,1,20948,37.31929,0,1
ME,1997,23,13245,0.014496,0.61,1,0,1,1,21937,37.59044,0,1
MI,1983,26,60855,0.0215923,,0,0,1,0,12143,33.73695,0,0
MI,1984,26,63470,0.0241216,0.195,0,0,1,0,13460,33.97589,0,0
MI,1985,26,67402,0.0229222,0.26,0,0,1,0,14540,34.16785,0,0
MI,1986,26,71981,0.0222975,0.463,0,0,1,0,15338,34.33911,0,1
MI,1987,26,75706,0.0211608,0.4645,1,0,1,0,15899,34.51496,0,1
MI,1988,26,77899,0.0219258,0.48,1,0,1,0,16950,34.65726,0,1
MI,1989,26,79890,0.0205157,0.467,1,0,1,0,17987,34.7706,0,1
MI,1990,26,81091,0.0193733,0.517,1,0,1,0,18699,34.96533,0,1
MI,1991,26,81935,0.017343,0.64,1,0,1,0,19022,35.04849,0,1
MI,1992,26,84219,0.0154359,0.554,1,0,1,0,19861,35.2481,0,1
MI,1993,26,85686,0.0165021,0.64,1,0,1,0,20939,35.3885,0,1
MI,1994,26,85183,0.0166817,0.636,1,0,1,0,22338,35.55834,0,1
MI,1995,26,85703,0.0178524,0.656,1,0,1,0,23407,35.70993,0,1
MI,1996,26,90215,0.0166824,0.672,1,0,1,0,23996,35.875,0,1
MI,1997,26,91755,0.0157594,0.681,1,0,1,0,24956,35.99913,0,1
MN,1983,27,31063,0.0178669,,0,0,0,0,12310,34.21225,0,0
MN,1984,27,31826,0.0182869,,0,0,0,0,13975,34.37519,0,0
MN,1985,27,32688,0.0186001,0.2,0,0,0,0,14756,34.49311,0,0
MN,1986,27,33806,0.0168905,0.33,0,0,1,0,15526,34.62694,0,1
MN,1987,27,35167,0.0150709,0.32,1,0,1,0,16479,34.76574,0,1
MN,1988,27,36447,0.0167915,0.47,1,0,1,0,17115,34.83434,0,1
MN,1989,27,37393,0.0161528,0.44,1,0,1,0,18404,34.89288,0,1
MN,1990,27,38946,0.0145329,0.47,1,0,1,0,19348,35.0013,0,1
MN,1991,27,39254,0.0135273,0.53,1,0,1,0,19845,35.073,0,1
MN,1992,27,41162,0.014115,0.51,1,0,1,0,21126,35.17264,0,1
MN,1993,27,42214,0.0127446,0.55,1,0,1,0,21488,35.28432,0,1
MN,1994,27,43317,0.0149133,0.57,1,0,1,0,22802,35.40265,0,1
MN,1995,27,44072,0.013546,0.65,1,0,1,0,23736,35.54665,0,1
MN,1996,27,44465,0.012954,0.64,1,0,1,0,25235,35.68921,0,1
MN,1997,27,48350,0.0124095,0.65,1,0,1,0,26243,35.77662,0,1
MO,1983,29,36543,0.0249295,,0,0,1,0,11647,35.47117,0,0
MO,1984,29,38535,0.0250941,,0,0,1,0,12860,35.54535,0,0
MO,1985,29,39284,0.0236992,,0,0,1,0,13737,35.62745,0,0
MO,1986,29,41571,0.0271584,,0,0,1,0,14383,35.72844,0,1
MO,1987,29,43379,0.02409,,1,0,1,0,15084,35.85146,0,1
MO,1988,29,45573,0.0242029,,1,0,1,0,15909,35.9502,0,1
MO,1989,29,48087,0.021877,,1,0,1,0,16961,36.05951,0,1
MO,1990,29,50883,0.0215593,0.54,1,0,1,0,17639,36.20201,0,1
MO,1991,29,40982,0.0246694,0.54,1,0,1,0,18305,36.21761,0,1
MO,1992,29,53254,0.0184963,0.7,1,0,1,0,19120,36.30175,0,1
MO,1993,29,54821,0.0172744,0.7,1,0,1,0,19632,36.35517,0,1
MO,1994,29,57288,0.0190092,0.68,1,0,1,0,20576,36.43617,0,1
MO,1995,29,59347,0.0186867,0.71,1,1,1,0,21540,36.49969,0,1
MO,1996,29,61162,0.0187535,0.62,1,1,1,0,22586,36.53993,0,1
MO,1997,29,62980,0.0189266,0.62,1,1,1,0,23629,36.5948,0,1
MS,1983,28,17802,0.040164,,0,0,0,0,8372,32.99812,0,0
MS,1984,28,18442,0.0368181,,0,0,0,0,9122,33.11409,0,0
MS,1985,28,19130,0.0346053,,0,0,0,0,9545,33.22182,0,0
MS,1986,28,19226,0.0401019,,0,0,1,0,9898,33.39319,0,0
MS,1987,28,20173,0.0374758,,1,0,1,0,10484,33.64208,0,0
MS,1988,28,22043,0.0327542,,1,0,1,0,11236,33.88824,0,0
MS,1989,28,22895,0.0317537,,1,0,1,0,11996,34.10622,0,0
MS,1990,28,24398,0.0307402,0.23,1,0,1,0,12706,34.45669,0,1
MS,1991,28,24897,0.0286782,0.32,1,0,1,0,13376,34.47629,0,1
MS,1992,28,26239,0.0291932,0.24,1,0,1,0,14163,34.5176,0,1
MS,1993,28,26864,0.0302636,0.25,1,0,1,0,14900,34.5916,0,1
MS,1994,28,28548,0.0277077,0.433,1,0,1,0,15886,34.66539,0,1
MS,1995,28,29559,0.029365,0.46,1,1,1,0,16574,34.80508,0,1
MS,1996,28,30562,0.0265362,0.4599,1,1,1,0,17398,34.9623,0,1
MS,1997,28,31519,0.0273169,0.4823,1,1,1,0,18098,35.07288,0,1
MT,1983,30,7181,0.0398273,,0,0,0,0,10654,33.70046,0,0
MT,1984,30,7386,0.0322231,0.168,0,0,0,0,11252,33.84919,0,0
MT,1985,30,7572,0.0294506,0.217,0,0,0,0,11486,34.01178,0,0
MT,1986,30,7737,0.0286933,0.295,0,0,0,0,12120,34.32669,0,0
MT,1987,30,8074,0.0289819,0.3965,1,0,1,0,12619,34.65988,0,0
MT,1988,30,8138,0.0243303,0.5945,1,0,1,0,12954,35.00442,0,1
MT,1989,30,8250,0.0219394,0.618,1,0,1,0,14193,35.28573,0,1
MT,1990,30,8332,0.0254441,0.626,1,0,1,0,15038,35.46714,0,1
MT,1991,30,8314,0.0240558,0.6445,1,0,1,0,15947,35.60186,0,1
MT,1992,30,8525,0.022522,0.6803,1,0,1,0,16541,35.67782,0,1
MT,1993,30,8707,0.0223958,0.692,1,0,1,0,17571,35.78074,0,1
MT,1994,30,9116,0.0221588,0.6958,1,0,1,0,17590,35.96219,0,1
MT,1995,30,9399,0.0228748,0.7008,1,0,1,0,18286,36.24869,0,1
MT,1996,30,9446,0.021173,0.708,1,0,1,0,18872,36.5378,0,1
MT,1997,30,9392,0.0282155,0.7255,1,0,1,0,19660,36.82977,0,1
NC,1983,37,45038,0.0273991,,0,0,0,0,10172,34.21531,0,0
NC,1984,37,48182,0.0300942,,0,0,0,0,11363,34.44894,0,0
NC,1985,37,49923,0.0296857,0.26,0,0,0,0,12136,34.6348,0,0
NC,1986,37,52866,0.0311542,0.42,0,0,1,0,12900,34.81873,1,0
NC,1987,37,54600,0.029011,0.78,1,0,1,0,13717,35.0198,1,0
NC,1988,37,57943,0.0271474,0.63,1,0,1,0,14810,35.18054,1,0
NC,1989,37,60877,0.0241635,0.61,1,0,1,0,15827,35.32871,1,0
NC,1990,37,62707,0.0220868,0.58,1,0,1,0,16649,35.51917,1,0
NC,1991,37,64883,0.0210995,0.61,1,0,1,0,17115,35.63745,1,0
NC,1992,37,67538,0.0187302,0.62,1,0,1,0,18230,35.76171,1,0
NC,1993,37,69493,0.0199876,0.63,1,0,1,1,19137,35.87254,1,0
NC,1994,37,71928,0.0198949,0.79,1,0,1,1,19920,35.97425,1,0
NC,1995,37,76053,0.0190394,0.8,1,0,1,1,20996,36.09945,1,0
NC,1996,37,78935,0.018927,0.8,1,0,1,1,22053,36.20906,1,0
NC,1997,37,81893,0.018109,0.85,1,0,1,1,23168,36.27514,1,0
ND,1983,38,5363,0.0216297,,0,0,1,0,11100,33.74757,0,0
ND,1984,38,5377,0.0185977,,0,0,1,0,11871,33.84547,0,0
ND,1985,38,5387,0.0167069,,0,0,1,0,12314,34.03305,0,0
ND,1986,38,5632,0.0177557,,0,0,1,0,12625,34.29162,0,0
ND,1987,38,5681,0.0177786,,1,0,1,0,13037,34.55362,0,0
ND,1988,38,5765,0.0180399,,1,0,1,0,12142,34.89032,0,0
ND,1989,38,5849,0.0138485,,1,0,1,0,13669,35.1776,0,1
ND,1990,38,5910,0.0189509,0.28,1,0,1,0,15264,35.62973,0,0
ND,1991,38,5951,0.0157957,0.3,1,0,1,0,15479,35.69639,0,0
ND,1992,38,6072,0.0144928,0.3,1,0,1,0,16866,35.86979,0,0
ND,1993,38,6158,0.0144527,0.3,1,0,1,0,17040,36.00231,0,0
ND,1994,38,6338,0.0138845,0.32,1,0,1,0,18156,36.14896,0,0
ND,1995,38,6545,0.0113063,0.42,1,0,1,0,18149,36.34026,0,1
ND,1996,38,6741,0.0126094,0.43,1,0,1,0,20197,36.55767,0,1
ND,1997,38,7123,0.014741,0.49,1,0,1,0,20103,36.71871,0,1
NE,1983,31,11534,0.0221085,0.11,0,0,0,0,11401,34.85776,0,0
NE,1984,31,11968,0.0238135,0.15,0,0,0,0,12658,34.96073,0,0
NE,1985,31,12054,0.0196615,0.45,0,0,1,0,13392,35.07484,0,0
NE,1986,31,12630,0.0229612,0.38,0,0,1,0,13875,35.23401,0,0
NE,1987,31,13091,0.0226873,0.29,1,0,1,0,14634,35.41465,0,0
NE,1988,31,13407,0.0194674,0.31,1,0,1,0,15511,35.54836,0,0
NE,1989,31,13781,0.0214788,0.32,1,0,1,0,16371,35.62092,0,0
NE,1990,31,13958,0.0187706,0.33,1,0,1,0,17536,35.68227,0,0
NE,1991,31,14095,0.0195105,0.32,1,0,1,0,18012,35.69535,0,0
NE,1992,31,14621,0.0183982,0.33,1,0,1,0,19157,35.82565,0,0
NE,1993,31,14777,0.0171889,0.54,1,0,1,0,19714,35.90143,0,1
NE,1994,31,15466,0.0175223,0.63,1,0,1,0,20365,35.97546,0,1
NE,1995,31,15807,0.0160688,0.64,1,1,1,0,21029,36.08698,0,1
NE,1996,31,16238,0.0180441,0.65,1,1,1,0,22847,36.17398,0,1
NE,1997,31,17077,0.0176846,0.63,1,1,1,0,23618,36.22448,0,1
NH,1983,33,7181,0.026598,,0,0,0,0,13011,34.50314,0,0
NH,1984,33,7294,0.026323,,0,0,0,0,14518,34.63435,0,0
NH,1985,33,7538,0.0253383,,0,0,1,0,15842,34.74156,0,0
NH,1986,33,7913,0.0217364,0.263,0,0,1,0,17033,34.74734,0,0
NH,1987,33,9167,0.0195266,0.2734,1,0,1,0,18362,34.79731,0,0
NH,1988,33,9507,0.0174608,0.3716,1,0,1,0,19733,34.74615,0,0
NH,1989,33,9819,0.0190447,0.5047,1,0,1,0,20559,34.73483,0,0
NH,1990,33,9844,0.0160504,0.5174,1,0,1,0,20728,34.96724,0,0
NH,1991,33,9935,0.0144942,0.486,1,0,1,0,21390,35.07248,0,0
NH,1992,33,10067,0.0121188,0.497,1,0,1,0,22234,35.24675,0,0
NH,1993,33,10342,0.0116999,0.5057,1,0,1,0,22710,35.41043,0,0
NH,1994,33,10501,0.0113323,0.537,1,0,1,1,24119,35.56836,0,0
NH,1995,33,10643,0.0110871,0.5703,1,0,1,1,25313,35.77237,0,0
NH,1996,33,10987,0.0121962,0.5603,1,0,1,1,26418,35.97538,0,0
NH,1997,33,11202,0.0111587,0.577,1,0,1,1,27766,36.13079,0,0
NJ,1983,34,52217,0.0178486,,0,0,1,0,15080,35.97065,0,0
NJ,1984,34,52312,0.017625,0.18,0,0,1,0,16680,36.09489,0,0
NJ,1985,34,53108,0.0181517,0.4,0,0,1,0,17807,36.21274,0,1
NJ,1986,34,55350,0.0187715,0.353,0,0,1,0,18900,36.28624,0,1
NJ,1987,34,57071,0.017925,0.351,0,0,1,0,20391,36.37607,0,1
NJ,1988,34,58725,0.017897,0.414,0,0,1,0,22302,36.43306,0,1
NJ,1989,34,59898,0.0148753,0.441,0,0,1,0,23751,36.48288,0,1
NJ,1990,34,58923,0.0150366,0.504,0,0,1,0,24883,36.63531,0,1
NJ,1991,34,59289,0.0132065,0.526,0,0,1,0,25328,36.66513,0,1
NJ,1992,34,59410,0.012843,0.7130001,0,0,1,0,26749,36.75087,0,1
NJ,1993,34,59726,0.0132103,0.642,0,0,1,0,27457,36.79403,0,1
NJ,1994,34,60466,0.0125856,0.61,0,0,1,0,28333,36.8207,0,1
NJ,1995,34,61012,0.012686,0.607,0,0,1,0,29568,36.88559,0,1
NJ,1996,34,62334,0.0130587,0.603,0,0,1,0,30892,36.99505,0,1
NJ,1997,34,63308,0.0122417,0.62,0,0,1,0,32356,37.10777,0,1
NM,1983,35,11678,0.0454701,,0,0,1,0,10072,31.99306,0,0
NM,1984,35,12432,0.0399775,,0,0,1,0,10861,32.15181,0,0
NM,1985,35,13269,0.0403195,,0,0,1,0,11592,32.35085,0,0
NM,1986,35,13171,0.0378863,,0,0,1,0,11820,32.55932,1,0
NM,1987,35,15116,0.0375761,,1,0,1,0,12257,32.7751,1,0
NM,1988,35,15283,0.0318655,,1,0,1,0,12865,32.95023,1,0
NM,1989,35,15839,0.0339668,,1,0,1,0,13619,33.18147,1,0
NM,1990,35,16148,0.0309017,0.59,1,0,1,0,14480,33.48713,1,0
NM,1991,35,16773,0.0279616,0.67,1,0,1,0,15069,33.59814,1,0
NM,1992,35,18452,0.0249295,0.66,1,0,1,0,15762,33.74029,1,0
NM,1993,35,18945,0.0227501,0.75,1,0,1,0,16559,33.79538,1,0
NM,1994,35,20480,0.0218262,0.79,1,0,1,1,17150,33.95294,1,0
NM,1995,35,21147,0.0229347,0.86,1,1,1,1,18029,34.13266,1,0
NM,1996,35,21510,0.0225477,0.85,1,1,1,1,18634,34.37305,1,0
NM,1997,35,21937,0.0220632,0.87,1,1,1,1,19298,34.53826,1,0
NV,1983,32,6872,0.0368161,,0,0,1,0,13151,33.61051,0,0
NV,1984,32,7332,0.0339607,,0,0,1,0,14100,33.93559,0,0
NV,1985,32,7566,0.0342321,,0,0,1,0,14920,34.1625,0,0
NV,1986,32,7986,0.0291761,0.208,0,0,1,0,15635,34.3875,0,0
NV,1987,32,8396,0.0312053,0.344,1,0,1,0,16422,34.55044,0,1
NV,1988,32,8989,0.0318167,0.314,1,0,1,0,17688,34.64849,0,1
NV,1989,32,9408,0.0327381,,1,0,1,0,19084,34.82479,0,1
NV,1990,32,10215,0.0335781,0.38,1,0,1,0,20209,34.82133,0,1
NV,1991,32,10510,0.0283539,0.638,1,0,1,0,20596,35.12127,0,1
NV,1992,32,10897,0.0233092,0.633,1,0,1,0,21730,35.39177,0,1
NV,1993,32,11624,0.0226256,0.699,1,0,1,0,22388,35.46874,0,1
NV,1994,32,13019,0.0225824,0.707,1,0,1,0,23391,35.54737,0,1
NV,1995,32,13974,0.0223987,0.71,1,1,1,0,24541,35.65464,0,1
NV,1996,32,14158,0.0245797,0.701,1,1,1,0,25877,35.71119,0,1
NV,1997,32,16309,0.0212766,0.701,1,1,1,0,26514,35.72542,0,1
NY,1983,36,83783,0.0247902,,0,0,0,0,14038,35.73841,0,0
NY,1984,36,87268,0.0236054,0.16,0,0,0,0,15615,35.81261,0,0
NY,1985,36,90518,0.0221613,0.515,0,0,1,0,16613,35.88109,1,0
NY,1986,36,94716,0.0223933,0.48,0,0,1,0,17709,35.95085,1,0
NY,1987,36,98002,0.0238669,0.64,0,0,1,0,18871,36.03766,1,0
NY,1988,36,103692,0.0217567,0.59,0,0,1,0,20433,36.07808,1,0
NY,1989,36,106059,0.0213089,0.6,0,0,1,0,21820,36.11018,1,0
NY,1990,36,106902,0.0207386,0.63,0,0,1,0,23106,36.26569,1,0
NY,1991,36,107661,0.0186511,0.67,0,0,1,0,23600,36.23967,1,0
NY,1992,36,109881,0.0165179,0.69,0,0,1,0,24801,36.30256,1,0
NY,1993,36,112240,0.015948,0.72,0,0,1,0,25373,36.35571,1,0
NY,1994,36,112970,0.0148535,0.72,0,0,1,0,26242,36.41601,1,0
NY,1995,36,115091,0.0145885,0.72,1,0,1,0,27587,36.52503,1,0
NY,1996,36,118641,0.0134186,0.74,1,0,1,0,29015,36.64091,1,0
NY,1997,36,120778,0.013678,0.74,1,0,1,0,30250,36.78652,1,0
OH,1983,39,73214,0.0216079,0.13,0,0,0,0,11850,34.55674,0,0
OH,1984,39,74895,0.0219774,0.15,0,0,0,0,13077,34.7169,0,0
OH,1985,39,75549,0.0217872,0.19,0,0,0,0,13843,34.89363,0,0
OH,1986,39,81348,0.020566,0.49,0,0,0,0,14458,35.07521,0,1
OH,1987,39,79157,0.0223859,0.41,1,0,1,0,15156,35.26473,0,1
OH,1988,39,81990,0.0213197,0.39,1,0,1,0,16187,35.40693,0,1
OH,1989,39,84418,0.0209908,0.43,1,0,1,0,17203,35.52404,0,1
OH,1990,39,86972,0.0188336,0.465,1,0,1,0,18116,35.78138,0,1
OH,1991,39,93002,0.017591,0.53,1,0,1,0,18589,35.83456,0,1
OH,1992,39,95221,0.0151122,0.58,1,0,1,0,19482,35.96465,0,1
OH,1993,39,96992,0.0152384,0.617,1,0,1,0,20228,36.09631,0,1
OH,1994,39,98200,0.0139511,0.621,1,0,1,0,21237,36.20414,0,1
OH,1995,39,100788,0.0134937,0.627,1,0,1,0,22217,36.35731,0,1
OH,1996,39,103090,0.0134931,0.624,1,0,1,0,23054,36.49838,0,1
OH,1997,39,103675,0.0138896,0.652,1,0,1,0,24163,36.58474,0,1
OK,1983,40,29565,0.0286826,,0,0,1,0,11517,34.35067,0,0
OK,1984,40,30981,0.0257254,,0,0,1,0,12378,34.44986,0,0
OK,1985,40,31181,0.0238607,,0,0,1,0,12894,34.57436,0,0
OK,1986,40,30833,0.0226381,0.161,0,0,1,0,12918,34.76661,0,0
OK,1987,40,31606,0.0188888,0.3515,1,0,1,0,13068,34.95862,0,1
OK,1988,40,32388,0.0196987,0.32,1,0,1,0,13833,35.21893,0,1
OK,1989,40,32836,0.0197344,0.305,1,0,1,0,14691,35.50052,0,1
OK,1990,40,33081,0.0193767,0.336,1,0,1,0,15613,35.69559,0,1
OK,1991,40,34240,0.0190421,0.37,1,0,1,0,16100,35.74194,0,1
OK,1992,40,35119,0.0174549,0.442,1,0,1,0,16832,35.83285,0,1
OK,1993,40,35529,0.018886,0.466,1,0,1,0,17419,35.91766,0,1
OK,1994,40,36980,0.0185776,0.45,1,0,1,0,17984,36.00317,0,1
OK,1995,40,38489,0.0173816,0.464,1,1,1,0,18544,36.11529,0,1
OK,1996,40,39427,0.0195805,0.475,1,1,1,0,19342,36.25351,0,1
OK,1997,40,41400,0.0202415,0.474,1,1,1,0,20305,36.35049,0,1
OR,1983,41,20557,0.0267549,,0,0,1,1,11451,34.81085,0,0
OR,1984,41,20943,0.0273122,,0,0,1,1,12409,35.05972,0,0
OR,1985,41,21458,0.0260509,,0,0,1,1,13065,35.29336,0,0
OR,1986,41,22741,0.0272196,,0,0,1,1,13657,35.54237,0,0
OR,1987,41,23332,0.0265301,,1,0,1,1,14282,35.80247,0,0
OR,1988,41,25204,0.0268608,0.47,1,0,1,1,15313,36.00641,1,0
OR,1989,41,25820,0.0242448,0.48,1,0,1,1,16387,36.11449,0,0
OR,1990,41,26738,0.0216546,0.5,1,0,1,1,17423,35.9911,0,0
OR,1991,41,25762,0.0187097,0.7,1,0,1,1,17895,36.12591,1,0
OR,1992,41,27926,0.016866,0.75,1,0,1,1,18678,36.27373,1,0
OR,1993,41,28352,0.0184467,0.8,1,0,1,1,19518,36.45624,1,0
OR,1994,41,29453,0.0167725,0.81,1,0,1,1,20508,36.57107,1,0
OR,1995,41,30034,0.0191117,0.83,1,0,1,1,21618,36.6996,1,0
OR,1996,41,30319,0.0173489,0.83,1,0,1,1,22894,36.85196,1,0
OR,1997,41,32268,0.016239,0.85,1,0,1,1,23920,36.93308,1,0
PA,1983,42,72302,0.0238029,,0,0,1,0,12199,36.46726,0,0
PA,1984,42,74297,0.0232445,,0,0,1,0,13200,36.64323,0,0
PA,1985,42,75428,0.0234793,,0,0,1,0,14104,36.82594,0,0
PA,1986,42,77636,0.0243959,,0,0,1,0,14845,36.94431,0,0
PA,1987,42,78626,0.0252715,,0,0,1,0,15765,37.09253,0,0
PA,1988,42,81238,0.0237697,,0,0,1,0,16927,37.2021,0,1
PA,1989,42,83855,0.0223839,0.495,0,0,1,0,18264,37.30455,0,1
PA,1990,42,85708,0.0192047,0.531,0,0,1,0,19371,37.40253,0,1
PA,1991,42,87282,0.0190303,0.604,0,0,1,0,19975,37.44606,0,1
PA,1992,42,89200,0.0173206,0.63,0,0,1,0,20950,37.5555,0,1
PA,1993,42,90706,0.0168567,0.675,0,0,1,0,21635,37.65277,0,1
PA,1994,42,92347,0.0156042,0.71,0,0,1,0,22343,37.7525,0,1
PA,1995,42,94520,0.0156581,0.71,1,0,1,0,23268,37.89829,0,1
PA,1996,42,96646,0.0151998,0.65,1,0,1,0,24533,38.07518,0,1
PA,1997,42,98015,0.0158853,0.647,1,0,1,0,25670,38.19385,0,1
RI,1983,44,6014,0.0166279,,0,0,0,0,12293,36.4482,0,0
RI,1984,44,5300,0.0149057,,0,0,1,0,13540,36.58319,0,0
RI,1985,44,5823,0.0187189,,0,0,1,0,14403,36.65831,0,0
RI,1986,44,5429,0.0228403,,0,0,1,0,15331,36.71141,0,0
RI,1987,44,6003,0.0188239,,0,0,1,0,16412,36.73763,0,0
RI,1988,44,5853,0.0213566,,0,0,1,0,17900,36.77792,0,0
RI,1989,44,6740,0.0148368,,0,0,1,0,19184,36.83857,0,0
RI,1990,44,7024,0.011959,0.29,0,0,1,0,19698,36.97349,0,0
RI,1991,44,7152,0.0123043,0.28,0,0,1,0,19982,36.97094,0,0
RI,1992,44,7676,0.0102918,0.32,0,0,1,0,20819,37.09748,0,1
RI,1993,44,7227,0.0102394,0.32,0,0,1,0,21735,37.14618,0,1
RI,1994,44,7095,0.0088795,0.58,0,0,1,0,22315,37.28884,0,1
RI,1995,44,6896,0.0100058,0.58,1,0,1,0,23520,37.45345,0,1
RI,1996,44,7120,0.009691,0.58,1,0,1,0,24356,37.66213,0,1
RI,1997,44,7071,0.0106067,0.58,1,0,1,0,25667,37.73576,0,1
SC,1983,45,24977,0.0337911,,0,0,0,0,9517,32.9519,0,0
SC,1984,45,25971,0.0352701,,0,0,0,0,10518,33.17356,0,0
SC,1985,45,26677,0.0356487,0.128,0,0,0,0,11206,33.42841,0,0
SC,1986,45,28250,0.0374867,,0,0,1,0,11774,33.60272,0,0
SC,1987,45,30224,0.0359317,,1,0,1,0,12522,33.84249,0,0
SC,1988,45,31759,0.0324632,,1,0,1,0,13468,34.04273,0,0
SC,1989,45,32780,0.0303844,,1,0,1,0,14180,34.21725,0,0
SC,1990,45,34376,0.0284792,0.49,1,0,1,0,15427,34.60175,0,1
SC,1991,45,34456,0.02583,0.495,1,0,1,0,15710,34.72511,0,1
SC,1992,45,35049,0.0230249,0.54,1,0,1,0,16410,34.94807,0,1
SC,1993,45,36125,0.0234187,0.587,1,0,1,0,17091,35.17385,0,1
SC,1994,45,37245,0.0227413,0.64,1,0,1,0,17914,35.38049,0,1
SC,1995,45,38724,0.0227507,0.64,1,0,1,0,18789,35.64164,0,1
SC,1996,45,39756,0.0233927,0.61,1,0,1,0,19651,35.86225,0,1
SC,1997,45,41333,0.021847,0.61,1,0,1,0,20508,36.0674,0,1
SD,1983,46,6317,0.027703,,0,0,0,0,9782,34.54647,0,0
SD,1984,46,6401,0.0223403,,0,0,0,0,11117,34.63226,0,0
SD,1985,46,6277,0.0207105,,0,0,0,0,11440,34.74252,0,0
SD,1986,46,6238,0.0214812,,0,0,0,0,12012,34.88389,0,0
SD,1987,46,6209,0.0215816,,1,0,1,0,12683,35.06384,0,0
SD,1988,46,6634,0.0221586,,1,0,1,0,13183,35.21753,0,0
SD,1989,46,6704,0.022673,0.26,1,0,1,0,14038,35.35497,0,0
SD,1990,46,6989,0.0218915,0.26,1,0,1,0,15488,35.47572,0,0
SD,1991,46,6711,0.0213083,0.33,1,0,1,0,16014,35.49125,0,0
SD,1992,46,7218,0.0223053,0.42,1,0,1,0,17055,35.45702,0,0
SD,1993,46,7413,0.0188857,0.26,1,0,1,0,17600,35.54105,0,0
SD,1994,46,7631,0.0201808,0.4,1,0,1,0,18568,35.67391,0,0
SD,1995,46,7669,0.0206024,0.4,1,1,1,0,18724,35.82715,0,1
SD,1996,46,7817,0.0223871,0.47,1,1,1,0,20450,36.04702,0,1
SD,1997,46,7938,0.0186445,0.59,1,1,1,0,21076,36.14575,0,1
TN,1983,47,36261,0.0285982,,0,0,0,0,10005,34.62539,0,0
TN,1984,47,36523,0.0299811,,0,0,1,0,11123,34.8206,0,0
TN,1985,47,36258,0.0303657,,0,0,1,0,11872,35.03939,0,0
TN,1986,47,39521,0.0311227,,0,0,1,0,12624,35.22371,0,1
TN,1987,47,42126,0.0296017,,1,0,1,0,13483,35.41708,0,1
TN,1988,47,44193,0.0286471,,1,0,1,0,14482,35.51794,0,1
TN,1989,47,45639,0.0238393,,1,0,1,0,15438,35.65181,0,1
TN,1990,47,46710,0.025198,0.43,1,0,1,0,16309,35.85265,0,1
TN,1991,47,47267,0.0235471,0.51,1,0,1,0,16976,35.93281,0,1
TN,1992,47,49994,0.0230628,0.58,1,0,1,0,18256,36.0331,0,1
TN,1993,47,52112,0.0224516,0.5837,1,0,1,0,19139,36.10373,0,1
TN,1994,47,54524,0.0222654,0.6009,1,0,1,0,20088,36.17986,0,1
TN,1995,47,56214,0.0223966,0.6419,1,0,1,0,21109,36.29959,0,1
TN,1996,47,58435,0.021203,0.6331,1,0,1,0,21800,36.45208,0,1
TN,1997,47,60526,0.0202392,0.6067,1,0,1,0,22699,36.59624,0,1
TX,1983,48,131883,0.0289878,,0,0,0,0,12206,32.34233,0,0
TX,1984,48,137737,0.028402,,0,0,0,0,13227,32.41722,0,0
TX,1985,48,143263,0.0256731,,0,0,1,0,13980,32.48801,0,0
TX,1986,48,148348,0.0240448,,0,0,1,0,13972,32.54019,1,0
TX,1987,48,151186,0.0215628,,1,0,1,0,14267,32.67171,1,0
TX,1988,48,156458,0.0216799,,1,0,1,0,15118,32.81078,1,0
TX,1989,48,159512,0.0211269,,1,0,1,0,16110,33.02728,1,0
TX,1990,48,162232,0.020033,0.68,1,0,1,0,17290,33.23519,1,0
TX,1991,48,158756,0.0193882,0.68,1,0,1,0,17985,33.33799,1,0
TX,1992,48,163329,0.0187291,0.69,1,0,1,0,18886,33.46712,1,0
TX,1993,48,167611,0.0181551,0.69,1,0,1,0,19606,33.55479,1,0
TX,1994,48,178348,0.0178696,0.71,1,0,1,0,20312,33.63593,1,0
TX,1995,48,181096,0.0175763,0.72,1,1,1,0,21320,33.75755,1,0
TX,1996,48,185386,0.0201849,0.74,1,1,1,0,22345,33.84127,1,0
TX,1997,48,198700,0.0176799,0.75,1,1,1,0,23707,33.95248,1,0
UT,1983,49,11221,0.0252206,,0,0,1,1,9582,28.55428,0,0
UT,1984,49,11661,0.0270131,,0,0,1,1,10429,28.73572,0,0
UT,1985,49,12037,0.0251724,,0,0,1,1,11017,28.91511,0,0
UT,1986,49,12100,0.0258678,,0,0,1,1,11380,29.12307,0,1
UT,1987,49,12679,0.0234246,,1,0,1,1,11862,29.27322,0,1
UT,1988,49,13263,0.0223931,,1,0,1,1,12450,29.50711,0,1
UT,1989,49,13915,0.0217751,,1,0,1,1,13238,29.74526,0,1
UT,1990,49,14646,0.0185716,0.39,1,0,1,1,14214,30.12415,0,1
UT,1991,49,15391,0.0176077,0.45,1,0,1,1,14855,30.24854,0,1
UT,1992,49,16307,0.016496,0.5,1,0,1,1,15561,30.43184,0,1
UT,1993,49,17056,0.017765,0.5,1,0,1,1,16359,30.53959,0,1
UT,1994,49,18078,0.0189733,0.53,1,0,1,1,17004,30.74269,0,1
UT,1995,49,18781,0.0173047,0.56,1,1,1,1,18054,30.8919,0,1
UT,1996,49,19539,0.0164287,0.6,1,1,1,1,19214,30.95534,0,1
UT,1997,49,20444,0.0179026,0.63,1,1,1,1,20185,30.99706,0,1
VA,1983,51,42299,0.0213007,,0,0,0,0,12589,33.88288,0,0
VA,1984,51,44527,0.0227502,,0,0,0,0,13926,34.06588,0,0
VA,1985,51,47928,0.0203639,0.275,0,0,0,0,14906,34.21824,0,0
VA,1986,51,51726,0.0217685,0.347,0,0,1,0,15837,34.31181,0,0
VA,1987,51,54834,0.0186198,0.325,0,0,1,0,16884,34.39148,0,0
VA,1988,51,57453,0.0186587,0.631,1,0,1,0,18064,34.49996,0,1
VA,1989,51,59337,0.0169203,0.527,1,0,1,0,19244,34.59458,0,1
VA,1990,51,60178,0.0179301,0.544,1,0,1,0,20021,34.87753,0,1
VA,1991,51,61099,0.0155158,0.576,1,0,1,0,20498,34.98415,0,1
VA,1992,51,63447,0.0132236,0.716,1,0,1,0,21280,35.15879,0,1
VA,1993,51,64171,0.0136978,0.732,1,0,1,0,22133,35.33334,0,1
VA,1994,51,67609,0.0137556,0.7180001,1,0,1,1,23031,35.49961,0,1
VA,1995,51,69811,0.012892,0.702,1,0,1,1,23943,35.66931,0,1
VA,1996,51,71302,0.0122998,0.696,1,0,1,1,24950,35.85575,0,1
VA,1997,51,70320,0.0139932,0.671,1,0,1,1,26109,35.99415,0,1
VT,1983,50,4151,0.0226451,,0,0,0,0,10813,34.123,0,0
VT,1984,50,4403,0.0258914,,0,0,0,0,11857,34.24621,0,0
VT,1985,50,4688,0.0245307,0.181,0,0,0,0,12800,34.40294,0,0
VT,1986,50,4778,0.0228129,0.218,0,0,1,0,13675,34.53195,0,0
VT,1987,50,5039,0.0236158,,1,0,1,0,14750,34.66226,0,0
VT,1988,50,5553,0.0232307,0.302,1,0,1,0,15948,34.79412,0,0
VT,1989,50,5765,0.0201214,0.358,1,0,1,0,17215,34.91524,0,0
VT,1990,50,5838,0.0154162,0.393,1,0,1,1,17677,35.02246,0,0
VT,1991,50,5870,0.0187394,0.415,1,0,1,1,17899,35.13504,0,0
VT,1992,50,6019,0.0159495,0.466,1,0,1,1,18883,35.37164,0,0
VT,1993,50,5976,0.018407,0.538,1,0,1,1,19392,35.59477,0,0
VT,1994,50,6152,0.0125163,0.676,1,0,1,1,20196,35.81754,0,1
VT,1995,50,6206,0.0170802,0.672,1,0,1,1,21246,36.10446,0,1
VT,1996,50,6377,0.0137996,0.69,1,0,1,1,22179,36.43805,0,1
VT,1997,50,6466,0.0148469,0.709,1,0,1,1,23017,36.76796,0,1
WA,1983,53,36144,0.0193116,,0,0,1,0,12925,34.06854,0,0
WA,1984,53,34248,0.0217823,,0,0,1,0,13745,34.26583,0,0
WA,1985,53,34375,0.0216436,,0,0,1,0,14432,34.38945,0,0
WA,1986,53,35993,0.0195316,0.36,0,0,1,0,15243,34.54888,0,0
WA,1987,53,38520,0.0202492,0.515,1,0,1,0,15939,34.68306,0,1
WA,1988,53,41813,0.0186067,0.53,1,0,1,0,16884,34.78147,0,1
WA,1989,53,43233,0.0180649,0.55,1,0,1,0,18211,34.85495,0,1
WA,1990,53,44695,0.0184584,0.55,1,0,1,0,19605,34.81504,0,1
WA,1991,53,46449,0.0146828,0.675,1,0,1,0,20401,34.92194,0,1
WA,1992,53,49386,0.0131819,0.675,1,0,1,0,21436,35.03585,0,1
WA,1993,53,46135,0.0143275,0.71,1,0,1,0,22024,35.18124,0,1
WA,1994,53,47428,0.0134941,0.765,1,0,1,0,22687,35.32675,0,1
WA,1995,53,49250,0.0132589,0.8,1,1,1,0,23677,35.48203,0,1
WA,1996,53,49405,0.0144115,0.84,1,1,1,0,24958,35.6177,0,1
WA,1997,53,51044,0.0132043,0.82,1,1,1,0,26451,35.70707,0,1
WI,1983,55,34106,0.0212573,,0,0,0,0,11796,34.60905,0,0
WI,1984,55,35367,0.023242,,0,0,0,0,12941,34.76298,0,0
WI,1985,55,36679,0.0202841,,0,0,0,0,13586,34.90692,0,0
WI,1986,55,38428,0.019439,,0,0,1,0,14285,35.03377,0,0
WI,1987,55,40196,0.0198278,0.263,1,0,1,0,15017,35.18515,0,0
WI,1988,55,42458,0.019007,0.559,1,0,1,0,15806,35.30464,0,1
WI,1989,55,43086,0.0189621,,1,0,1,0,16827,35.39264,0,1
WI,1990,55,44277,0.0173679,0.52,1,0,1,0,17692,35.45774,0,1
WI,1991,55,45458,0.0175327,0.58,1,0,1,0,18237,35.54237,0,1
WI,1992,55,47628,0.0136894,0.59,1,0,1,0,19331,35.68454,0,1
WI,1993,55,49167,0.0145219,0.64,1,0,1,0,20009,35.83948,0,1
WI,1994,55,50273,0.0141627,0.64,1,0,1,0,21012,35.94729,0,1
WI,1995,55,51396,0.0144953,0.64,1,0,1,0,21960,36.11486,0,1
WI,1996,55,52782,0.0144178,0.61,1,0,1,0,22987,36.27374,0,1
WI,1997,55,54404,0.0133262,0.62,1,0,1,0,24048,36.37247,0,1
WV,1983,54,11696,0.0363372,,0,0,0,0,9417,35.21595,0,0
WV,1984,54,12671,0.0345671,,0,0,0,0,10158,35.4892,0,0
WV,1985,54,12664,0.0331649,,0,0,0,0,10643,35.80872,0,0
WV,1986,54,13181,0.0333814,,0,0,1,0,11169,36.0938,0,0
WV,1987,54,13742,0.0342745,,1,0,1,0,11632,36.43615,0,0
WV,1988,54,13884,0.0331317,,1,0,1,0,12399,36.76451,0,0
WV,1989,54,14940,0.0313253,,1,0,1,0,13149,37.09121,0,0
WV,1990,54,15418,0.0311973,0.43,1,0,1,0,14176,37.28148,0,0
WV,1991,54,16026,0.025833,0.43,1,0,1,0,14815,37.37655,0,0
WV,1992,54,16478,0.0254885,0.33,1,0,1,0,15679,37.53059,0,0
WV,1993,54,16778,0.0255692,0.55,1,0,1,0,16306,37.67301,0,1
WV,1994,54,17112,0.0208041,0.58,1,0,1,0,16948,37.83152,0,1
WV,1995,54,17421,0.0216405,0.58,1,0,1,0,17441,37.97182,0,1
WV,1996,54,17693,0.0196688,0.58,1,0,1,0,18116,38.20922,0,1
WV,1997,54,18324,0.0207924,0.58,1,0,1,0,18724,38.43575,0,1
WY,1983,56,5059,0.0341965,,0,0,0,0,12352,31.14064,0,0
WY,1984,56,5127,0.0306222,,0,0,0,0,12983,31.43332,0,0
WY,1985,56,5401,0.0281429,,0,0,0,0,13669,31.74665,0,0
WY,1986,56,5373,0.0312674,,0,0,0,0,13455,32.00455,0,0
WY,1987,56,5349,0.0241167,,1,0,0,0,13582,32.39462,0,0
WY,1988,56,5658,0.0273948,,1,0,1,0,14317,32.88244,0,0
WY,1989,56,5750,0.022087,,1,0,1,0,15535,33.30503,0,1
WY,1990,56,5833,0.0214298,0.26,1,0,1,0,17174,33.54692,0,1
WY,1991,56,5998,0.0203401,0.66,1,0,1,0,18348,33.71206,0,1
WY,1992,56,6217,0.0189802,0.66,1,0,1,0,18704,33.96467,0,1
WY,1993,56,6770,0.0177253,0.67,1,0,1,0,19535,34.21438,0,1
WY,1994,56,6689,0.0215279,0.7,1,0,1,0,19865,34.45578,0,1
WY,1995,56,7044,0.024134,0.71,1,1,1,0,20685,34.76661,0,1
WY,1996,56,7360,0.0194293,0.72,1,1,1,0,21524,35.07435,0,1
WY,1997,56,7576,0.0180834,0.75,1,1,1,0,22596,35.38646,0,1