resid,Female,watchnat,ReadNews,pnintst,Education,income,Voted,prop,infopro,WatchProgram,learnpro,TreatmentGroup,prop_dv,InformationLevel,prop_vote,white,partyid,PoliticalInterest
10026410,0,4,2,4,11,5,1,1,1,0,NA,1,0,4,1,1,1,4
10026470,0,6,7,4,9,2,1,1,2,1,2,1,0,3,1,1,2,4
10026540,1,7,7,4,11,3,1,1,2,1,1,1,0,3,1,1,7,4
10026550,1,6,7,4,11,7,1,1,2,1,3,1,0,3,1,1,1,4
10026560,0,6,7,3,11,9,1,1,1,0,NA,0,0,4,1,1,2,3
10026610,0,6,7,2,6,2,0,NA,1,0,NA,1,1,4,NA,1,2,2
10026650,0,7,7,4,12,NA,1,1,2,0,NA,1,0,3,1,0,7,4
10026680,1,1,6,3,12,6,1,2,3,0,NA,0,0,2,0,1,7,3
10026700,1,6,1,3,11,4,1,1,2,0,NA,0,0,3,1,1,6,3
10026770,0,6,6,3,11,6,1,1,3,0,NA,1,0,2,1,0,2,3
10026860,1,6,7,2,12,11,1,1,1,0,NA,0,0,4,1,1,2,2
10026960,0,7,7,4,11,10,1,1,1,0,NA,0,0,4,1,1,1,4
10026970,1,7,1,4,4,NA,1,1,2,0,NA,1,0,3,1,1,6,4
10027000,1,7,6,4,9,4,1,1,1,0,NA,0,0,4,1,1,2,4
10027070,1,7,7,3,7,3,1,1,2,0,NA,1,0,3,1,1,2,3
10027120,1,6,5,3,11,4,1,2,1,0,NA,0,0,4,0,1,3,3
10027130,0,7,6,3,11,7,1,1,2,1,4,1,0,3,1,1,2,3
10027350,1,7,5,3,8,6,1,1,2,0,NA,1,0,3,1,1,1,3
10027490,1,6,3,2,7,5,0,NA,2,0,NA,1,1,3,NA,0,7,2
10027530,1,7,1,2,2,1,0,NA,2,0,NA,1,1,3,NA,1,NA,2
10027580,1,7,7,4,2,3,1,1,1,0,NA,0,0,4,1,0,1,4
10027640,0,6,4,2,11,4,0,NA,2,0,NA,0,1,3,NA,1,2,2
10027690,0,5,7,3,12,11,1,1,1,1,3,1,0,4,1,1,7,3
10027810,1,6,1,2,11,3,0,NA,3,0,NA,1,1,2,NA,0,6,2
10027840,0,6,7,4,9,NA,1,1,1,0,NA,0,0,4,1,0,1,4
10027880,1,6,1,3,9,5,1,2,2,0,NA,0,0,3,0,0,2,3
10027960,1,1,7,3,6,6,1,1,1,0,NA,1,0,4,1,1,2,3
10028080,0,7,7,4,13,NA,1,1,1,1,2,1,0,4,1,1,1,4
10028110,1,2,7,3,11,8,1,1,1,0,NA,1,0,4,1,1,2,3
10028270,0,4,7,4,8,3,1,1,1,0,NA,1,0,4,1,1,2,4
10028320,0,6,2,2,4,4,1,1,3,0,NA,0,0,2,1,1,3,2
10028390,0,NA,6,NA,4,NA,1,1,3,1,2,1,0,2,1,0,1,NA
10028420,0,6,7,4,11,5,1,1,1,1,3,0,0,4,1,1,3,4
10028470,1,7,1,2,4,2,1,2,2,1,2,1,0,3,0,0,6,2
10028480,0,7,7,2,9,11,1,1,4,0,NA,0,0,1,1,0,5,2
10028500,0,7,7,4,9,8,1,1,2,0,NA,0,0,3,1,0,1,4
10028620,1,7,7,4,11,2,1,NA,1,0,NA,0,1,4,NA,1,7,4
10028640,0,7,5,3,11,7,1,1,3,1,3,0,0,2,1,0,3,3
10028750,0,7,6,4,4,5,1,1,1,0,NA,1,0,4,1,1,4,4
10028760,0,6,7,4,12,11,1,1,1,0,NA,1,0,4,1,1,1,4
10028850,1,6,1,3,11,6,1,1,2,0,NA,1,0,3,1,1,2,3
10028890,NA,6,5,3,11,3,1,1,2,0,NA,1,0,3,1,1,5,3
10028950,0,6,4,2,10,4,0,NA,2,0,NA,1,1,3,NA,1,6,2
10029120,0,7,7,4,12,6,1,2,2,1,2,1,0,3,0,1,5,4
10029330,0,6,7,4,12,NA,1,1,2,1,2,1,0,3,1,1,7,4
10029650,0,7,5,2,4,2,NA,NA,3,0,NA,0,1,2,NA,0,4,2
10029690,0,7,1,3,4,10,0,NA,2,0,NA,1,1,3,NA,1,3,3
10029760,1,7,7,4,9,NA,1,1,1,0,NA,0,0,4,1,1,1,4
01002986,1,7,6,3,4,6,1,1,1,0,NA,0,0,4,1,1,1,3
10030040,1,3,5,2,3,NA,1,1,3,0,NA,0,0,2,1,0,NA,2
10030130,0,7,7,4,11,3,1,1,1,0,NA,1,0,4,1,1,1,4
10030160,0,7,7,3,11,4,0,NA,3,0,NA,1,1,2,NA,0,NA,3
10030250,1,7,7,4,11,NA,1,1,1,1,2,1,0,4,1,1,2,4
10030300,1,6,6,3,11,5,1,1,2,0,NA,0,0,3,1,0,7,3
10030350,1,1,5,3,11,NA,1,1,2,1,2,1,0,3,1,1,1,3
10030510,0,7,7,3,11,3,1,1,3,0,NA,1,0,2,1,1,4,3
10030540,0,5,7,3,8,10,0,NA,3,0,NA,1,1,2,NA,1,1,3
10030850,1,7,2,2,8,NA,0,NA,2,0,NA,1,1,3,NA,0,5,2
10030900,1,6,2,3,4,4,0,NA,3,0,NA,0,1,2,NA,1,6,3
10030930,1,7,6,2,11,7,1,1,2,0,NA,1,0,3,1,1,2,2
10031000,1,6,5,3,7,5,1,1,2,0,NA,0,0,3,1,1,7,3
10031060,0,7,7,4,13,4,1,1,1,0,NA,0,0,4,1,1,7,4
10031220,0,7,7,4,11,11,1,1,3,0,NA,0,0,2,1,1,2,4
10031230,1,7,7,3,11,4,1,1,1,1,3,1,0,4,1,1,2,3
10031310,0,7,7,4,9,3,1,1,1,0,NA,1,0,4,1,1,5,4
10031340,0,4,4,2,6,6,1,1,2,0,NA,0,0,3,1,1,2,2
10031470,1,4,4,3,11,10,1,1,2,0,NA,1,0,3,1,1,2,3
10031570,0,7,5,4,9,NA,1,1,2,0,NA,1,0,3,1,0,5,4
10031580,0,7,6,4,9,7,1,1,4,0,NA,0,0,1,1,1,1,4
10031630,0,7,2,3,9,5,1,2,2,0,NA,1,0,3,0,1,3,3
10031670,1,7,6,4,11,11,1,1,1,1,2,1,0,4,1,1,2,4
10031690,0,7,6,2,4,4,1,1,2,0,NA,1,0,3,1,1,2,2
10031710,1,1,6,3,4,11,1,1,3,0,NA,1,0,2,1,0,2,3
561,0,7,6,3,11,3,1,1,2,0,NA,1,0,3,1,1,1,3
10031820,0,7,1,4,12,4,1,1,1,0,NA,0,0,4,1,1,2,4
10031830,1,7,1,3,4,1,0,NA,1,0,NA,1,1,4,NA,0,1,3
10031860,1,6,5,4,9,5,0,NA,2,0,NA,0,1,3,NA,1,1,4
10031900,1,4,5,2,10,2,1,1,2,0,NA,0,0,3,1,1,4,2
10031940,1,7,7,3,11,10,1,1,1,0,NA,0,0,4,1,1,3,3
10031970,1,6,5,3,4,2,1,2,3,1,3,1,0,2,0,0,6,3
10032040,0,6,5,3,12,6,1,1,1,0,NA,1,0,4,1,0,2,3
10032150,0,7,7,4,7,6,1,1,1,1,3,1,0,4,1,0,6,4
10032220,0,7,1,3,4,3,0,NA,1,0,NA,0,1,4,NA,0,5,3
10032230,0,7,7,4,12,4,1,2,3,1,2,1,0,2,0,1,6,4
10032280,0,5,5,1,1,NA,0,NA,2,0,NA,0,1,3,NA,1,5,1
10032290,1,7,5,4,11,10,1,1,1,0,NA,1,0,4,1,0,7,4
10032310,0,6,7,3,11,11,1,1,1,1,2,1,0,4,1,1,6,3
10032320,0,7,7,4,12,4,1,1,1,0,NA,0,0,4,1,1,6,4
619,1,6,6,2,4,9,0,NA,3,0,NA,1,1,2,NA,1,2,2
10032550,0,7,7,4,4,6,1,1,1,1,2,1,0,4,1,1,1,4
10032610,NA,7,6,4,11,4,1,1,1,0,NA,1,0,4,1,0,7,4
10032630,0,5,6,4,8,11,1,2,-2,0,NA,1,0,NA,0,1,2,4
10032640,1,7,7,4,9,3,1,1,2,0,NA,0,0,3,1,0,1,4
10032700,0,6,5,3,9,3,0,NA,3,0,NA,0,1,2,NA,0,5,3
10032760,0,7,6,3,4,3,0,NA,2,0,NA,0,1,3,NA,0,5,3
10032780,1,7,7,4,7,11,1,1,2,0,NA,0,0,3,1,1,2,4
10032820,1,7,7,3,9,NA,1,NA,1,0,NA,0,1,4,NA,0,NA,3
10032830,0,7,5,3,11,3,1,1,2,1,1,1,0,3,1,1,6,3
10032930,1,3,2,2,4,4,0,NA,2,1,1,1,1,3,NA,0,6,2
10033000,1,7,6,3,9,7,1,1,3,0,NA,0,0,2,1,1,2,3
695,0,7,7,4,9,4,1,1,1,0,NA,1,0,4,1,1,3,4
10033150,1,7,7,4,13,6,1,2,1,1,4,1,0,4,0,1,1,4
10033350,0,7,7,4,13,9,1,1,1,1,1,1,0,4,1,0,3,4
10033570,1,7,7,4,7,NA,1,1,1,0,NA,1,0,4,1,1,1,4
10033670,0,7,4,2,11,2,0,NA,2,0,NA,1,1,3,NA,1,4,2
10033680,0,7,6,2,11,11,0,NA,4,0,NA,0,1,1,NA,1,2,2
10033720,1,7,5,2,8,1,1,1,2,0,NA,0,0,3,1,1,6,2
10033800,1,7,7,4,7,NA,1,1,1,0,NA,0,0,4,1,0,1,4
10033830,1,1,6,1,11,NA,0,NA,1,0,NA,1,1,4,NA,1,2,1
10033840,1,7,5,3,8,6,1,1,2,0,NA,0,0,3,1,1,6,3
10033870,0,7,7,3,13,11,1,1,1,0,NA,1,0,4,1,1,4,3
10033880,0,5,6,3,9,7,1,1,2,0,NA,0,0,3,1,1,1,3
10034010,1,7,7,4,10,8,1,1,1,1,2,1,0,4,1,1,1,4
10034030,0,7,7,3,7,NA,1,1,1,1,3,1,0,4,1,1,4,3
10034110,1,7,5,3,4,6,1,2,1,0,NA,1,0,4,0,1,4,3
10034340,0,6,5,4,9,4,1,1,1,0,NA,0,0,4,1,1,4,4
10034360,0,7,5,3,8,4,1,1,3,0,NA,0,0,2,1,0,5,3
10034740,0,6,4,3,13,11,1,1,2,0,NA,0,0,3,1,1,NA,3
10034780,1,7,7,4,9,4,1,1,1,0,NA,0,0,4,1,1,3,4
10035040,1,7,6,4,11,3,1,2,1,0,NA,0,0,4,0,0,4,4
10035080,0,6,3,3,12,10,0,NA,1,0,NA,0,1,4,NA,0,1,3
10035140,0,7,7,3,12,1,1,1,1,0,NA,0,0,4,1,1,3,3
10035170,0,7,6,2,11,5,1,1,1,1,1,1,0,4,1,0,4,2
10035180,0,7,7,4,12,11,1,1,1,0,NA,0,0,4,1,1,2,4
10035260,1,7,4,3,8,1,1,1,2,0,NA,0,0,3,1,1,4,3
10035280,1,3,1,4,11,4,1,NA,4,0,NA,0,1,1,NA,1,4,4
10035380,0,7,1,2,4,4,1,1,2,0,NA,0,0,3,1,1,5,2
10035530,1,7,7,4,9,5,1,1,3,0,NA,1,0,2,1,0,1,4
10035660,0,6,4,3,9,5,1,1,2,0,NA,0,0,3,1,1,6,3
10035710,1,7,6,3,10,6,1,1,1,1,1,1,0,4,1,1,6,3
10035790,1,6,2,2,11,4,0,NA,-2,0,NA,1,1,NA,NA,1,5,2
10035800,1,7,5,2,11,1,1,1,3,0,NA,0,0,2,1,1,6,2
10035810,1,1,5,3,9,11,1,1,2,0,NA,1,0,3,1,1,2,3
10035840,0,6,1,4,7,7,1,1,2,0,NA,0,0,3,1,1,2,4
10035870,0,5,5,3,9,5,0,NA,3,0,NA,1,1,2,NA,0,7,3
10035970,1,7,3,4,10,3,1,1,1,1,2,1,0,4,1,1,1,4
10036060,0,7,7,4,12,6,1,1,1,0,NA,0,0,4,1,1,6,4
10036070,1,5,7,4,4,NA,1,2,3,0,NA,1,0,2,0,1,7,4
10036090,0,6,7,3,12,4,1,2,2,0,NA,1,0,3,0,1,1,3
10036100,0,2,5,4,11,1,1,1,3,0,NA,0,0,2,1,1,5,4
10036210,1,6,7,2,9,5,1,1,3,1,2,1,0,2,1,1,6,2
10036290,0,5,NA,3,11,6,1,1,1,1,2,1,0,4,1,1,3,3
10036320,1,7,7,2,11,5,1,1,2,0,NA,0,0,3,1,1,6,2
10036390,0,3,7,4,11,NA,1,1,1,1,3,1,0,4,1,1,4,4
10036590,0,7,7,4,11,11,1,1,1,1,4,1,0,4,1,1,1,4
10036600,0,6,5,3,9,11,0,NA,4,0,NA,0,1,1,NA,1,1,3
10036620,0,7,7,4,11,10,1,1,1,0,NA,0,0,4,1,1,1,4
10036630,0,6,1,2,4,4,1,1,2,0,NA,1,0,3,1,1,3,2
10036670,0,7,7,3,10,NA,1,1,2,0,NA,1,0,3,1,1,4,3
10036690,0,7,6,3,11,11,1,1,1,1,2,1,0,4,1,0,2,3
10036700,1,7,7,4,8,4,1,1,1,0,NA,0,0,4,1,1,1,4
10036800,1,6,3,3,2,4,1,1,2,1,3,0,0,3,1,0,7,3
10036840,1,7,2,2,1,3,0,NA,2,1,2,0,1,3,NA,0,7,2
10036930,1,6,7,4,11,8,1,1,2,1,2,1,0,3,1,1,NA,4
10036950,0,4,6,3,11,11,1,1,1,0,NA,1,0,4,1,1,3,3
10037010,0,7,7,4,9,7,1,1,1,1,3,1,0,4,1,1,5,4
10037130,1,7,5,3,12,3,1,1,1,1,4,1,0,4,1,1,7,3
10037170,0,7,7,3,12,11,1,1,2,0,NA,1,0,3,1,1,1,3
10037210,0,7,2,4,11,6,1,2,4,1,2,1,0,1,0,1,6,4
10037280,1,7,7,3,12,10,1,1,3,0,NA,0,0,2,1,1,3,3
10037420,1,7,5,3,9,11,1,1,2,0,NA,0,0,3,1,0,6,3
10037460,0,1,7,3,13,11,1,1,2,0,NA,0,0,3,1,1,7,3
10037500,0,7,7,4,4,4,1,2,1,0,NA,0,0,4,0,1,6,4
10037570,NA,7,7,4,8,3,1,1,1,0,NA,1,0,4,1,1,2,4
10037580,0,7,7,4,11,11,1,2,2,0,NA,0,0,3,0,1,2,4
10037640,1,7,7,3,NA,NA,1,2,1,0,NA,0,0,4,0,1,5,3
10037760,0,7,2,2,11,10,1,1,3,0,NA,0,0,2,1,0,2,2
10037770,NA,7,7,2,9,5,1,1,3,0,NA,1,0,2,1,1,2,2
10037830,0,7,7,3,11,11,1,1,2,1,4,1,0,3,1,0,2,3
10037900,0,6,6,4,11,2,1,1,3,0,NA,0,0,2,1,1,2,4
10037910,1,NA,1,3,13,8,1,1,2,0,NA,1,0,3,1,1,1,3
10037970,1,6,1,4,2,3,1,1,1,1,1,1,0,4,1,1,1,4
10037980,0,7,7,4,11,9,1,1,1,0,NA,0,0,4,1,1,3,4
10038020,1,6,3,4,7,3,1,1,2,0,NA,0,0,3,1,1,1,4
10038050,1,7,1,4,10,NA,1,1,1,1,4,1,0,4,1,1,4,4
10038080,0,5,7,4,6,NA,1,2,1,0,NA,0,0,4,0,1,7,4
10038120,0,7,7,2,11,4,1,1,2,0,NA,0,0,3,1,1,2,2
10038130,0,7,1,4,10,1,1,1,3,0,NA,1,0,2,1,0,7,4
10038140,0,6,5,3,13,NA,1,1,2,0,NA,0,0,3,1,1,4,3
10038170,1,6,1,3,9,8,1,1,4,0,NA,1,0,1,1,1,2,3
10038270,0,2,2,4,12,7,1,1,1,1,3,1,0,4,1,1,1,4
10038380,1,7,7,4,12,3,1,1,1,0,NA,0,0,4,1,1,1,4
10038430,0,NA,1,4,7,6,1,1,2,1,3,1,0,3,1,1,1,4
10038520,0,7,1,4,11,3,1,2,2,0,NA,0,0,3,0,1,5,4
10038530,0,7,7,4,11,8,1,1,1,1,2,1,0,4,1,1,1,4
10038590,1,6,7,4,4,6,1,1,1,0,NA,1,0,4,1,1,3,4
10038600,1,6,1,3,10,5,1,1,3,0,NA,0,0,2,1,0,7,3
10038640,1,7,7,1,9,5,1,2,2,0,NA,0,0,3,0,1,2,1
10038680,0,2,7,3,11,7,1,1,1,0,NA,0,0,4,1,1,2,3
10038730,NA,6,6,4,11,4,1,1,1,0,NA,1,0,4,1,1,1,4
10038770,1,7,6,3,11,11,1,1,2,1,2,1,0,3,1,1,1,3
10038820,0,7,7,4,12,11,1,1,1,0,NA,0,0,4,1,1,1,4
10038840,1,6,4,3,11,3,1,1,2,0,NA,0,0,3,1,1,4,3
10038850,1,7,7,4,11,NA,1,1,1,1,2,1,0,4,1,1,6,4
10038880,1,7,2,2,4,5,1,1,4,0,NA,0,0,1,1,1,2,2
10038900,0,7,7,4,11,5,1,1,1,1,1,1,0,4,1,1,2,4
10038930,1,7,7,3,11,11,0,NA,2,0,NA,1,1,3,NA,1,6,3
10039010,1,5,5,3,10,2,1,2,2,1,2,1,0,3,0,0,7,3
10039070,1,5,7,3,12,6,1,1,1,0,NA,1,0,4,1,1,2,3
10039110,1,1,1,4,5,6,1,1,1,1,2,1,0,4,1,1,3,4
10039140,1,5,6,3,11,3,1,1,1,0,NA,0,0,4,1,1,3,3
10039150,1,6,3,1,9,4,0,NA,1,1,2,1,1,4,NA,0,2,1
10039190,0,5,6,2,5,3,1,2,2,1,2,1,0,3,0,1,2,2
10039200,1,1,6,2,7,5,1,1,2,0,NA,0,0,3,1,1,1,2
10039210,1,4,1,1,4,2,0,NA,1,0,NA,1,1,4,NA,0,4,1
10039260,0,6,5,2,11,5,0,NA,2,0,NA,0,1,3,NA,1,5,2
10039280,0,6,7,4,11,6,1,1,1,0,NA,0,0,4,1,1,2,4
10039580,1,7,1,3,11,2,1,1,3,0,NA,0,0,2,1,1,3,3
10039590,0,4,4,2,7,6,1,1,2,1,2,1,0,3,1,1,6,2
10039640,1,6,7,3,12,11,1,1,1,0,NA,0,0,4,1,1,6,3
10039740,1,5,7,4,13,10,1,1,2,0,NA,0,0,3,1,0,1,4
10039750,1,6,1,3,6,4,1,1,1,1,2,1,0,4,1,0,2,3
10039820,1,7,5,3,11,5,1,1,2,0,NA,0,0,3,1,1,6,3
10039830,0,1,1,1,11,7,0,NA,-2,0,NA,1,1,NA,NA,1,2,1
10039840,0,6,7,4,13,9,1,1,2,0,NA,1,0,3,1,0,6,4
10039940,1,1,1,3,11,11,1,1,2,0,NA,0,0,3,1,0,6,3
10039970,0,6,6,3,12,9,0,NA,3,1,3,1,1,2,NA,0,6,3
10040000,1,5,7,3,NA,NA,1,1,1,0,NA,0,0,4,1,0,1,3
10040080,1,6,7,4,10,6,1,1,2,0,NA,0,0,3,1,1,7,4
10040100,0,7,5,3,9,6,1,1,1,0,NA,0,0,4,1,1,7,3
10040130,1,7,1,4,11,9,1,1,3,0,NA,1,0,2,1,0,4,4
10040240,0,7,1,2,9,7,0,NA,3,0,NA,0,1,2,NA,0,2,2
10040290,0,5,7,3,11,9,0,NA,1,1,2,1,1,4,NA,0,6,3
10040300,1,7,7,3,9,6,0,NA,3,0,NA,0,1,2,NA,1,NA,3
10040310,1,7,7,4,9,4,1,1,1,1,2,1,0,4,1,1,1,4
10040320,1,3,3,2,11,5,1,1,1,0,NA,0,0,4,1,1,6,2
10040360,0,7,6,3,9,2,1,1,1,0,NA,0,0,4,1,1,6,3
10040490,1,7,7,4,4,8,1,1,1,0,NA,1,0,4,1,1,2,4
10040510,1,6,6,3,9,11,1,1,2,1,2,1,0,3,1,0,7,3
10040530,0,7,7,3,11,10,NA,NA,-1,0,NA,1,1,NA,NA,1,6,3
10040540,1,6,5,3,9,8,0,NA,2,0,NA,0,1,3,NA,1,7,3
10040620,0,7,7,4,4,NA,1,NA,1,0,NA,0,1,4,NA,1,4,4
10040640,0,7,7,4,9,5,1,1,1,0,NA,0,0,4,1,1,5,4
10040820,0,6,1,4,9,5,0,NA,2,0,NA,0,1,3,NA,1,1,4
10040920,1,6,7,4,2,8,1,1,2,0,NA,0,0,3,1,1,6,4
10041050,1,7,3,4,11,6,1,2,2,1,2,1,0,3,0,0,6,4
10041160,0,7,7,4,11,5,1,2,1,0,NA,0,0,4,0,1,7,4
10041170,0,7,7,1,11,8,1,1,2,0,NA,1,0,3,1,1,NA,1
10041180,1,6,5,2,9,5,1,1,3,0,NA,0,0,2,1,1,2,2
10041190,1,5,7,4,9,6,1,1,2,1,4,1,0,3,1,1,1,4
10041240,1,7,7,3,5,4,1,1,1,0,NA,0,0,4,1,1,2,3
10041270,1,7,5,4,10,3,1,1,1,0,NA,1,0,4,1,1,1,4
10041320,0,6,6,2,7,5,1,1,1,0,NA,0,0,4,1,1,1,2
10041350,0,7,7,3,12,NA,1,1,1,0,NA,1,0,4,1,1,1,3
10041380,1,7,1,3,8,NA,0,NA,-2,0,NA,0,1,NA,NA,1,3,3
10041400,1,6,7,4,4,2,1,1,1,1,3,0,0,4,1,1,5,4
10041460,1,5,7,4,10,4,1,1,2,0,NA,0,0,3,1,1,1,4
10041490,1,7,7,3,11,1,1,1,1,1,2,1,0,4,1,1,6,3
10041680,0,6,7,3,11,9,1,2,2,0,NA,0,0,3,0,1,2,3
10041810,1,6,7,3,12,11,NA,NA,-2,0,NA,1,1,NA,NA,1,6,3
10041880,1,6,5,4,12,10,1,1,2,0,NA,0,0,3,1,1,2,4
10041910,0,4,3,3,11,2,0,NA,2,0,NA,1,1,3,NA,1,6,3
10041970,0,6,6,3,4,3,1,1,2,0,NA,1,0,3,1,1,5,3
10041990,1,7,7,4,11,3,0,NA,1,1,2,1,1,4,NA,1,1,4
10042000,0,6,7,4,12,11,1,1,1,0,NA,0,0,4,1,1,7,4
10042080,0,7,7,3,13,11,1,1,1,0,NA,1,0,4,1,1,2,3
10042170,1,7,7,4,11,9,1,1,1,1,3,1,0,4,1,1,6,4
10042210,0,7,7,4,13,11,1,1,2,1,4,1,0,3,1,1,1,4
10042220,0,6,1,3,7,5,1,NA,3,0,NA,0,1,2,NA,0,2,3
10042270,0,7,7,4,11,4,1,1,1,1,2,1,0,4,1,1,5,4
10042320,0,5,1,2,9,11,0,NA,4,0,NA,0,1,1,NA,1,5,2
10042410,0,7,5,3,9,3,0,NA,3,0,NA,1,1,2,NA,1,2,3
10042490,1,6,5,3,8,5,0,NA,3,0,NA,1,1,2,NA,1,2,3
10042500,1,5,5,3,4,3,0,NA,4,0,NA,0,1,1,NA,1,3,3
10042650,1,7,7,4,9,3,1,1,2,0,NA,1,0,3,1,1,1,4
10042840,0,5,7,4,11,7,1,1,1,0,NA,0,0,4,1,1,1,4
10042950,1,5,7,3,12,NA,1,1,1,1,2,1,0,4,1,1,6,3
10043130,0,1,5,2,9,4,0,NA,2,0,NA,1,1,3,NA,1,7,2
10043190,1,7,7,3,11,4,1,1,2,1,4,1,0,3,1,1,7,3
10043200,0,7,7,2,12,3,1,2,1,0,NA,0,0,4,0,0,2,2
10043210,NA,6,1,3,11,NA,1,2,3,0,NA,1,0,2,0,1,2,3
10043230,1,7,7,4,9,2,1,1,1,1,2,1,0,4,1,1,7,4
10043280,0,7,2,4,4,4,1,1,2,0,NA,0,0,3,1,1,1,4
10043300,1,7,7,4,11,7,1,1,1,0,NA,0,0,4,1,1,1,4
10043310,0,7,6,4,11,NA,1,1,1,0,NA,1,0,4,1,1,5,4
10043320,1,5,5,2,4,6,0,NA,3,0,NA,0,1,2,NA,1,6,2
10043360,0,NA,1,4,9,NA,1,1,1,0,NA,0,0,4,1,1,1,4
10043480,1,7,7,4,11,8,1,2,2,0,NA,0,0,3,0,1,1,4
10043630,0,7,7,4,11,3,1,1,2,1,2,1,0,3,1,1,6,4
10043730,1,3,7,4,9,NA,0,NA,3,0,NA,1,1,2,NA,0,NA,4
10043810,1,7,7,4,11,NA,1,1,1,1,3,1,0,4,1,1,1,4
10043840,0,6,6,4,11,3,0,NA,1,0,NA,0,1,4,NA,0,6,4
10043850,1,6,5,4,12,11,1,2,2,1,3,1,0,3,0,1,7,4
10043890,0,7,7,4,4,10,1,1,2,0,NA,1,0,3,1,1,1,4
10044130,0,6,7,3,11,8,1,1,1,1,2,1,0,4,1,1,5,3
10044140,1,7,7,3,11,4,1,1,2,0,NA,0,0,3,1,1,1,3
10044160,0,7,7,4,12,4,1,1,1,0,NA,0,0,4,1,1,NA,4
10044210,0,7,1,1,3,2,1,1,2,1,3,1,0,3,1,0,6,1
10044240,1,7,1,4,10,2,1,1,2,0,NA,0,0,3,1,1,2,4
10044310,0,6,6,4,11,2,1,1,1,1,3,1,0,4,1,1,6,4
10044770,1,6,7,4,12,4,1,NA,2,0,NA,1,1,3,NA,1,2,4
10044870,1,7,7,3,9,4,1,1,1,0,NA,1,0,4,1,1,7,3
10044880,1,7,6,2,10,4,1,1,2,0,NA,0,0,3,1,0,5,2
10044910,0,5,7,4,11,11,1,1,1,0,NA,1,0,4,1,1,1,4
10044920,0,6,5,4,11,NA,0,NA,1,0,NA,0,1,4,NA,0,NA,4
10044990,1,7,7,4,12,NA,1,1,1,1,3,1,0,4,1,1,3,4
10045040,0,6,5,3,4,4,1,1,2,0,NA,0,0,3,1,1,1,3
10045190,0,7,6,4,12,11,1,1,2,0,NA,0,0,3,1,1,3,4
10045310,1,5,6,4,11,3,1,1,2,0,NA,1,0,3,1,1,1,4
10045330,1,7,7,4,13,11,1,1,2,0,NA,1,0,3,1,1,7,4
10045370,0,6,7,4,9,4,1,1,1,1,3,1,0,4,1,1,2,4
10045430,1,6,7,4,11,11,1,1,1,1,4,1,0,4,1,1,1,4
10045440,0,7,7,4,11,1,1,1,4,0,NA,0,0,1,1,0,7,4
10045520,1,7,7,4,9,NA,1,1,1,0,NA,0,0,4,1,1,1,4
10045620,0,6,7,4,11,7,1,1,1,0,NA,0,0,4,1,1,6,4
10045650,0,6,7,2,8,4,1,2,1,1,3,1,0,4,0,0,2,2
10045730,0,6,7,3,13,8,1,1,1,0,NA,1,0,4,1,1,2,3
10045800,1,7,3,4,9,3,0,NA,3,0,NA,0,1,2,NA,1,6,4
10045810,1,2,7,4,13,NA,1,1,1,1,2,1,0,4,1,1,1,4
10045860,0,7,5,3,11,5,1,1,3,0,NA,0,0,2,1,0,6,3
10045970,0,6,7,3,11,8,1,1,2,1,2,1,0,3,1,1,1,3
10046000,0,7,6,3,8,4,1,1,1,0,NA,0,0,4,1,0,7,3
10046020,0,6,5,3,2,3,0,NA,2,0,NA,0,1,3,NA,0,6,3
10046050,NA,6,7,4,6,4,1,1,1,1,1,1,0,4,1,1,1,4
10046060,0,7,7,3,8,4,1,1,1,0,NA,0,0,4,1,1,2,3
10046240,1,5,6,4,11,4,1,1,2,0,NA,0,0,3,1,1,7,4
10046320,0,7,7,3,11,5,1,1,1,0,NA,0,0,4,1,1,1,3
10046360,0,6,7,4,11,6,1,1,1,0,NA,0,0,4,1,0,1,4
10046400,1,7,7,4,11,6,1,1,1,0,NA,0,0,4,1,1,1,4
10046470,1,7,7,4,9,3,1,1,1,0,NA,1,0,4,1,1,7,4
10046510,1,7,7,3,11,4,1,1,2,1,2,1,0,3,1,1,3,3
10046630,0,7,7,4,12,5,1,1,1,1,4,1,0,4,1,1,7,4
10046640,0,6,7,4,12,6,1,1,1,0,NA,0,0,4,1,1,7,4
10046710,1,3,4,4,11,1,1,1,2,0,NA,1,0,3,1,0,7,4
10046930,1,7,7,4,10,9,1,1,1,0,NA,1,0,4,1,1,1,4
10046960,0,6,6,3,13,7,NA,NA,2,0,NA,0,1,3,NA,0,2,3
10046980,1,7,6,3,11,1,1,1,1,0,NA,0,0,4,1,1,5,3
10047070,1,4,2,3,4,1,1,2,2,0,NA,1,0,3,0,0,6,3
10047100,0,2,1,2,4,5,1,1,2,0,NA,0,0,3,1,1,5,2
10047150,1,7,7,4,10,2,1,1,2,0,NA,1,0,3,1,1,1,4
10047190,1,7,6,2,11,7,1,1,1,1,2,1,0,4,1,1,2,2
10047230,1,6,6,4,9,10,1,1,1,1,3,1,0,4,1,1,1,4
10047250,1,7,5,3,9,4,1,1,2,1,2,1,0,3,1,1,1,3
10047270,1,4,1,1,9,5,0,NA,3,0,NA,1,1,2,NA,0,NA,1
10047380,1,7,6,4,11,10,1,1,2,0,NA,0,0,3,1,1,3,4
10047400,1,4,6,3,11,11,1,2,2,0,NA,0,0,3,0,1,2,3
10047440,0,6,7,4,12,8,1,1,1,0,NA,0,0,4,1,1,1,4
10047450,1,6,1,3,9,8,1,2,4,0,NA,1,0,1,0,1,1,3
10047520,0,6,6,3,4,3,0,NA,2,0,NA,0,1,3,NA,1,1,3
10047550,1,7,7,4,11,3,1,1,2,0,NA,1,0,3,1,1,2,4
10047620,1,7,1,2,4,2,0,NA,4,0,NA,0,1,1,NA,0,4,2
10047660,1,6,5,3,4,5,1,1,2,0,NA,0,0,3,1,1,2,3
10047680,1,7,1,3,4,NA,1,1,1,0,NA,0,0,4,1,1,2,3
10047780,1,6,4,2,8,6,0,NA,3,0,NA,0,1,2,NA,1,2,2
10047810,1,7,7,2,4,1,1,1,2,0,NA,1,0,3,1,1,2,2
10047880,0,7,7,4,6,4,1,1,1,0,NA,0,0,4,1,1,5,4
10047970,1,6,4,3,11,8,1,1,3,0,NA,1,0,2,1,1,2,3
10048020,1,7,7,4,12,3,1,2,2,0,NA,0,0,3,0,1,7,4
10048030,0,7,6,3,4,1,0,NA,2,0,NA,1,1,3,NA,0,5,3
10048040,1,6,7,4,8,NA,1,1,2,0,NA,0,0,3,1,1,7,4
10048050,0,6,7,4,11,11,1,1,1,1,1,1,0,4,1,1,6,4
10048070,0,6,7,4,11,NA,1,1,1,0,NA,1,0,4,1,1,1,4
10048110,0,7,7,4,11,11,1,1,1,1,3,1,0,4,1,1,3,4
10048140,1,7,7,4,11,10,1,1,2,0,NA,0,0,3,1,1,5,4
10048200,1,6,6,3,4,NA,1,2,1,0,NA,0,0,4,0,0,6,3
10048270,0,4,6,3,12,5,0,NA,1,1,1,1,1,4,NA,0,4,3
10048290,0,7,4,2,4,7,1,1,2,1,1,1,0,3,1,1,2,2
10048340,0,7,7,4,10,4,1,1,2,0,NA,0,0,3,1,1,2,4
10048420,0,6,7,4,12,9,1,1,1,0,NA,0,0,4,1,1,5,4
10048430,NA,6,6,2,11,4,1,1,2,1,2,1,0,3,1,0,3,2
10048550,1,5,7,4,11,9,1,1,1,1,3,1,0,4,1,1,7,4
10048690,0,7,7,4,8,6,1,1,2,1,1,1,0,3,1,1,1,4
10048720,1,7,7,3,11,6,1,1,2,0,NA,0,0,3,1,1,7,3
10048740,0,7,7,4,11,4,1,1,1,0,NA,0,0,4,1,1,1,4
10048770,0,7,5,3,11,4,0,NA,1,0,NA,1,1,4,NA,1,6,3
10048870,1,4,6,4,4,7,1,1,1,1,2,1,0,4,1,0,7,4
10048880,0,6,5,3,4,4,0,NA,-2,0,NA,0,1,NA,NA,0,NA,3
10048920,1,7,5,3,11,4,1,1,2,0,NA,0,0,3,1,0,6,3
10048940,1,7,6,3,11,6,0,NA,2,0,NA,0,1,3,NA,0,6,3
10048950,1,7,7,4,11,11,1,1,1,1,3,1,0,4,1,1,4,4
10049000,1,7,6,4,11,6,1,1,1,0,NA,0,0,4,1,1,2,4
10049030,1,7,3,4,4,3,1,1,1,0,NA,1,0,4,1,1,1,4
10049040,1,6,7,4,12,11,1,1,1,0,NA,0,0,4,1,0,7,4
10049050,0,7,7,3,13,8,1,1,1,0,NA,1,0,4,1,0,5,3
10049060,1,7,7,3,7,NA,1,2,1,0,NA,0,0,4,0,1,1,3
10049360,0,5,1,2,11,NA,1,1,2,1,-2,0,0,3,1,1,4,2
10049400,1,6,6,4,8,8,1,2,1,0,NA,0,0,4,0,1,1,4
10049440,0,7,7,4,9,6,1,1,1,0,NA,0,0,4,1,1,1,4
10049460,0,7,7,4,12,6,1,1,1,0,NA,0,0,4,1,0,1,4
10049470,0,4,7,4,4,6,0,NA,2,1,4,1,1,3,NA,1,1,4
10049520,1,7,7,3,4,3,0,NA,3,0,NA,0,1,2,NA,1,6,3
10049540,NA,6,7,3,8,6,1,1,2,0,NA,0,0,3,1,1,2,3
10049560,0,3,7,4,12,9,1,1,2,0,NA,0,0,3,1,1,3,4
10049650,1,6,7,3,11,10,1,1,2,0,NA,1,0,3,1,0,1,3
10049720,0,7,7,4,11,11,1,1,1,0,NA,0,0,4,1,0,7,4
10049780,0,7,7,4,11,10,1,1,1,0,NA,0,0,4,1,1,1,4
10049850,1,7,7,1,8,3,0,NA,1,1,3,1,1,4,NA,0,4,1
10049860,1,7,4,3,9,2,1,1,3,0,NA,0,0,2,1,1,1,3
10049880,1,6,6,3,10,NA,1,1,2,0,NA,0,0,3,1,0,2,3
10049960,1,7,5,4,6,6,0,NA,-2,0,NA,0,1,NA,NA,1,7,4
10050010,0,7,7,4,9,11,1,1,1,1,2,1,0,4,1,1,1,4
10050070,1,7,7,3,9,11,1,1,2,0,NA,1,0,3,1,1,6,3
10050130,0,6,7,4,4,5,0,NA,3,0,NA,1,1,2,NA,0,7,4
10050230,0,7,1,1,4,3,1,1,3,0,NA,1,0,2,1,1,5,1
10050250,1,6,7,3,4,2,1,1,3,1,3,1,0,2,1,0,6,3
10050330,1,7,1,1,4,3,0,NA,4,0,NA,1,1,1,NA,0,6,1
10050350,1,7,5,3,10,10,1,1,2,0,NA,1,0,3,1,1,2,3
10050390,1,7,7,4,12,8,1,1,2,0,NA,1,0,3,1,1,1,4
10050400,1,7,7,4,9,11,1,2,3,0,NA,0,0,2,0,1,1,4
10050440,1,7,5,3,4,NA,1,1,2,0,NA,0,0,3,1,1,5,3
10050480,1,7,5,4,9,7,0,NA,2,0,NA,0,1,3,NA,1,6,4
10050500,1,4,6,3,11,4,1,1,1,0,NA,0,0,4,1,1,7,3
10050670,1,6,6,3,11,4,1,2,2,1,2,1,0,3,0,1,1,3
10050720,1,7,7,4,12,7,1,1,2,0,NA,0,0,3,1,1,1,4
10050730,1,7,6,4,11,6,1,1,2,1,3,1,0,3,1,1,1,4
10050760,0,5,3,3,9,5,1,1,2,0,NA,0,0,3,1,1,2,3
10050820,1,7,7,3,4,8,1,1,1,0,NA,0,0,4,1,0,7,3
10050860,1,7,7,3,11,NA,1,1,2,0,NA,0,0,3,1,1,7,3
10050890,1,1,2,4,7,NA,1,1,2,0,NA,1,0,3,1,1,1,4
10050920,0,7,5,4,4,7,1,1,2,0,NA,0,0,3,1,1,1,4
10050940,1,7,2,4,9,4,1,1,3,0,NA,0,0,2,1,1,1,4
10051040,1,6,6,3,4,8,1,1,3,1,3,0,0,2,1,1,2,3
10051120,0,7,7,3,9,5,1,1,1,0,NA,0,0,4,1,1,7,3
10051140,0,7,NA,3,11,NA,0,NA,3,0,NA,0,1,2,NA,0,6,3
10051460,1,6,1,2,9,NA,0,NA,4,0,NA,0,1,1,NA,1,5,2
10051730,1,5,5,2,4,NA,1,2,2,0,NA,1,0,3,0,0,6,2
10051740,0,7,7,4,9,9,1,1,2,0,NA,0,0,3,1,1,1,4
10051800,1,6,7,4,11,6,1,1,1,1,2,1,0,4,1,1,2,4
10051850,1,3,7,3,8,NA,1,1,2,0,NA,1,0,3,1,1,2,3
10052020,1,6,1,1,8,3,NA,NA,3,0,NA,1,1,2,NA,0,2,1
10052040,0,7,6,3,11,11,1,1,1,1,3,1,0,4,1,1,3,3
10052120,1,7,5,3,11,11,1,1,1,0,NA,1,0,4,1,0,4,3
10052220,0,1,6,2,12,9,NA,NA,3,0,NA,1,1,2,NA,0,6,2
10052240,1,1,7,4,10,NA,1,1,1,0,NA,1,0,4,1,0,1,4
10052270,1,6,5,3,4,6,1,1,1,0,NA,1,0,4,1,1,3,3
10052410,0,7,5,2,6,5,1,1,2,1,1,1,0,3,1,1,1,2
10052430,1,4,6,2,10,10,NA,NA,4,0,NA,1,1,1,NA,1,5,2
10052480,1,6,6,4,12,6,1,1,2,0,NA,1,0,3,1,1,6,4
10052500,0,1,5,4,7,6,1,1,2,1,3,1,0,3,1,1,3,4
10052570,1,7,7,4,6,5,1,1,1,1,2,1,0,4,1,1,7,4
10052730,0,6,7,3,11,9,1,1,2,1,2,1,0,3,1,1,2,3
10052780,1,6,5,2,9,2,1,1,1,1,2,1,0,4,1,1,6,2
10052880,1,6,6,3,7,4,1,1,2,1,1,1,0,3,1,1,6,3
10052910,0,6,7,4,11,10,1,1,1,0,NA,1,0,4,1,1,2,4
10052930,0,7,7,4,11,NA,0,NA,3,0,NA,1,1,2,NA,1,1,4
10052950,0,6,7,4,11,4,1,1,1,1,1,1,0,4,1,1,1,4
10053090,0,7,2,3,11,1,1,2,4,0,NA,1,0,1,0,1,6,3
10053320,1,6,2,3,12,2,1,1,2,0,NA,1,0,3,1,1,2,3
10053350,0,6,3,3,8,3,1,1,1,1,3,1,0,4,1,1,3,3
10053490,1,6,7,4,11,7,1,1,2,0,NA,1,0,3,1,0,6,4
10053530,1,NA,1,3,8,4,0,NA,-3,0,NA,1,1,NA,NA,1,7,3
10053610,0,6,7,3,11,11,1,1,1,0,NA,1,0,4,1,1,1,3
10053680,1,7,7,3,4,4,0,NA,3,1,3,1,1,2,NA,1,1,3
10053720,0,7,7,3,4,7,1,1,1,0,NA,1,0,4,1,1,6,3
10053770,1,2,7,3,4,3,1,1,2,1,1,1,0,3,1,1,6,3
10053820,1,5,2,3,11,8,1,1,2,0,NA,1,0,3,1,1,2,3
10053900,1,7,7,4,13,11,1,1,2,0,NA,1,0,3,1,0,1,4
10053910,1,7,7,4,10,5,1,1,1,1,4,1,0,4,1,1,7,4
10053990,0,7,2,4,11,6,0,NA,1,1,1,1,1,4,NA,0,5,4
10054030,0,5,7,3,9,8,1,1,1,0,NA,1,0,4,1,1,1,3
10054190,1,6,6,3,7,6,1,1,1,0,NA,1,0,4,1,1,3,3
10054250,1,6,1,1,9,5,1,2,3,0,NA,1,0,2,0,1,4,1
10054270,1,6,7,4,11,3,1,1,2,0,NA,1,0,3,1,1,1,4
10054340,0,6,7,3,8,4,1,1,1,1,3,1,0,4,1,1,6,3
10054350,1,7,5,4,11,NA,1,NA,1,0,NA,1,1,4,NA,1,1,4
10054400,1,7,7,4,7,7,1,1,1,0,NA,1,0,4,1,1,2,4
10054510,0,6,6,3,9,6,0,NA,3,1,2,1,1,2,NA,0,5,3
10054630,0,7,7,4,12,11,1,1,1,0,NA,1,0,4,1,1,3,4
10054750,1,2,1,3,8,3,0,NA,2,0,NA,1,1,3,NA,0,NA,3
10055010,1,6,6,4,11,4,1,1,1,1,3,1,0,4,1,1,1,4
10055040,1,6,4,3,11,4,0,NA,3,1,1,1,1,2,NA,1,5,3
10055070,1,7,7,3,9,6,1,1,1,0,NA,1,0,4,1,1,4,3
10055140,1,1,7,2,5,1,NA,NA,3,0,NA,1,1,2,NA,1,4,2
10055190,1,7,7,4,8,8,1,1,2,0,NA,0,0,3,1,1,5,4
10055380,1,4,4,2,11,1,0,NA,4,0,NA,0,1,1,NA,1,2,2
10055410,1,6,5,4,11,11,1,1,1,0,NA,0,0,4,1,1,2,4
10055520,1,7,7,4,13,NA,1,1,2,0,NA,0,0,3,1,1,NA,4
10055530,1,7,7,4,11,3,1,1,1,0,NA,0,0,4,1,1,1,4
10055600,1,7,5,4,9,4,1,1,1,0,NA,0,0,4,1,1,3,4
10055670,1,7,7,3,11,9,1,1,1,1,2,0,0,4,1,1,2,3
10055700,1,7,7,4,12,10,1,1,1,0,NA,0,0,4,1,1,1,4
10055710,1,7,7,3,9,5,1,1,3,0,NA,0,0,2,1,1,7,3
10055840,0,7,6,3,11,3,0,NA,3,0,NA,0,1,2,NA,1,5,3
10055950,0,7,7,4,11,4,1,1,1,0,NA,0,0,4,1,1,2,4
10056150,1,7,7,4,11,9,1,1,2,0,NA,0,0,3,1,1,6,4
10056320,1,7,7,4,9,8,1,1,1,0,NA,0,0,4,1,1,7,4
10056330,0,7,7,4,11,NA,1,1,1,0,NA,0,0,4,1,1,6,4
10056340,1,7,5,3,10,3,1,1,3,1,2,0,0,2,1,0,2,3
10056350,1,6,6,3,7,3,1,1,1,0,NA,0,0,4,1,0,7,3
10056640,0,6,7,4,12,9,1,2,1,0,NA,0,0,4,0,1,3,4
10056820,0,7,7,4,9,6,0,NA,2,0,NA,0,1,3,NA,0,6,4
10056960,1,7,3,2,7,6,1,2,2,0,NA,0,0,3,0,0,2,2
10057030,1,1,7,4,13,4,1,1,1,0,NA,0,0,4,1,0,6,4
10057070,1,7,6,3,11,4,1,1,2,0,NA,0,0,3,1,1,5,3
10057120,1,7,1,2,4,5,1,1,4,0,NA,0,0,1,1,0,2,2
10057300,0,7,7,4,4,2,1,1,1,0,NA,0,0,4,1,0,6,4
10057380,1,6,6,3,8,2,1,1,1,0,NA,0,0,4,1,1,4,3
10057410,0,7,7,4,12,11,1,1,1,0,NA,0,0,4,1,0,2,4
10057470,1,7,6,4,9,NA,1,1,1,1,3,0,0,4,1,1,1,4
10057510,1,7,6,3,11,8,0,NA,3,0,NA,0,1,2,NA,1,2,3
10057620,0,7,7,4,9,7,1,1,1,0,NA,0,0,4,1,1,1,4
10057640,0,7,7,4,11,9,1,1,2,0,NA,0,0,3,1,1,6,4
10057790,0,7,5,4,4,2,1,1,2,0,NA,0,0,3,1,1,1,4
10057800,0,7,5,4,9,NA,1,1,2,0,NA,0,0,3,1,1,1,4
10057860,1,4,2,4,10,9,1,1,2,0,NA,0,0,3,1,1,6,4
10057920,1,7,7,4,7,5,1,1,1,0,NA,0,0,4,1,1,1,4
10057970,0,7,7,4,2,5,0,NA,2,0,NA,0,1,3,NA,0,1,4
10058040,1,7,7,3,9,6,1,1,2,1,1,0,0,3,1,0,6,3
10058060,1,7,7,4,11,3,1,1,1,0,NA,0,0,4,1,1,2,4
10058100,0,7,7,4,11,10,1,1,1,0,NA,0,0,4,1,1,4,4
10058110,0,6,7,4,11,NA,1,1,1,0,NA,0,0,4,1,0,5,4
10058140,1,6,7,3,11,NA,1,1,1,0,NA,0,0,4,1,1,1,3
10058160,1,6,7,4,12,7,1,1,1,0,NA,0,0,4,1,1,1,4
10058170,1,7,4,3,4,4,0,NA,1,0,NA,0,1,4,NA,0,7,3
10058230,0,6,4,3,4,11,1,1,2,0,NA,0,0,3,1,1,1,3
10058420,1,7,7,4,9,8,1,1,1,0,NA,0,0,4,1,1,6,4
10058530,1,4,6,3,4,4,1,1,1,0,NA,0,0,4,1,1,1,3
